embed,norm,train_n,fold,r2,check
BERT_base&Llama_3_8B,frequency_lund,753,1,0.7909167101352704,pass
BERT_base&Llama_3_8B,frequency_lund,753,2,0.850558647951315,pass
BERT_base&Llama_3_8B,frequency_lund,753,3,0.8526039855994925,pass
BERT_base&Llama_3_8B,frequency_lund,753,4,0.8456975145653868,pass
BERT_base&Llama_3_8B,frequency_lund,753,5,0.8724319616659678,pass
BERT_base&EEG_speech,frequency_lund,753,1,0.8282041685521073,pass
BERT_base&EEG_speech,frequency_lund,753,2,0.8480005688845001,pass
BERT_base&EEG_speech,frequency_lund,753,3,0.8487240028644922,pass
BERT_base&EEG_speech,frequency_lund,753,4,0.814215585029539,pass
BERT_base&EEG_speech,frequency_lund,753,5,0.8866512394966248,pass
Llama_3_8B&EEG_speech,frequency_lund,753,1,0.6037020998893132,pass
Llama_3_8B&EEG_speech,frequency_lund,753,2,0.7167901329297087,pass
Llama_3_8B&EEG_speech,frequency_lund,753,3,0.7764554176275802,pass
Llama_3_8B&EEG_speech,frequency_lund,753,4,0.7454054041312299,pass
Llama_3_8B&EEG_speech,frequency_lund,753,5,0.7382609318262705,pass
BERT_base&Llama_3_8B,frequency_kucera,740,1,0.73866841346892,pass
BERT_base&Llama_3_8B,frequency_kucera,740,2,0.7962943920016761,pass
BERT_base&Llama_3_8B,frequency_kucera,740,3,0.8198999996833618,pass
BERT_base&Llama_3_8B,frequency_kucera,740,4,0.7703466555902474,pass
BERT_base&Llama_3_8B,frequency_kucera,740,5,0.8343255047447593,pass
BERT_base&EEG_speech,frequency_kucera,740,1,0.8106927913853644,pass
BERT_base&EEG_speech,frequency_kucera,740,2,0.8061035004170022,pass
BERT_base&EEG_speech,frequency_kucera,740,3,0.8182888402108371,pass
BERT_base&EEG_speech,frequency_kucera,740,4,0.7279270711439324,pass
BERT_base&EEG_speech,frequency_kucera,740,5,0.8515033451281924,pass
Llama_3_8B&EEG_speech,frequency_kucera,740,1,0.5268512236778818,pass
Llama_3_8B&EEG_speech,frequency_kucera,740,2,0.687736897144401,pass
Llama_3_8B&EEG_speech,frequency_kucera,740,3,0.7020282736646202,pass
Llama_3_8B&EEG_speech,frequency_kucera,740,4,0.6681547985840985,pass
Llama_3_8B&EEG_speech,frequency_kucera,740,5,0.7087704477991577,pass
BERT_base&Llama_3_8B,frequency_subtlexus,757,1,0.7937377263317552,pass
BERT_base&Llama_3_8B,frequency_subtlexus,757,2,0.8512427414997156,pass
BERT_base&Llama_3_8B,frequency_subtlexus,757,3,0.8634989737328934,pass
BERT_base&Llama_3_8B,frequency_subtlexus,757,4,0.8438884856802392,pass
BERT_base&Llama_3_8B,frequency_subtlexus,757,5,0.839122721935973,pass
BERT_base&EEG_speech,frequency_subtlexus,757,1,0.8213691464421071,pass
BERT_base&EEG_speech,frequency_subtlexus,757,2,0.8530477756125898,pass
BERT_base&EEG_speech,frequency_subtlexus,757,3,0.8222277054931385,pass
BERT_base&EEG_speech,frequency_subtlexus,757,4,0.8084328183097242,pass
BERT_base&EEG_speech,frequency_subtlexus,757,5,0.8602034679531898,pass
Llama_3_8B&EEG_speech,frequency_subtlexus,757,1,0.608072280438396,pass
Llama_3_8B&EEG_speech,frequency_subtlexus,757,2,0.7315870487336442,pass
Llama_3_8B&EEG_speech,frequency_subtlexus,757,3,0.7958834277790936,pass
Llama_3_8B&EEG_speech,frequency_subtlexus,757,4,0.7342427285026596,pass
Llama_3_8B&EEG_speech,frequency_subtlexus,757,5,0.7319594938103738,pass
BERT_base&Llama_3_8B,frequency_subtlexuk,756,1,0.7418800081731559,pass
BERT_base&Llama_3_8B,frequency_subtlexuk,756,2,0.8073921390477056,pass
BERT_base&Llama_3_8B,frequency_subtlexuk,756,3,0.845731545327517,pass
BERT_base&Llama_3_8B,frequency_subtlexuk,756,4,0.794882997608244,pass
BERT_base&Llama_3_8B,frequency_subtlexuk,756,5,0.8428222748696206,pass
BERT_base&EEG_speech,frequency_subtlexuk,756,1,0.7627041359856817,pass
BERT_base&EEG_speech,frequency_subtlexuk,756,2,0.7938762819093192,pass
BERT_base&EEG_speech,frequency_subtlexuk,756,3,0.7972604529842715,pass
BERT_base&EEG_speech,frequency_subtlexuk,756,4,0.7849971365515859,pass
BERT_base&EEG_speech,frequency_subtlexuk,756,5,0.8537744715273028,pass
Llama_3_8B&EEG_speech,frequency_subtlexuk,756,1,0.5641070987826458,pass
Llama_3_8B&EEG_speech,frequency_subtlexuk,756,2,0.7038829361314547,pass
Llama_3_8B&EEG_speech,frequency_subtlexuk,756,3,0.776445847097352,pass
Llama_3_8B&EEG_speech,frequency_subtlexuk,756,4,0.6903170741002869,pass
Llama_3_8B&EEG_speech,frequency_subtlexuk,756,5,0.7426346068951941,pass
BERT_base&Llama_3_8B,frequency_blog_gimenes,757,1,0.8065807143902258,pass
BERT_base&Llama_3_8B,frequency_blog_gimenes,757,2,0.8519427418627901,pass
BERT_base&Llama_3_8B,frequency_blog_gimenes,757,3,0.8741803476761374,pass
BERT_base&Llama_3_8B,frequency_blog_gimenes,757,4,0.8452748949878179,pass
BERT_base&Llama_3_8B,frequency_blog_gimenes,757,5,0.8847105882875136,pass
BERT_base&EEG_speech,frequency_blog_gimenes,757,1,0.8397634770271024,pass
BERT_base&EEG_speech,frequency_blog_gimenes,757,2,0.861767708579871,pass
BERT_base&EEG_speech,frequency_blog_gimenes,757,3,0.8442081335689289,pass
BERT_base&EEG_speech,frequency_blog_gimenes,757,4,0.8197269742882273,pass
BERT_base&EEG_speech,frequency_blog_gimenes,757,5,0.8747654894765576,pass
Llama_3_8B&EEG_speech,frequency_blog_gimenes,757,1,0.5981288340981784,pass
Llama_3_8B&EEG_speech,frequency_blog_gimenes,757,2,0.7034195355752803,pass
Llama_3_8B&EEG_speech,frequency_blog_gimenes,757,3,0.7762110305024164,pass
Llama_3_8B&EEG_speech,frequency_blog_gimenes,757,4,0.7512666284775302,pass
Llama_3_8B&EEG_speech,frequency_blog_gimenes,757,5,0.7527203598359251,pass
BERT_base&Llama_3_8B,frequency_twitter_gimenes,757,1,0.7870658913628006,pass
BERT_base&Llama_3_8B,frequency_twitter_gimenes,757,2,0.843627929503554,pass
BERT_base&Llama_3_8B,frequency_twitter_gimenes,757,3,0.8598502596807089,pass
BERT_base&Llama_3_8B,frequency_twitter_gimenes,757,4,0.854134201404761,pass
BERT_base&Llama_3_8B,frequency_twitter_gimenes,757,5,0.844910209142655,pass
BERT_base&EEG_speech,frequency_twitter_gimenes,757,1,0.8114518793527797,pass
BERT_base&EEG_speech,frequency_twitter_gimenes,757,2,0.8536200414921902,pass
BERT_base&EEG_speech,frequency_twitter_gimenes,757,3,0.832629999974046,pass
BERT_base&EEG_speech,frequency_twitter_gimenes,757,4,0.8228256000450903,pass
BERT_base&EEG_speech,frequency_twitter_gimenes,757,5,0.8306169873588712,pass
Llama_3_8B&EEG_speech,frequency_twitter_gimenes,757,1,0.6026190286850561,pass
Llama_3_8B&EEG_speech,frequency_twitter_gimenes,757,2,0.7195860229475324,pass
Llama_3_8B&EEG_speech,frequency_twitter_gimenes,757,3,0.7847782225583814,pass
Llama_3_8B&EEG_speech,frequency_twitter_gimenes,757,4,0.7501044145674957,pass
Llama_3_8B&EEG_speech,frequency_twitter_gimenes,757,5,0.7413271437780068,pass
BERT_base&Llama_3_8B,frequency_news_gimenes,757,1,0.7831525928418583,pass
BERT_base&Llama_3_8B,frequency_news_gimenes,757,2,0.8469920196001417,pass
BERT_base&Llama_3_8B,frequency_news_gimenes,757,3,0.8310836850318433,pass
BERT_base&Llama_3_8B,frequency_news_gimenes,757,4,0.8254399540774949,pass
BERT_base&Llama_3_8B,frequency_news_gimenes,757,5,0.8567604764737783,pass
BERT_base&EEG_speech,frequency_news_gimenes,757,1,0.8271715312092706,pass
BERT_base&EEG_speech,frequency_news_gimenes,757,2,0.8434303371269265,pass
BERT_base&EEG_speech,frequency_news_gimenes,757,3,0.8428578199488963,pass
BERT_base&EEG_speech,frequency_news_gimenes,757,4,0.816029286099136,pass
BERT_base&EEG_speech,frequency_news_gimenes,757,5,0.873275144917618,pass
Llama_3_8B&EEG_speech,frequency_news_gimenes,757,1,0.5884104651020714,pass
Llama_3_8B&EEG_speech,frequency_news_gimenes,757,2,0.6962154092877904,pass
Llama_3_8B&EEG_speech,frequency_news_gimenes,757,3,0.7261531555450516,pass
Llama_3_8B&EEG_speech,frequency_news_gimenes,757,4,0.715778771926438,pass
Llama_3_8B&EEG_speech,frequency_news_gimenes,757,5,0.7360623052534189,pass
BERT_base&Llama_3_8B,frequency_written_cobuild,752,1,0.5843631872435628,pass
BERT_base&Llama_3_8B,frequency_written_cobuild,752,2,0.43014546977166424,pass
BERT_base&Llama_3_8B,frequency_written_cobuild,752,3,0.51462252004255,pass
BERT_base&Llama_3_8B,frequency_written_cobuild,752,4,0.4164102035635022,pass
BERT_base&Llama_3_8B,frequency_written_cobuild,752,5,0.5614235362084701,pass
BERT_base&EEG_speech,frequency_written_cobuild,752,1,0.5910378944013086,pass
BERT_base&EEG_speech,frequency_written_cobuild,752,2,0.3953530198090879,pass
BERT_base&EEG_speech,frequency_written_cobuild,752,3,0.4838212321828179,pass
BERT_base&EEG_speech,frequency_written_cobuild,752,4,0.4644254419027487,pass
BERT_base&EEG_speech,frequency_written_cobuild,752,5,0.5906436791885776,pass
Llama_3_8B&EEG_speech,frequency_written_cobuild,752,1,0.5130624606319543,pass
Llama_3_8B&EEG_speech,frequency_written_cobuild,752,2,0.38533350256737864,pass
Llama_3_8B&EEG_speech,frequency_written_cobuild,752,3,0.44686124000894323,pass
Llama_3_8B&EEG_speech,frequency_written_cobuild,752,4,0.3504191787900207,pass
Llama_3_8B&EEG_speech,frequency_written_cobuild,752,5,0.4598502174780956,pass
BERT_base&Llama_3_8B,frequency_spoken_cobuild,752,1,0.634142272312422,pass
BERT_base&Llama_3_8B,frequency_spoken_cobuild,752,2,0.5611139350730225,pass
BERT_base&Llama_3_8B,frequency_spoken_cobuild,752,3,0.5738217524489828,pass
BERT_base&Llama_3_8B,frequency_spoken_cobuild,752,4,0.564485177134775,pass
BERT_base&Llama_3_8B,frequency_spoken_cobuild,752,5,0.6083134752843935,pass
BERT_base&EEG_speech,frequency_spoken_cobuild,752,1,0.6542434711925671,pass
BERT_base&EEG_speech,frequency_spoken_cobuild,752,2,0.5460860748050256,pass
BERT_base&EEG_speech,frequency_spoken_cobuild,752,3,0.5241954452980048,pass
BERT_base&EEG_speech,frequency_spoken_cobuild,752,4,0.6073971225428495,pass
BERT_base&EEG_speech,frequency_spoken_cobuild,752,5,0.6645717113846091,pass
Llama_3_8B&EEG_speech,frequency_spoken_cobuild,752,1,0.5632317039282888,pass
Llama_3_8B&EEG_speech,frequency_spoken_cobuild,752,2,0.49950618963169646,pass
Llama_3_8B&EEG_speech,frequency_spoken_cobuild,752,3,0.5112159441563139,pass
Llama_3_8B&EEG_speech,frequency_spoken_cobuild,752,4,0.479886716773404,pass
Llama_3_8B&EEG_speech,frequency_spoken_cobuild,752,5,0.5065621368452715,pass
BERT_base&Llama_3_8B,context_diversity_subtlexus,757,1,0.7789802119222334,pass
BERT_base&Llama_3_8B,context_diversity_subtlexus,757,2,0.8201514648392625,pass
BERT_base&Llama_3_8B,context_diversity_subtlexus,757,3,0.8428601640288786,pass
BERT_base&Llama_3_8B,context_diversity_subtlexus,757,4,0.8166469735201765,pass
BERT_base&Llama_3_8B,context_diversity_subtlexus,757,5,0.8091531010240107,pass
BERT_base&EEG_speech,context_diversity_subtlexus,757,1,0.8132170984262295,pass
BERT_base&EEG_speech,context_diversity_subtlexus,757,2,0.8154714828474687,pass
BERT_base&EEG_speech,context_diversity_subtlexus,757,3,0.7783903692294497,pass
BERT_base&EEG_speech,context_diversity_subtlexus,757,4,0.7767786360696115,pass
BERT_base&EEG_speech,context_diversity_subtlexus,757,5,0.7886989195183121,pass
Llama_3_8B&EEG_speech,context_diversity_subtlexus,757,1,0.6558745634628333,pass
Llama_3_8B&EEG_speech,context_diversity_subtlexus,757,2,0.7144169691437943,pass
Llama_3_8B&EEG_speech,context_diversity_subtlexus,757,3,0.8055698097191742,pass
Llama_3_8B&EEG_speech,context_diversity_subtlexus,757,4,0.7257510339418143,pass
Llama_3_8B&EEG_speech,context_diversity_subtlexus,757,5,0.7114002630927061,pass
BERT_base&Llama_3_8B,context_diversity_subtlexuk,756,1,0.765859830145422,pass
BERT_base&Llama_3_8B,context_diversity_subtlexuk,756,2,0.7732915161682461,pass
BERT_base&Llama_3_8B,context_diversity_subtlexuk,756,3,0.8493213895352631,pass
BERT_base&Llama_3_8B,context_diversity_subtlexuk,756,4,0.7914075507099038,pass
BERT_base&Llama_3_8B,context_diversity_subtlexuk,756,5,0.8443446304313733,pass
BERT_base&EEG_speech,context_diversity_subtlexuk,756,1,0.7599230028134956,pass
BERT_base&EEG_speech,context_diversity_subtlexuk,756,2,0.7538855401829204,pass
BERT_base&EEG_speech,context_diversity_subtlexuk,756,3,0.7780300907313255,pass
BERT_base&EEG_speech,context_diversity_subtlexuk,756,4,0.7777224607135992,pass
BERT_base&EEG_speech,context_diversity_subtlexuk,756,5,0.828757327617254,pass
Llama_3_8B&EEG_speech,context_diversity_subtlexuk,756,1,0.6379964086232213,pass
Llama_3_8B&EEG_speech,context_diversity_subtlexuk,756,2,0.692589348862268,pass
Llama_3_8B&EEG_speech,context_diversity_subtlexuk,756,3,0.8113875960888698,pass
Llama_3_8B&EEG_speech,context_diversity_subtlexuk,756,4,0.6960078829323486,pass
Llama_3_8B&EEG_speech,context_diversity_subtlexuk,756,5,0.7656683042718373,pass
BERT_base&Llama_3_8B,context_diversity_blog_gimenes,757,1,0.8245107456668477,pass
BERT_base&Llama_3_8B,context_diversity_blog_gimenes,757,2,0.8675653066877012,pass
BERT_base&Llama_3_8B,context_diversity_blog_gimenes,757,3,0.8794598468536463,pass
BERT_base&Llama_3_8B,context_diversity_blog_gimenes,757,4,0.854157200554556,pass
BERT_base&Llama_3_8B,context_diversity_blog_gimenes,757,5,0.8920021893113914,pass
BERT_base&EEG_speech,context_diversity_blog_gimenes,757,1,0.8501179979008763,pass
BERT_base&EEG_speech,context_diversity_blog_gimenes,757,2,0.8647877820061829,pass
BERT_base&EEG_speech,context_diversity_blog_gimenes,757,3,0.8488516732035565,pass
BERT_base&EEG_speech,context_diversity_blog_gimenes,757,4,0.8254843995315635,pass
BERT_base&EEG_speech,context_diversity_blog_gimenes,757,5,0.881681688895448,pass
Llama_3_8B&EEG_speech,context_diversity_blog_gimenes,757,1,0.6291958084936502,pass
Llama_3_8B&EEG_speech,context_diversity_blog_gimenes,757,2,0.7131568633954045,pass
Llama_3_8B&EEG_speech,context_diversity_blog_gimenes,757,3,0.7888079233513927,pass
Llama_3_8B&EEG_speech,context_diversity_blog_gimenes,757,4,0.7598978931993103,pass
Llama_3_8B&EEG_speech,context_diversity_blog_gimenes,757,5,0.7653677793800154,pass
BERT_base&Llama_3_8B,context_diversity_twitter_gimenes,757,1,0.7882815606467029,pass
BERT_base&Llama_3_8B,context_diversity_twitter_gimenes,757,2,0.8440422656938408,pass
BERT_base&Llama_3_8B,context_diversity_twitter_gimenes,757,3,0.8601163675405279,pass
BERT_base&Llama_3_8B,context_diversity_twitter_gimenes,757,4,0.8548308150962539,pass
BERT_base&Llama_3_8B,context_diversity_twitter_gimenes,757,5,0.8463026514309697,pass
BERT_base&EEG_speech,context_diversity_twitter_gimenes,757,1,0.812942482802246,pass
BERT_base&EEG_speech,context_diversity_twitter_gimenes,757,2,0.8541328586172048,pass
BERT_base&EEG_speech,context_diversity_twitter_gimenes,757,3,0.8333965577627371,pass
BERT_base&EEG_speech,context_diversity_twitter_gimenes,757,4,0.8228581163033003,pass
BERT_base&EEG_speech,context_diversity_twitter_gimenes,757,5,0.8322033250919307,pass
Llama_3_8B&EEG_speech,context_diversity_twitter_gimenes,757,1,0.6059849686673797,pass
Llama_3_8B&EEG_speech,context_diversity_twitter_gimenes,757,2,0.7213625556936807,pass
Llama_3_8B&EEG_speech,context_diversity_twitter_gimenes,757,3,0.7861150838237607,pass
Llama_3_8B&EEG_speech,context_diversity_twitter_gimenes,757,4,0.7517881979053191,pass
Llama_3_8B&EEG_speech,context_diversity_twitter_gimenes,757,5,0.7434245491640129,pass
BERT_base&Llama_3_8B,context_diversity_news_gimenes,757,1,0.7942036992286117,pass
BERT_base&Llama_3_8B,context_diversity_news_gimenes,757,2,0.8468265164191593,pass
BERT_base&Llama_3_8B,context_diversity_news_gimenes,757,3,0.8360407387810411,pass
BERT_base&Llama_3_8B,context_diversity_news_gimenes,757,4,0.8314663340681165,pass
BERT_base&Llama_3_8B,context_diversity_news_gimenes,757,5,0.8628313684351194,pass
BERT_base&EEG_speech,context_diversity_news_gimenes,757,1,0.8326396905434716,pass
BERT_base&EEG_speech,context_diversity_news_gimenes,757,2,0.8452040744404701,pass
BERT_base&EEG_speech,context_diversity_news_gimenes,757,3,0.8461555440845394,pass
BERT_base&EEG_speech,context_diversity_news_gimenes,757,4,0.819714130096187,pass
BERT_base&EEG_speech,context_diversity_news_gimenes,757,5,0.8778726473540713,pass
Llama_3_8B&EEG_speech,context_diversity_news_gimenes,757,1,0.6081946697936718,pass
Llama_3_8B&EEG_speech,context_diversity_news_gimenes,757,2,0.6996107862753433,pass
Llama_3_8B&EEG_speech,context_diversity_news_gimenes,757,3,0.7353670724218846,pass
Llama_3_8B&EEG_speech,context_diversity_news_gimenes,757,4,0.7211708901991953,pass
Llama_3_8B&EEG_speech,context_diversity_news_gimenes,757,5,0.7457642352407639,pass
BERT_base&Llama_3_8B,familiarity_glasgow,402,1,0.5724807311184458,pass
BERT_base&Llama_3_8B,familiarity_glasgow,402,2,0.5101420187198679,pass
BERT_base&Llama_3_8B,familiarity_glasgow,402,3,0.5029669961512139,pass
BERT_base&Llama_3_8B,familiarity_glasgow,402,4,0.5286107974369791,pass
BERT_base&Llama_3_8B,familiarity_glasgow,402,5,0.5039688982699444,pass
BERT_base&EEG_speech,familiarity_glasgow,402,1,0.49232148517828767,pass
BERT_base&EEG_speech,familiarity_glasgow,402,2,0.4985731838669133,pass
BERT_base&EEG_speech,familiarity_glasgow,402,3,0.4534836299968339,pass
BERT_base&EEG_speech,familiarity_glasgow,402,4,0.518245836825443,pass
BERT_base&EEG_speech,familiarity_glasgow,402,5,0.43557826728784776,pass
Llama_3_8B&EEG_speech,familiarity_glasgow,402,1,0.5089445579822272,pass
Llama_3_8B&EEG_speech,familiarity_glasgow,402,2,0.45755465110374716,pass
Llama_3_8B&EEG_speech,familiarity_glasgow,402,3,0.46084155329978904,pass
Llama_3_8B&EEG_speech,familiarity_glasgow,402,4,0.4984685639095029,pass
Llama_3_8B&EEG_speech,familiarity_glasgow,402,5,0.502378601110613,pass
BERT_base&Llama_3_8B,familiarity_brysbaert,752,1,-0.06091745308797769,pass
BERT_base&Llama_3_8B,familiarity_brysbaert,752,2,0.02444526102358402,pass
BERT_base&Llama_3_8B,familiarity_brysbaert,752,3,0.01600004967537405,pass
BERT_base&Llama_3_8B,familiarity_brysbaert,752,4,-0.01326638304076977,pass
BERT_base&Llama_3_8B,familiarity_brysbaert,752,5,0.017142021008885955,pass
BERT_base&EEG_speech,familiarity_brysbaert,752,1,-0.015976832357265547,pass
BERT_base&EEG_speech,familiarity_brysbaert,752,2,0.014702479538787117,pass
BERT_base&EEG_speech,familiarity_brysbaert,752,3,0.019494982174308118,pass
BERT_base&EEG_speech,familiarity_brysbaert,752,4,-0.0734866763362283,pass
BERT_base&EEG_speech,familiarity_brysbaert,752,5,-0.007476894755331864,pass
Llama_3_8B&EEG_speech,familiarity_brysbaert,752,1,-0.05141451747576009,pass
Llama_3_8B&EEG_speech,familiarity_brysbaert,752,2,0.02335242843998797,pass
Llama_3_8B&EEG_speech,familiarity_brysbaert,752,3,0.012540226964642298,pass
Llama_3_8B&EEG_speech,familiarity_brysbaert,752,4,-0.019248261969080582,pass
Llama_3_8B&EEG_speech,familiarity_brysbaert,752,5,0.012893053898413442,pass
BERT_base&Llama_3_8B,prevalence_brysbaert,753,1,0.1286139126141953,pass
BERT_base&Llama_3_8B,prevalence_brysbaert,753,2,0.19969729717962037,pass
BERT_base&Llama_3_8B,prevalence_brysbaert,753,3,0.24968185245545682,pass
BERT_base&Llama_3_8B,prevalence_brysbaert,753,4,0.2307559259162636,pass
BERT_base&Llama_3_8B,prevalence_brysbaert,753,5,0.22211535605841826,pass
BERT_base&EEG_speech,prevalence_brysbaert,753,1,0.009753843755417213,pass
BERT_base&EEG_speech,prevalence_brysbaert,753,2,0.03681407278408044,pass
BERT_base&EEG_speech,prevalence_brysbaert,753,3,0.13258519696529825,pass
BERT_base&EEG_speech,prevalence_brysbaert,753,4,0.13826952421495942,pass
BERT_base&EEG_speech,prevalence_brysbaert,753,5,0.17949460472721912,pass
Llama_3_8B&EEG_speech,prevalence_brysbaert,753,1,0.14674100534246326,pass
Llama_3_8B&EEG_speech,prevalence_brysbaert,753,2,0.20583766775030565,pass
Llama_3_8B&EEG_speech,prevalence_brysbaert,753,3,0.24073354788107282,pass
Llama_3_8B&EEG_speech,prevalence_brysbaert,753,4,0.20931142060260965,pass
Llama_3_8B&EEG_speech,prevalence_brysbaert,753,5,0.20646319525208445,pass
BERT_base&Llama_3_8B,aoa_kuperman,692,1,0.6026023291594551,pass
BERT_base&Llama_3_8B,aoa_kuperman,692,2,0.6428444017976656,pass
BERT_base&Llama_3_8B,aoa_kuperman,692,3,0.6049535563366212,pass
BERT_base&Llama_3_8B,aoa_kuperman,692,4,0.5910928471105635,pass
BERT_base&Llama_3_8B,aoa_kuperman,692,5,0.6211780001750938,pass
BERT_base&EEG_speech,aoa_kuperman,692,1,0.6025029476883144,pass
BERT_base&EEG_speech,aoa_kuperman,692,2,0.5937215042985782,pass
BERT_base&EEG_speech,aoa_kuperman,692,3,0.5559946123568079,pass
BERT_base&EEG_speech,aoa_kuperman,692,4,0.5359799481288197,pass
BERT_base&EEG_speech,aoa_kuperman,692,5,0.6344003335012983,pass
Llama_3_8B&EEG_speech,aoa_kuperman,692,1,0.5047803764536323,pass
Llama_3_8B&EEG_speech,aoa_kuperman,692,2,0.5925242107225489,pass
Llama_3_8B&EEG_speech,aoa_kuperman,692,3,0.5883603299891198,pass
Llama_3_8B&EEG_speech,aoa_kuperman,692,4,0.5441984620170364,pass
Llama_3_8B&EEG_speech,aoa_kuperman,692,5,0.5622051071273839,pass
BERT_base&Llama_3_8B,aoa_brysbaert,667,1,0.5846204275568514,pass
BERT_base&Llama_3_8B,aoa_brysbaert,667,2,0.6399217825060484,pass
BERT_base&Llama_3_8B,aoa_brysbaert,667,3,0.6352079348690143,pass
BERT_base&Llama_3_8B,aoa_brysbaert,667,4,0.6474083803871596,pass
BERT_base&Llama_3_8B,aoa_brysbaert,667,5,0.6553897525477391,pass
BERT_base&EEG_speech,aoa_brysbaert,667,1,0.6203898461687236,pass
BERT_base&EEG_speech,aoa_brysbaert,667,2,0.6236162249428165,pass
BERT_base&EEG_speech,aoa_brysbaert,667,3,0.5827372557495282,pass
BERT_base&EEG_speech,aoa_brysbaert,667,4,0.5755926731239753,pass
BERT_base&EEG_speech,aoa_brysbaert,667,5,0.6088998362657527,pass
Llama_3_8B&EEG_speech,aoa_brysbaert,667,1,0.46399573929854454,pass
Llama_3_8B&EEG_speech,aoa_brysbaert,667,2,0.5870117375930293,pass
Llama_3_8B&EEG_speech,aoa_brysbaert,667,3,0.5822583843152225,pass
Llama_3_8B&EEG_speech,aoa_brysbaert,667,4,0.6074817861946045,pass
Llama_3_8B&EEG_speech,aoa_brysbaert,667,5,0.6076968665574141,pass
BERT_base&Llama_3_8B,aoa_glasgow,402,1,0.5510987453452122,pass
BERT_base&Llama_3_8B,aoa_glasgow,402,2,0.5361791544956588,pass
BERT_base&Llama_3_8B,aoa_glasgow,402,3,0.42789883597989264,pass
BERT_base&Llama_3_8B,aoa_glasgow,402,4,0.5022386067521117,pass
BERT_base&Llama_3_8B,aoa_glasgow,402,5,0.5681988788747269,pass
BERT_base&EEG_speech,aoa_glasgow,402,1,0.5361656964041652,pass
BERT_base&EEG_speech,aoa_glasgow,402,2,0.5000359758074508,pass
BERT_base&EEG_speech,aoa_glasgow,402,3,0.3617087357741403,pass
BERT_base&EEG_speech,aoa_glasgow,402,4,0.4473388990863668,pass
BERT_base&EEG_speech,aoa_glasgow,402,5,0.4822602531784792,pass
Llama_3_8B&EEG_speech,aoa_glasgow,402,1,0.48024318730355076,pass
Llama_3_8B&EEG_speech,aoa_glasgow,402,2,0.48988575467497675,pass
Llama_3_8B&EEG_speech,aoa_glasgow,402,3,0.4470634957874241,pass
Llama_3_8B&EEG_speech,aoa_glasgow,402,4,0.4630506927382452,pass
Llama_3_8B&EEG_speech,aoa_glasgow,402,5,0.5453278172441185,pass
BERT_base&Llama_3_8B,frequency_trajectory_brysbaert,745,1,0.6358337042098605,pass
BERT_base&Llama_3_8B,frequency_trajectory_brysbaert,745,2,0.72478006665119,pass
BERT_base&Llama_3_8B,frequency_trajectory_brysbaert,745,3,0.6933712227439157,pass
BERT_base&Llama_3_8B,frequency_trajectory_brysbaert,745,4,0.6871324317403006,pass
BERT_base&Llama_3_8B,frequency_trajectory_brysbaert,745,5,0.7269710087868904,pass
BERT_base&EEG_speech,frequency_trajectory_brysbaert,745,1,0.6553275562451486,pass
BERT_base&EEG_speech,frequency_trajectory_brysbaert,745,2,0.6804150358469228,pass
BERT_base&EEG_speech,frequency_trajectory_brysbaert,745,3,0.636181187684774,pass
BERT_base&EEG_speech,frequency_trajectory_brysbaert,745,4,0.6971003626403318,pass
BERT_base&EEG_speech,frequency_trajectory_brysbaert,745,5,0.6959663495786366,pass
Llama_3_8B&EEG_speech,frequency_trajectory_brysbaert,745,1,0.6366282290603428,pass
Llama_3_8B&EEG_speech,frequency_trajectory_brysbaert,745,2,0.7025936410909914,pass
Llama_3_8B&EEG_speech,frequency_trajectory_brysbaert,745,3,0.6788699544849186,pass
Llama_3_8B&EEG_speech,frequency_trajectory_brysbaert,745,4,0.6690159041326857,pass
Llama_3_8B&EEG_speech,frequency_trajectory_brysbaert,745,5,0.70427826958233,pass
BERT_base&Llama_3_8B,pos_brysbaert,664,1,0.4662139299326832,pass
BERT_base&Llama_3_8B,pos_brysbaert,664,2,0.771957858060748,pass
BERT_base&Llama_3_8B,pos_brysbaert,664,3,0.5265634264831464,pass
BERT_base&Llama_3_8B,pos_brysbaert,664,4,0.5796095633896508,pass
BERT_base&Llama_3_8B,pos_brysbaert,664,5,0.6832493478418802,pass
BERT_base&EEG_speech,pos_brysbaert,664,1,0.8376355970040643,pass
BERT_base&EEG_speech,pos_brysbaert,664,2,0.774032278400528,pass
BERT_base&EEG_speech,pos_brysbaert,664,3,0.7577125365163502,pass
BERT_base&EEG_speech,pos_brysbaert,664,4,0.5301431080029492,pass
BERT_base&EEG_speech,pos_brysbaert,664,5,0.835108058292982,pass
Llama_3_8B&EEG_speech,pos_brysbaert,664,1,0.6975232979283599,pass
Llama_3_8B&EEG_speech,pos_brysbaert,664,2,0.7723767036935041,pass
Llama_3_8B&EEG_speech,pos_brysbaert,664,3,0.7686066411380738,pass
Llama_3_8B&EEG_speech,pos_brysbaert,664,4,0.7706900945972852,pass
Llama_3_8B&EEG_speech,pos_brysbaert,664,5,0.720645751505969,pass
BERT_base&Llama_3_8B,pos_vanheuven,697,1,0.4806236385118674,pass
BERT_base&Llama_3_8B,pos_vanheuven,697,2,0.6606101648266365,pass
BERT_base&Llama_3_8B,pos_vanheuven,697,3,0.8300241808210683,pass
BERT_base&Llama_3_8B,pos_vanheuven,697,4,0.8257038932151266,pass
BERT_base&Llama_3_8B,pos_vanheuven,697,5,0.7318092108449434,pass
BERT_base&EEG_speech,pos_vanheuven,697,1,0.782657119445789,pass
BERT_base&EEG_speech,pos_vanheuven,697,2,0.6757249495562505,pass
BERT_base&EEG_speech,pos_vanheuven,697,3,0.7862561686661848,pass
BERT_base&EEG_speech,pos_vanheuven,697,4,0.803413997339284,pass
BERT_base&EEG_speech,pos_vanheuven,697,5,0.823512926687465,pass
Llama_3_8B&EEG_speech,pos_vanheuven,697,1,0.6604960169724867,pass
Llama_3_8B&EEG_speech,pos_vanheuven,697,2,0.6638552812433633,pass
Llama_3_8B&EEG_speech,pos_vanheuven,697,3,0.8345641173733707,pass
Llama_3_8B&EEG_speech,pos_vanheuven,697,4,0.7927537655998407,pass
Llama_3_8B&EEG_speech,pos_vanheuven,697,5,0.8018616047373215,pass
BERT_base&Llama_3_8B,concreteness_brysbaert,752,1,0.8196566237760975,pass
BERT_base&Llama_3_8B,concreteness_brysbaert,752,2,0.765760853315613,pass
BERT_base&Llama_3_8B,concreteness_brysbaert,752,3,0.7750550479470377,pass
BERT_base&Llama_3_8B,concreteness_brysbaert,752,4,0.7359507525193201,pass
BERT_base&Llama_3_8B,concreteness_brysbaert,752,5,0.8054865628838379,pass
BERT_base&EEG_speech,concreteness_brysbaert,752,1,0.8075253875172148,pass
BERT_base&EEG_speech,concreteness_brysbaert,752,2,0.7765249962776956,pass
BERT_base&EEG_speech,concreteness_brysbaert,752,3,0.7938570100136617,pass
BERT_base&EEG_speech,concreteness_brysbaert,752,4,0.7454490531623761,pass
BERT_base&EEG_speech,concreteness_brysbaert,752,5,0.8104095748170064,pass
Llama_3_8B&EEG_speech,concreteness_brysbaert,752,1,0.790168854291741,pass
Llama_3_8B&EEG_speech,concreteness_brysbaert,752,2,0.7196930614775461,pass
Llama_3_8B&EEG_speech,concreteness_brysbaert,752,3,0.7431185174902442,pass
Llama_3_8B&EEG_speech,concreteness_brysbaert,752,4,0.6998721277083897,pass
Llama_3_8B&EEG_speech,concreteness_brysbaert,752,5,0.7794090736084368,pass
BERT_base&Llama_3_8B,concreteness_glasgow,402,1,0.8395999091347132,pass
BERT_base&Llama_3_8B,concreteness_glasgow,402,2,0.78586847343175,pass
BERT_base&Llama_3_8B,concreteness_glasgow,402,3,0.7912730003862871,pass
BERT_base&Llama_3_8B,concreteness_glasgow,402,4,0.8163732358727778,pass
BERT_base&Llama_3_8B,concreteness_glasgow,402,5,0.7810398260343172,pass
BERT_base&EEG_speech,concreteness_glasgow,402,1,0.8416268460638359,pass
BERT_base&EEG_speech,concreteness_glasgow,402,2,0.7772512138518471,pass
BERT_base&EEG_speech,concreteness_glasgow,402,3,0.7722553400298774,pass
BERT_base&EEG_speech,concreteness_glasgow,402,4,0.8107059405216798,pass
BERT_base&EEG_speech,concreteness_glasgow,402,5,0.7593816174828784,pass
Llama_3_8B&EEG_speech,concreteness_glasgow,402,1,0.8152348569787163,pass
Llama_3_8B&EEG_speech,concreteness_glasgow,402,2,0.7503154125635803,pass
Llama_3_8B&EEG_speech,concreteness_glasgow,402,3,0.7557040386505613,pass
Llama_3_8B&EEG_speech,concreteness_glasgow,402,4,0.7945466607864342,pass
Llama_3_8B&EEG_speech,concreteness_glasgow,402,5,0.7559183731214301,pass
BERT_base&Llama_3_8B,imageability_glasgow,402,1,0.7360771399725013,pass
BERT_base&Llama_3_8B,imageability_glasgow,402,2,0.7347062884838129,pass
BERT_base&Llama_3_8B,imageability_glasgow,402,3,0.7017644844037346,pass
BERT_base&Llama_3_8B,imageability_glasgow,402,4,0.7006747727742324,pass
BERT_base&Llama_3_8B,imageability_glasgow,402,5,0.7162728971406885,pass
BERT_base&EEG_speech,imageability_glasgow,402,1,0.7025706971230795,pass
BERT_base&EEG_speech,imageability_glasgow,402,2,0.7211603540212572,pass
BERT_base&EEG_speech,imageability_glasgow,402,3,0.6854831705890766,pass
BERT_base&EEG_speech,imageability_glasgow,402,4,0.6560250449619779,pass
BERT_base&EEG_speech,imageability_glasgow,402,5,0.6809350394202969,pass
Llama_3_8B&EEG_speech,imageability_glasgow,402,1,0.7177947844621593,pass
Llama_3_8B&EEG_speech,imageability_glasgow,402,2,0.7091034631714661,pass
Llama_3_8B&EEG_speech,imageability_glasgow,402,3,0.6610301160195189,pass
Llama_3_8B&EEG_speech,imageability_glasgow,402,4,0.6753237022793592,pass
Llama_3_8B&EEG_speech,imageability_glasgow,402,5,0.6930070546307402,pass
BERT_base&Llama_3_8B,n_senses_wordnet_miller,752,1,0.4896216967776258,pass
BERT_base&Llama_3_8B,n_senses_wordnet_miller,752,2,0.5271102185962526,pass
BERT_base&Llama_3_8B,n_senses_wordnet_miller,752,3,0.5191596153415627,pass
BERT_base&Llama_3_8B,n_senses_wordnet_miller,752,4,0.40770465071042483,pass
BERT_base&Llama_3_8B,n_senses_wordnet_miller,752,5,0.495174365463366,pass
BERT_base&EEG_speech,n_senses_wordnet_miller,752,1,0.4119202352935025,pass
BERT_base&EEG_speech,n_senses_wordnet_miller,752,2,0.45206758253816615,pass
BERT_base&EEG_speech,n_senses_wordnet_miller,752,3,0.4794080429485349,pass
BERT_base&EEG_speech,n_senses_wordnet_miller,752,4,0.29253023880287643,pass
BERT_base&EEG_speech,n_senses_wordnet_miller,752,5,0.4357260915683797,pass
Llama_3_8B&EEG_speech,n_senses_wordnet_miller,752,1,0.4327502061442642,pass
Llama_3_8B&EEG_speech,n_senses_wordnet_miller,752,2,0.483395137610367,pass
Llama_3_8B&EEG_speech,n_senses_wordnet_miller,752,3,0.45172835833602354,pass
Llama_3_8B&EEG_speech,n_senses_wordnet_miller,752,4,0.3329389682203744,pass
Llama_3_8B&EEG_speech,n_senses_wordnet_miller,752,5,0.4324696736166629,pass
BERT_base&Llama_3_8B,n_senses_wordsmyth_rice,47,1,,test_n < 20
BERT_base&Llama_3_8B,n_senses_wordsmyth_rice,47,2,,test_n < 20
BERT_base&Llama_3_8B,n_senses_wordsmyth_rice,47,3,,test_n < 20
BERT_base&Llama_3_8B,n_senses_wordsmyth_rice,47,4,,test_n < 20
BERT_base&Llama_3_8B,n_senses_wordsmyth_rice,47,5,,test_n < 20
BERT_base&EEG_speech,n_senses_wordsmyth_rice,47,1,,test_n < 20
BERT_base&EEG_speech,n_senses_wordsmyth_rice,47,2,,test_n < 20
BERT_base&EEG_speech,n_senses_wordsmyth_rice,47,3,,test_n < 20
BERT_base&EEG_speech,n_senses_wordsmyth_rice,47,4,,test_n < 20
BERT_base&EEG_speech,n_senses_wordsmyth_rice,47,5,,test_n < 20
Llama_3_8B&EEG_speech,n_senses_wordsmyth_rice,47,1,,test_n < 20
Llama_3_8B&EEG_speech,n_senses_wordsmyth_rice,47,2,,test_n < 20
Llama_3_8B&EEG_speech,n_senses_wordsmyth_rice,47,3,,test_n < 20
Llama_3_8B&EEG_speech,n_senses_wordsmyth_rice,47,4,,test_n < 20
Llama_3_8B&EEG_speech,n_senses_wordsmyth_rice,47,5,,test_n < 20
BERT_base&Llama_3_8B,n_meanings_wordsmyth_rice,47,1,,test_n < 20
BERT_base&Llama_3_8B,n_meanings_wordsmyth_rice,47,2,,test_n < 20
BERT_base&Llama_3_8B,n_meanings_wordsmyth_rice,47,3,,test_n < 20
BERT_base&Llama_3_8B,n_meanings_wordsmyth_rice,47,4,,test_n < 20
BERT_base&Llama_3_8B,n_meanings_wordsmyth_rice,47,5,,test_n < 20
BERT_base&EEG_speech,n_meanings_wordsmyth_rice,47,1,,test_n < 20
BERT_base&EEG_speech,n_meanings_wordsmyth_rice,47,2,,test_n < 20
BERT_base&EEG_speech,n_meanings_wordsmyth_rice,47,3,,test_n < 20
BERT_base&EEG_speech,n_meanings_wordsmyth_rice,47,4,,test_n < 20
BERT_base&EEG_speech,n_meanings_wordsmyth_rice,47,5,,test_n < 20
Llama_3_8B&EEG_speech,n_meanings_wordsmyth_rice,47,1,,test_n < 20
Llama_3_8B&EEG_speech,n_meanings_wordsmyth_rice,47,2,,test_n < 20
Llama_3_8B&EEG_speech,n_meanings_wordsmyth_rice,47,3,,test_n < 20
Llama_3_8B&EEG_speech,n_meanings_wordsmyth_rice,47,4,,test_n < 20
Llama_3_8B&EEG_speech,n_meanings_wordsmyth_rice,47,5,,test_n < 20
BERT_base&Llama_3_8B,n_meanings_websters_gao,745,1,0.3154048034511683,pass
BERT_base&Llama_3_8B,n_meanings_websters_gao,745,2,0.3954629879398738,pass
BERT_base&Llama_3_8B,n_meanings_websters_gao,745,3,0.3219217429919744,pass
BERT_base&Llama_3_8B,n_meanings_websters_gao,745,4,0.2859299957636766,pass
BERT_base&Llama_3_8B,n_meanings_websters_gao,745,5,0.4020804809200983,pass
BERT_base&EEG_speech,n_meanings_websters_gao,745,1,0.3402068916200106,pass
BERT_base&EEG_speech,n_meanings_websters_gao,745,2,0.4246917027624859,pass
BERT_base&EEG_speech,n_meanings_websters_gao,745,3,0.36362323389143336,pass
BERT_base&EEG_speech,n_meanings_websters_gao,745,4,0.351236274268106,pass
BERT_base&EEG_speech,n_meanings_websters_gao,745,5,0.30206431025377967,pass
Llama_3_8B&EEG_speech,n_meanings_websters_gao,745,1,0.2864588536175522,pass
Llama_3_8B&EEG_speech,n_meanings_websters_gao,745,2,0.3439150766794834,pass
Llama_3_8B&EEG_speech,n_meanings_websters_gao,745,3,0.2719165239030693,pass
Llama_3_8B&EEG_speech,n_meanings_websters_gao,745,4,0.22951463974390884,pass
Llama_3_8B&EEG_speech,n_meanings_websters_gao,745,5,0.36431832843107703,pass
BERT_base&Llama_3_8B,n_features_buchanan,515,1,0.20433400154999193,pass
BERT_base&Llama_3_8B,n_features_buchanan,515,2,0.2516380652680733,pass
BERT_base&Llama_3_8B,n_features_buchanan,515,3,0.23117756791418698,pass
BERT_base&Llama_3_8B,n_features_buchanan,515,4,0.26909793200466403,pass
BERT_base&Llama_3_8B,n_features_buchanan,515,5,0.2571122107145213,pass
BERT_base&EEG_speech,n_features_buchanan,515,1,0.31265719570786454,pass
BERT_base&EEG_speech,n_features_buchanan,515,2,0.2184636129109988,pass
BERT_base&EEG_speech,n_features_buchanan,515,3,0.14233786256242764,pass
BERT_base&EEG_speech,n_features_buchanan,515,4,0.2532556509871555,pass
BERT_base&EEG_speech,n_features_buchanan,515,5,0.11528794611971505,pass
Llama_3_8B&EEG_speech,n_features_buchanan,515,1,0.15558707975050656,pass
Llama_3_8B&EEG_speech,n_features_buchanan,515,2,0.22688553545725165,pass
Llama_3_8B&EEG_speech,n_features_buchanan,515,3,0.20806806236017317,pass
Llama_3_8B&EEG_speech,n_features_buchanan,515,4,0.24353963345226703,pass
Llama_3_8B&EEG_speech,n_features_buchanan,515,5,0.25958381710588063,pass
BERT_base&Llama_3_8B,visual_lancaster,751,1,0.5216303572624625,pass
BERT_base&Llama_3_8B,visual_lancaster,751,2,0.45080772487083576,pass
BERT_base&Llama_3_8B,visual_lancaster,751,3,0.5623732720930439,pass
BERT_base&Llama_3_8B,visual_lancaster,751,4,0.4797005647703697,pass
BERT_base&Llama_3_8B,visual_lancaster,751,5,0.6336665235507358,pass
BERT_base&EEG_speech,visual_lancaster,751,1,0.48256059615761226,pass
BERT_base&EEG_speech,visual_lancaster,751,2,0.5009974743490395,pass
BERT_base&EEG_speech,visual_lancaster,751,3,0.5145646556738128,pass
BERT_base&EEG_speech,visual_lancaster,751,4,0.4811263013157647,pass
BERT_base&EEG_speech,visual_lancaster,751,5,0.5475871241856055,pass
Llama_3_8B&EEG_speech,visual_lancaster,751,1,0.5148129225205549,pass
Llama_3_8B&EEG_speech,visual_lancaster,751,2,0.4284114834331838,pass
Llama_3_8B&EEG_speech,visual_lancaster,751,3,0.5646897736911327,pass
Llama_3_8B&EEG_speech,visual_lancaster,751,4,0.45583361071214346,pass
Llama_3_8B&EEG_speech,visual_lancaster,751,5,0.6027598439316747,pass
BERT_base&Llama_3_8B,auditory_lancaster,751,1,0.3657808638969189,pass
BERT_base&Llama_3_8B,auditory_lancaster,751,2,0.40711279961085545,pass
BERT_base&Llama_3_8B,auditory_lancaster,751,3,0.4535842672264734,pass
BERT_base&Llama_3_8B,auditory_lancaster,751,4,0.5251707257154821,pass
BERT_base&Llama_3_8B,auditory_lancaster,751,5,0.5266223897102916,pass
BERT_base&EEG_speech,auditory_lancaster,751,1,0.4231338647144004,pass
BERT_base&EEG_speech,auditory_lancaster,751,2,0.4138698677606104,pass
BERT_base&EEG_speech,auditory_lancaster,751,3,0.46330464935463833,pass
BERT_base&EEG_speech,auditory_lancaster,751,4,0.5300791307275339,pass
BERT_base&EEG_speech,auditory_lancaster,751,5,0.49186470766970514,pass
Llama_3_8B&EEG_speech,auditory_lancaster,751,1,0.3466005348960344,pass
Llama_3_8B&EEG_speech,auditory_lancaster,751,2,0.4014334738817352,pass
Llama_3_8B&EEG_speech,auditory_lancaster,751,3,0.42884578238646087,pass
Llama_3_8B&EEG_speech,auditory_lancaster,751,4,0.5121333925859279,pass
Llama_3_8B&EEG_speech,auditory_lancaster,751,5,0.5182747135731793,pass
BERT_base&Llama_3_8B,haptic_lancaster,751,1,0.6191871482776699,pass
BERT_base&Llama_3_8B,haptic_lancaster,751,2,0.5055331435361441,pass
BERT_base&Llama_3_8B,haptic_lancaster,751,3,0.4976776405387323,pass
BERT_base&Llama_3_8B,haptic_lancaster,751,4,0.6203091010452456,pass
BERT_base&Llama_3_8B,haptic_lancaster,751,5,0.6547704607201515,pass
BERT_base&EEG_speech,haptic_lancaster,751,1,0.5776539741366775,pass
BERT_base&EEG_speech,haptic_lancaster,751,2,0.5043957278208157,pass
BERT_base&EEG_speech,haptic_lancaster,751,3,0.5067905646099474,pass
BERT_base&EEG_speech,haptic_lancaster,751,4,0.5661770808825302,pass
BERT_base&EEG_speech,haptic_lancaster,751,5,0.6248043749602592,pass
Llama_3_8B&EEG_speech,haptic_lancaster,751,1,0.5824119480764108,pass
Llama_3_8B&EEG_speech,haptic_lancaster,751,2,0.45337424715071395,pass
Llama_3_8B&EEG_speech,haptic_lancaster,751,3,0.43709587733676614,pass
Llama_3_8B&EEG_speech,haptic_lancaster,751,4,0.5875392277324432,pass
Llama_3_8B&EEG_speech,haptic_lancaster,751,5,0.6202624811263747,pass
BERT_base&Llama_3_8B,olfactory_lancaster,751,1,0.39144593688913965,pass
BERT_base&Llama_3_8B,olfactory_lancaster,751,2,0.39057064244294293,pass
BERT_base&Llama_3_8B,olfactory_lancaster,751,3,0.4828238011128496,pass
BERT_base&Llama_3_8B,olfactory_lancaster,751,4,0.5781328545683464,pass
BERT_base&Llama_3_8B,olfactory_lancaster,751,5,0.4459196499373881,pass
BERT_base&EEG_speech,olfactory_lancaster,751,1,0.3958459957408771,pass
BERT_base&EEG_speech,olfactory_lancaster,751,2,0.40627040554312943,pass
BERT_base&EEG_speech,olfactory_lancaster,751,3,0.45578098239100207,pass
BERT_base&EEG_speech,olfactory_lancaster,751,4,0.502786974899865,pass
BERT_base&EEG_speech,olfactory_lancaster,751,5,0.39811942558165136,pass
Llama_3_8B&EEG_speech,olfactory_lancaster,751,1,0.39384419421964467,pass
Llama_3_8B&EEG_speech,olfactory_lancaster,751,2,0.3723879790715091,pass
Llama_3_8B&EEG_speech,olfactory_lancaster,751,3,0.4568653065359797,pass
Llama_3_8B&EEG_speech,olfactory_lancaster,751,4,0.541643222537241,pass
Llama_3_8B&EEG_speech,olfactory_lancaster,751,5,0.4220593952634215,pass
BERT_base&Llama_3_8B,gustatory_lancaster,751,1,0.5469555415113171,pass
BERT_base&Llama_3_8B,gustatory_lancaster,751,2,0.6876098590737272,pass
BERT_base&Llama_3_8B,gustatory_lancaster,751,3,0.6846863065616662,pass
BERT_base&Llama_3_8B,gustatory_lancaster,751,4,0.6312036599027692,pass
BERT_base&Llama_3_8B,gustatory_lancaster,751,5,0.5653045918777395,pass
BERT_base&EEG_speech,gustatory_lancaster,751,1,0.45539572621275304,pass
BERT_base&EEG_speech,gustatory_lancaster,751,2,0.6297410879430286,pass
BERT_base&EEG_speech,gustatory_lancaster,751,3,0.6336755930496427,pass
BERT_base&EEG_speech,gustatory_lancaster,751,4,0.5686489862247848,pass
BERT_base&EEG_speech,gustatory_lancaster,751,5,0.5440904053714603,pass
Llama_3_8B&EEG_speech,gustatory_lancaster,751,1,0.57047200460861,pass
Llama_3_8B&EEG_speech,gustatory_lancaster,751,2,0.6697117506052953,pass
Llama_3_8B&EEG_speech,gustatory_lancaster,751,3,0.6575525417684664,pass
Llama_3_8B&EEG_speech,gustatory_lancaster,751,4,0.6241541865055621,pass
Llama_3_8B&EEG_speech,gustatory_lancaster,751,5,0.5445423308505,pass
BERT_base&Llama_3_8B,interoceptive_lancaster,751,1,0.6205761585544074,pass
BERT_base&Llama_3_8B,interoceptive_lancaster,751,2,0.5526088032279257,pass
BERT_base&Llama_3_8B,interoceptive_lancaster,751,3,0.579607163856603,pass
BERT_base&Llama_3_8B,interoceptive_lancaster,751,4,0.47379758547689244,pass
BERT_base&Llama_3_8B,interoceptive_lancaster,751,5,0.5031454574256305,pass
BERT_base&EEG_speech,interoceptive_lancaster,751,1,0.5971783059130717,pass
BERT_base&EEG_speech,interoceptive_lancaster,751,2,0.5780777568796296,pass
BERT_base&EEG_speech,interoceptive_lancaster,751,3,0.4933331212748526,pass
BERT_base&EEG_speech,interoceptive_lancaster,751,4,0.5020267176825597,pass
BERT_base&EEG_speech,interoceptive_lancaster,751,5,0.5219173681255862,pass
Llama_3_8B&EEG_speech,interoceptive_lancaster,751,1,0.6139616197545281,pass
Llama_3_8B&EEG_speech,interoceptive_lancaster,751,2,0.5015353461718705,pass
Llama_3_8B&EEG_speech,interoceptive_lancaster,751,3,0.5775648557119388,pass
Llama_3_8B&EEG_speech,interoceptive_lancaster,751,4,0.446640171997832,pass
Llama_3_8B&EEG_speech,interoceptive_lancaster,751,5,0.4723504606237128,pass
BERT_base&Llama_3_8B,head_lancaster,751,1,0.3679631229281215,pass
BERT_base&Llama_3_8B,head_lancaster,751,2,0.3231803622957393,pass
BERT_base&Llama_3_8B,head_lancaster,751,3,0.4293518792663086,pass
BERT_base&Llama_3_8B,head_lancaster,751,4,0.4715096459042878,pass
BERT_base&Llama_3_8B,head_lancaster,751,5,0.3779732032506359,pass
BERT_base&EEG_speech,head_lancaster,751,1,0.47364538458369576,pass
BERT_base&EEG_speech,head_lancaster,751,2,0.3667008645241071,pass
BERT_base&EEG_speech,head_lancaster,751,3,0.39568185053908655,pass
BERT_base&EEG_speech,head_lancaster,751,4,0.47459643093199866,pass
BERT_base&EEG_speech,head_lancaster,751,5,0.4404541162932586,pass
Llama_3_8B&EEG_speech,head_lancaster,751,1,0.30966082711081944,pass
Llama_3_8B&EEG_speech,head_lancaster,751,2,0.2908710030024788,pass
Llama_3_8B&EEG_speech,head_lancaster,751,3,0.3698443553758346,pass
Llama_3_8B&EEG_speech,head_lancaster,751,4,0.38834494136579956,pass
Llama_3_8B&EEG_speech,head_lancaster,751,5,0.35898666835464166,pass
BERT_base&Llama_3_8B,torso_lancaster,751,1,0.5372998861366545,pass
BERT_base&Llama_3_8B,torso_lancaster,751,2,0.23326702566211532,pass
BERT_base&Llama_3_8B,torso_lancaster,751,3,0.35410427307596914,pass
BERT_base&Llama_3_8B,torso_lancaster,751,4,0.43501233586846955,pass
BERT_base&Llama_3_8B,torso_lancaster,751,5,0.34773525064345756,pass
BERT_base&EEG_speech,torso_lancaster,751,1,0.49783523903591154,pass
BERT_base&EEG_speech,torso_lancaster,751,2,0.35238433869368535,pass
BERT_base&EEG_speech,torso_lancaster,751,3,0.3811477113780736,pass
BERT_base&EEG_speech,torso_lancaster,751,4,0.4238292543328196,pass
BERT_base&EEG_speech,torso_lancaster,751,5,0.37629340751241436,pass
Llama_3_8B&EEG_speech,torso_lancaster,751,1,0.48605180321079144,pass
Llama_3_8B&EEG_speech,torso_lancaster,751,2,0.21678013852655909,pass
Llama_3_8B&EEG_speech,torso_lancaster,751,3,0.3209786351462133,pass
Llama_3_8B&EEG_speech,torso_lancaster,751,4,0.4051061976998708,pass
Llama_3_8B&EEG_speech,torso_lancaster,751,5,0.3275591665781282,pass
BERT_base&Llama_3_8B,mouth_throat_lancaster,751,1,0.5443298690316992,pass
BERT_base&Llama_3_8B,mouth_throat_lancaster,751,2,0.5585701414538127,pass
BERT_base&Llama_3_8B,mouth_throat_lancaster,751,3,0.4788598674089234,pass
BERT_base&Llama_3_8B,mouth_throat_lancaster,751,4,0.45959297413038414,pass
BERT_base&Llama_3_8B,mouth_throat_lancaster,751,5,0.56751257220727,pass
BERT_base&EEG_speech,mouth_throat_lancaster,751,1,0.5047689277265679,pass
BERT_base&EEG_speech,mouth_throat_lancaster,751,2,0.5178552164280184,pass
BERT_base&EEG_speech,mouth_throat_lancaster,751,3,0.47952610116560423,pass
BERT_base&EEG_speech,mouth_throat_lancaster,751,4,0.44203759824989564,pass
BERT_base&EEG_speech,mouth_throat_lancaster,751,5,0.5473866080646661,pass
Llama_3_8B&EEG_speech,mouth_throat_lancaster,751,1,0.49018810944246627,pass
Llama_3_8B&EEG_speech,mouth_throat_lancaster,751,2,0.5258179599080453,pass
Llama_3_8B&EEG_speech,mouth_throat_lancaster,751,3,0.42003729228443454,pass
Llama_3_8B&EEG_speech,mouth_throat_lancaster,751,4,0.4419813677052682,pass
Llama_3_8B&EEG_speech,mouth_throat_lancaster,751,5,0.5115150984495387,pass
BERT_base&Llama_3_8B,hand_arm_lancaster,751,1,0.5601559265914162,pass
BERT_base&Llama_3_8B,hand_arm_lancaster,751,2,0.4406825703045355,pass
BERT_base&Llama_3_8B,hand_arm_lancaster,751,3,0.34846204028408956,pass
BERT_base&Llama_3_8B,hand_arm_lancaster,751,4,0.4387991123825651,pass
BERT_base&Llama_3_8B,hand_arm_lancaster,751,5,0.5206840027298998,pass
BERT_base&EEG_speech,hand_arm_lancaster,751,1,0.5672382801079536,pass
BERT_base&EEG_speech,hand_arm_lancaster,751,2,0.45551223509503225,pass
BERT_base&EEG_speech,hand_arm_lancaster,751,3,0.4254742697709245,pass
BERT_base&EEG_speech,hand_arm_lancaster,751,4,0.4544756452582127,pass
BERT_base&EEG_speech,hand_arm_lancaster,751,5,0.5107698282635751,pass
Llama_3_8B&EEG_speech,hand_arm_lancaster,751,1,0.5146179162764888,pass
Llama_3_8B&EEG_speech,hand_arm_lancaster,751,2,0.40817351247160205,pass
Llama_3_8B&EEG_speech,hand_arm_lancaster,751,3,0.26750131519000964,pass
Llama_3_8B&EEG_speech,hand_arm_lancaster,751,4,0.40304783357386087,pass
Llama_3_8B&EEG_speech,hand_arm_lancaster,751,5,0.4864422546967,pass
BERT_base&Llama_3_8B,foot_leg_lancaster,751,1,0.5307473345961649,pass
BERT_base&Llama_3_8B,foot_leg_lancaster,751,2,0.31120842598096443,pass
BERT_base&Llama_3_8B,foot_leg_lancaster,751,3,0.48283471596753214,pass
BERT_base&Llama_3_8B,foot_leg_lancaster,751,4,0.516219375841481,pass
BERT_base&Llama_3_8B,foot_leg_lancaster,751,5,0.5167193493460414,pass
BERT_base&EEG_speech,foot_leg_lancaster,751,1,0.49454610084707107,pass
BERT_base&EEG_speech,foot_leg_lancaster,751,2,0.376380183743969,pass
BERT_base&EEG_speech,foot_leg_lancaster,751,3,0.5047436310377689,pass
BERT_base&EEG_speech,foot_leg_lancaster,751,4,0.46849334702541745,pass
BERT_base&EEG_speech,foot_leg_lancaster,751,5,0.5020883154454256,pass
Llama_3_8B&EEG_speech,foot_leg_lancaster,751,1,0.503934794034385,pass
Llama_3_8B&EEG_speech,foot_leg_lancaster,751,2,0.3111010402247384,pass
Llama_3_8B&EEG_speech,foot_leg_lancaster,751,3,0.42922947543242274,pass
Llama_3_8B&EEG_speech,foot_leg_lancaster,751,4,0.469018278028534,pass
Llama_3_8B&EEG_speech,foot_leg_lancaster,751,5,0.48249752029815873,pass
BERT_base&Llama_3_8B,body_object_interact_pexman,586,1,0.8105068943663803,pass
BERT_base&Llama_3_8B,body_object_interact_pexman,586,2,0.7907069973291377,pass
BERT_base&Llama_3_8B,body_object_interact_pexman,586,3,0.7115072762376975,pass
BERT_base&Llama_3_8B,body_object_interact_pexman,586,4,0.6934158328113322,pass
BERT_base&Llama_3_8B,body_object_interact_pexman,586,5,0.6425952783421132,pass
BERT_base&EEG_speech,body_object_interact_pexman,586,1,0.7533074809916321,pass
BERT_base&EEG_speech,body_object_interact_pexman,586,2,0.7742260930510867,pass
BERT_base&EEG_speech,body_object_interact_pexman,586,3,0.6852090814989574,pass
BERT_base&EEG_speech,body_object_interact_pexman,586,4,0.661993594140488,pass
BERT_base&EEG_speech,body_object_interact_pexman,586,5,0.6352070816608222,pass
Llama_3_8B&EEG_speech,body_object_interact_pexman,586,1,0.7891103144544935,pass
Llama_3_8B&EEG_speech,body_object_interact_pexman,586,2,0.7466350286995944,pass
Llama_3_8B&EEG_speech,body_object_interact_pexman,586,3,0.6955904162996231,pass
Llama_3_8B&EEG_speech,body_object_interact_pexman,586,4,0.6605469590662119,pass
Llama_3_8B&EEG_speech,body_object_interact_pexman,586,5,0.613047888183696,pass
BERT_base&Llama_3_8B,child_body_object_interact,616,1,0.6463024546830534,pass
BERT_base&Llama_3_8B,child_body_object_interact,616,2,0.6399592171795874,pass
BERT_base&Llama_3_8B,child_body_object_interact,616,3,0.5727732279019986,pass
BERT_base&Llama_3_8B,child_body_object_interact,616,4,0.5763406484004674,pass
BERT_base&Llama_3_8B,child_body_object_interact,616,5,0.6346025004954114,pass
BERT_base&EEG_speech,child_body_object_interact,616,1,0.6240347494947747,pass
BERT_base&EEG_speech,child_body_object_interact,616,2,0.626464312394144,pass
BERT_base&EEG_speech,child_body_object_interact,616,3,0.5317250487509599,pass
BERT_base&EEG_speech,child_body_object_interact,616,4,0.5712954329006765,pass
BERT_base&EEG_speech,child_body_object_interact,616,5,0.6649702214147846,pass
Llama_3_8B&EEG_speech,child_body_object_interact,616,1,0.5901755948550613,pass
Llama_3_8B&EEG_speech,child_body_object_interact,616,2,0.5921593785076726,pass
Llama_3_8B&EEG_speech,child_body_object_interact,616,3,0.5375356356779825,pass
Llama_3_8B&EEG_speech,child_body_object_interact,616,4,0.534302776287945,pass
Llama_3_8B&EEG_speech,child_body_object_interact,616,5,0.6108604177977746,pass
BERT_base&Llama_3_8B,semantic_size_glasgow,402,1,0.5915427018970786,pass
BERT_base&Llama_3_8B,semantic_size_glasgow,402,2,0.5593243621408397,pass
BERT_base&Llama_3_8B,semantic_size_glasgow,402,3,0.6367390597175789,pass
BERT_base&Llama_3_8B,semantic_size_glasgow,402,4,0.637276074922086,pass
BERT_base&Llama_3_8B,semantic_size_glasgow,402,5,0.6295876661506355,pass
BERT_base&EEG_speech,semantic_size_glasgow,402,1,0.5987228834823478,pass
BERT_base&EEG_speech,semantic_size_glasgow,402,2,0.5227488958181457,pass
BERT_base&EEG_speech,semantic_size_glasgow,402,3,0.6274818677458084,pass
BERT_base&EEG_speech,semantic_size_glasgow,402,4,0.5973695689000144,pass
BERT_base&EEG_speech,semantic_size_glasgow,402,5,0.6308208852007957,pass
Llama_3_8B&EEG_speech,semantic_size_glasgow,402,1,0.5347195485877483,pass
Llama_3_8B&EEG_speech,semantic_size_glasgow,402,2,0.522643988392689,pass
Llama_3_8B&EEG_speech,semantic_size_glasgow,402,3,0.5875571136270674,pass
Llama_3_8B&EEG_speech,semantic_size_glasgow,402,4,0.5974569562210239,pass
Llama_3_8B&EEG_speech,semantic_size_glasgow,402,5,0.5853549391139944,pass
BERT_base&Llama_3_8B,gender_association_glasgow,402,1,0.6010114884156914,pass
BERT_base&Llama_3_8B,gender_association_glasgow,402,2,0.605027053066989,pass
BERT_base&Llama_3_8B,gender_association_glasgow,402,3,0.5779163583035817,pass
BERT_base&Llama_3_8B,gender_association_glasgow,402,4,0.5389928808192598,pass
BERT_base&Llama_3_8B,gender_association_glasgow,402,5,0.456936402338485,pass
BERT_base&EEG_speech,gender_association_glasgow,402,1,0.5500257227096634,pass
BERT_base&EEG_speech,gender_association_glasgow,402,2,0.5164927794064353,pass
BERT_base&EEG_speech,gender_association_glasgow,402,3,0.5047417672786655,pass
BERT_base&EEG_speech,gender_association_glasgow,402,4,0.557959499353498,pass
BERT_base&EEG_speech,gender_association_glasgow,402,5,0.47173610620393425,pass
Llama_3_8B&EEG_speech,gender_association_glasgow,402,1,0.535608305303068,pass
Llama_3_8B&EEG_speech,gender_association_glasgow,402,2,0.5553979736746979,pass
Llama_3_8B&EEG_speech,gender_association_glasgow,402,3,0.5681718772592543,pass
Llama_3_8B&EEG_speech,gender_association_glasgow,402,4,0.49415464024933153,pass
Llama_3_8B&EEG_speech,gender_association_glasgow,402,5,0.3702338003901199,pass
BERT_base&Llama_3_8B,feature_visual_vinson,248,1,0.11974328396289025,pass
BERT_base&Llama_3_8B,feature_visual_vinson,248,2,-1.9182456647769701,pass
BERT_base&Llama_3_8B,feature_visual_vinson,248,3,0.15579099865378354,pass
BERT_base&Llama_3_8B,feature_visual_vinson,248,4,0.09321329200647366,pass
BERT_base&Llama_3_8B,feature_visual_vinson,248,5,-0.7530528257420726,pass
BERT_base&EEG_speech,feature_visual_vinson,248,1,0.14403400904693975,pass
BERT_base&EEG_speech,feature_visual_vinson,248,2,0.12590526512068234,pass
BERT_base&EEG_speech,feature_visual_vinson,248,3,0.23879011127220062,pass
BERT_base&EEG_speech,feature_visual_vinson,248,4,-0.08806291863253235,pass
BERT_base&EEG_speech,feature_visual_vinson,248,5,0.31759342050010886,pass
Llama_3_8B&EEG_speech,feature_visual_vinson,248,1,0.02080393005190806,pass
Llama_3_8B&EEG_speech,feature_visual_vinson,248,2,-0.03653662220640563,pass
Llama_3_8B&EEG_speech,feature_visual_vinson,248,3,0.11113865245579624,pass
Llama_3_8B&EEG_speech,feature_visual_vinson,248,4,-1.791287921539129,pass
Llama_3_8B&EEG_speech,feature_visual_vinson,248,5,0.25784623793981865,pass
BERT_base&Llama_3_8B,feature_perceptual_vinson,248,1,-0.5246991574822626,pass
BERT_base&Llama_3_8B,feature_perceptual_vinson,248,2,-0.5225622644214238,pass
BERT_base&Llama_3_8B,feature_perceptual_vinson,248,3,-0.3050090958522984,pass
BERT_base&Llama_3_8B,feature_perceptual_vinson,248,4,-0.20592985986663437,pass
BERT_base&Llama_3_8B,feature_perceptual_vinson,248,5,-0.2371484339190959,pass
BERT_base&EEG_speech,feature_perceptual_vinson,248,1,-0.5213449451880856,pass
BERT_base&EEG_speech,feature_perceptual_vinson,248,2,-0.5048051907139115,pass
BERT_base&EEG_speech,feature_perceptual_vinson,248,3,-0.05917914278253411,pass
BERT_base&EEG_speech,feature_perceptual_vinson,248,4,-0.12676228079502905,pass
BERT_base&EEG_speech,feature_perceptual_vinson,248,5,-0.4167453465676645,pass
Llama_3_8B&EEG_speech,feature_perceptual_vinson,248,1,-0.38609111055250045,pass
Llama_3_8B&EEG_speech,feature_perceptual_vinson,248,2,-0.3973629751825367,pass
Llama_3_8B&EEG_speech,feature_perceptual_vinson,248,3,-0.32796519964934867,pass
Llama_3_8B&EEG_speech,feature_perceptual_vinson,248,4,-0.23067457720258822,pass
Llama_3_8B&EEG_speech,feature_perceptual_vinson,248,5,-0.06529988587279223,pass
BERT_base&Llama_3_8B,feature_functional_vinson,248,1,-0.05334883564759241,pass
BERT_base&Llama_3_8B,feature_functional_vinson,248,2,-2.324132244819588,pass
BERT_base&Llama_3_8B,feature_functional_vinson,248,3,-0.09984961383107249,pass
BERT_base&Llama_3_8B,feature_functional_vinson,248,4,-0.30961246427015765,pass
BERT_base&Llama_3_8B,feature_functional_vinson,248,5,-0.739011730486375,pass
BERT_base&EEG_speech,feature_functional_vinson,248,1,-0.004613735753193904,pass
BERT_base&EEG_speech,feature_functional_vinson,248,2,-0.02373794918138139,pass
BERT_base&EEG_speech,feature_functional_vinson,248,3,-0.04817235272263454,pass
BERT_base&EEG_speech,feature_functional_vinson,248,4,-0.01681067386120172,pass
BERT_base&EEG_speech,feature_functional_vinson,248,5,0.12504013601997488,pass
Llama_3_8B&EEG_speech,feature_functional_vinson,248,1,0.0032900354225101625,pass
Llama_3_8B&EEG_speech,feature_functional_vinson,248,2,-1.6500755443104955,pass
Llama_3_8B&EEG_speech,feature_functional_vinson,248,3,-0.03569032163515318,pass
Llama_3_8B&EEG_speech,feature_functional_vinson,248,4,0.03477590427337007,pass
Llama_3_8B&EEG_speech,feature_functional_vinson,248,5,0.22756619079918838,pass
BERT_base&Llama_3_8B,feature_motoric_vinson,248,1,0.18310255041741552,pass
BERT_base&Llama_3_8B,feature_motoric_vinson,248,2,-0.35424560417054307,pass
BERT_base&Llama_3_8B,feature_motoric_vinson,248,3,-0.053382431630318194,pass
BERT_base&Llama_3_8B,feature_motoric_vinson,248,4,0.4872157673077492,pass
BERT_base&Llama_3_8B,feature_motoric_vinson,248,5,0.41189523292286,pass
BERT_base&EEG_speech,feature_motoric_vinson,248,1,0.22595955246428334,pass
BERT_base&EEG_speech,feature_motoric_vinson,248,2,0.36789420040935494,pass
BERT_base&EEG_speech,feature_motoric_vinson,248,3,-1.2198152700000513,pass
BERT_base&EEG_speech,feature_motoric_vinson,248,4,0.31759264866059667,pass
BERT_base&EEG_speech,feature_motoric_vinson,248,5,-1.0159809931701802,pass
Llama_3_8B&EEG_speech,feature_motoric_vinson,248,1,-1.0609070795090392,pass
Llama_3_8B&EEG_speech,feature_motoric_vinson,248,2,-1.043998795400154,pass
Llama_3_8B&EEG_speech,feature_motoric_vinson,248,3,-1.0543006590900386,pass
Llama_3_8B&EEG_speech,feature_motoric_vinson,248,4,0.36146214684357125,pass
Llama_3_8B&EEG_speech,feature_motoric_vinson,248,5,-0.06295422954696384,pass
BERT_base&Llama_3_8B,socialness_diveica,277,1,0.6730615414232692,pass
BERT_base&Llama_3_8B,socialness_diveica,277,2,0.6852744116571536,pass
BERT_base&Llama_3_8B,socialness_diveica,277,3,0.5934990100489425,pass
BERT_base&Llama_3_8B,socialness_diveica,277,4,0.6588853836552945,pass
BERT_base&Llama_3_8B,socialness_diveica,277,5,0.650827577901531,pass
BERT_base&EEG_speech,socialness_diveica,277,1,0.6636369018880273,pass
BERT_base&EEG_speech,socialness_diveica,277,2,0.5391086470205468,pass
BERT_base&EEG_speech,socialness_diveica,277,3,0.4740003808386887,pass
BERT_base&EEG_speech,socialness_diveica,277,4,0.6497139679111683,pass
BERT_base&EEG_speech,socialness_diveica,277,5,0.5065404367640833,pass
Llama_3_8B&EEG_speech,socialness_diveica,277,1,0.6514182392520994,pass
Llama_3_8B&EEG_speech,socialness_diveica,277,2,0.7147995633704052,pass
Llama_3_8B&EEG_speech,socialness_diveica,277,3,0.6002755883536974,pass
Llama_3_8B&EEG_speech,socialness_diveica,277,4,0.6225445576595139,pass
Llama_3_8B&EEG_speech,socialness_diveica,277,5,0.584520139413812,pass
BERT_base&Llama_3_8B,valence_warriner,550,1,0.6998841151333499,pass
BERT_base&Llama_3_8B,valence_warriner,550,2,0.7245486883974934,pass
BERT_base&Llama_3_8B,valence_warriner,550,3,0.6585387299862224,pass
BERT_base&Llama_3_8B,valence_warriner,550,4,0.5381454392619112,pass
BERT_base&Llama_3_8B,valence_warriner,550,5,0.6961812983770549,pass
BERT_base&EEG_speech,valence_warriner,550,1,0.654550241490775,pass
BERT_base&EEG_speech,valence_warriner,550,2,0.6936925667901832,pass
BERT_base&EEG_speech,valence_warriner,550,3,0.6294409559359334,pass
BERT_base&EEG_speech,valence_warriner,550,4,0.5323233106367444,pass
BERT_base&EEG_speech,valence_warriner,550,5,0.6965354928212646,pass
Llama_3_8B&EEG_speech,valence_warriner,550,1,0.6531097683770977,pass
Llama_3_8B&EEG_speech,valence_warriner,550,2,0.6813873470197847,pass
Llama_3_8B&EEG_speech,valence_warriner,550,3,0.6209716491190165,pass
Llama_3_8B&EEG_speech,valence_warriner,550,4,0.5091056939161163,pass
Llama_3_8B&EEG_speech,valence_warriner,550,5,0.6560131025171605,pass
BERT_base&Llama_3_8B,valence_glasgow,402,1,0.737289586347979,pass
BERT_base&Llama_3_8B,valence_glasgow,402,2,0.8313620858921429,pass
BERT_base&Llama_3_8B,valence_glasgow,402,3,0.724137646632766,pass
BERT_base&Llama_3_8B,valence_glasgow,402,4,0.6543722959775718,pass
BERT_base&Llama_3_8B,valence_glasgow,402,5,0.755520427797214,pass
BERT_base&EEG_speech,valence_glasgow,402,1,0.7321359567278829,pass
BERT_base&EEG_speech,valence_glasgow,402,2,0.7499420252897203,pass
BERT_base&EEG_speech,valence_glasgow,402,3,0.6427767199676578,pass
BERT_base&EEG_speech,valence_glasgow,402,4,0.7032053929336051,pass
BERT_base&EEG_speech,valence_glasgow,402,5,0.7453028757625061,pass
Llama_3_8B&EEG_speech,valence_glasgow,402,1,0.6716209895944274,pass
Llama_3_8B&EEG_speech,valence_glasgow,402,2,0.7710156800096888,pass
Llama_3_8B&EEG_speech,valence_glasgow,402,3,0.6735323909986168,pass
Llama_3_8B&EEG_speech,valence_glasgow,402,4,0.5475284215228908,pass
Llama_3_8B&EEG_speech,valence_glasgow,402,5,0.693091682530554,pass
BERT_base&Llama_3_8B,valence_mohammad,590,1,0.6491929520920644,pass
BERT_base&Llama_3_8B,valence_mohammad,590,2,0.6442003950617039,pass
BERT_base&Llama_3_8B,valence_mohammad,590,3,0.6980327044181445,pass
BERT_base&Llama_3_8B,valence_mohammad,590,4,0.5907950844362739,pass
BERT_base&Llama_3_8B,valence_mohammad,590,5,0.6343820849825518,pass
BERT_base&EEG_speech,valence_mohammad,590,1,0.6736553231018214,pass
BERT_base&EEG_speech,valence_mohammad,590,2,0.6393964551619182,pass
BERT_base&EEG_speech,valence_mohammad,590,3,0.6951257260514753,pass
BERT_base&EEG_speech,valence_mohammad,590,4,0.6041687437414384,pass
BERT_base&EEG_speech,valence_mohammad,590,5,0.6601828858505486,pass
Llama_3_8B&EEG_speech,valence_mohammad,590,1,0.6019901636423832,pass
Llama_3_8B&EEG_speech,valence_mohammad,590,2,0.6004767803851635,pass
Llama_3_8B&EEG_speech,valence_mohammad,590,3,0.6332220420867141,pass
Llama_3_8B&EEG_speech,valence_mohammad,590,4,0.5526059985348433,pass
Llama_3_8B&EEG_speech,valence_mohammad,590,5,0.6103735720760495,pass
BERT_base&Llama_3_8B,valence_older_kyrolainen,356,1,0.6859869740291478,pass
BERT_base&Llama_3_8B,valence_older_kyrolainen,356,2,0.7772950046431876,pass
BERT_base&Llama_3_8B,valence_older_kyrolainen,356,3,0.6435939845655588,pass
BERT_base&Llama_3_8B,valence_older_kyrolainen,356,4,0.6660759984677566,pass
BERT_base&Llama_3_8B,valence_older_kyrolainen,356,5,0.6753084091659877,pass
BERT_base&EEG_speech,valence_older_kyrolainen,356,1,0.6792092859422482,pass
BERT_base&EEG_speech,valence_older_kyrolainen,356,2,0.708892845086387,pass
BERT_base&EEG_speech,valence_older_kyrolainen,356,3,0.6232161976483237,pass
BERT_base&EEG_speech,valence_older_kyrolainen,356,4,0.6836324764973285,pass
BERT_base&EEG_speech,valence_older_kyrolainen,356,5,0.6018308021269391,pass
Llama_3_8B&EEG_speech,valence_older_kyrolainen,356,1,0.6068046082961491,pass
Llama_3_8B&EEG_speech,valence_older_kyrolainen,356,2,0.7418930126882364,pass
Llama_3_8B&EEG_speech,valence_older_kyrolainen,356,3,0.5598401308730206,pass
Llama_3_8B&EEG_speech,valence_older_kyrolainen,356,4,0.5668858375978651,pass
Llama_3_8B&EEG_speech,valence_older_kyrolainen,356,5,0.642737069950017,pass
BERT_base&Llama_3_8B,valence_younger_kyrolainen,356,1,0.7668538206019992,pass
BERT_base&Llama_3_8B,valence_younger_kyrolainen,356,2,0.8157376100230617,pass
BERT_base&Llama_3_8B,valence_younger_kyrolainen,356,3,0.6361142433227907,pass
BERT_base&Llama_3_8B,valence_younger_kyrolainen,356,4,0.7080047231069626,pass
BERT_base&Llama_3_8B,valence_younger_kyrolainen,356,5,0.7088652794276659,pass
BERT_base&EEG_speech,valence_younger_kyrolainen,356,1,0.7456682358133128,pass
BERT_base&EEG_speech,valence_younger_kyrolainen,356,2,0.7337122525827563,pass
BERT_base&EEG_speech,valence_younger_kyrolainen,356,3,0.6377647234229163,pass
BERT_base&EEG_speech,valence_younger_kyrolainen,356,4,0.7100740729236413,pass
BERT_base&EEG_speech,valence_younger_kyrolainen,356,5,0.6283975415279358,pass
Llama_3_8B&EEG_speech,valence_younger_kyrolainen,356,1,0.6597045525727279,pass
Llama_3_8B&EEG_speech,valence_younger_kyrolainen,356,2,0.7752231882251699,pass
Llama_3_8B&EEG_speech,valence_younger_kyrolainen,356,3,0.5261368006888669,pass
Llama_3_8B&EEG_speech,valence_younger_kyrolainen,356,4,0.5864644498303564,pass
Llama_3_8B&EEG_speech,valence_younger_kyrolainen,356,5,0.6623008040425431,pass
BERT_base&Llama_3_8B,arousal_warriner,550,1,0.2498565455328885,pass
BERT_base&Llama_3_8B,arousal_warriner,550,2,0.39059953181838425,pass
BERT_base&Llama_3_8B,arousal_warriner,550,3,0.37353186191286936,pass
BERT_base&Llama_3_8B,arousal_warriner,550,4,0.3214868967714787,pass
BERT_base&Llama_3_8B,arousal_warriner,550,5,0.35951870679945885,pass
BERT_base&EEG_speech,arousal_warriner,550,1,0.37496742360854807,pass
BERT_base&EEG_speech,arousal_warriner,550,2,0.3890230697157442,pass
BERT_base&EEG_speech,arousal_warriner,550,3,0.4625432709000238,pass
BERT_base&EEG_speech,arousal_warriner,550,4,0.40299386973186213,pass
BERT_base&EEG_speech,arousal_warriner,550,5,0.3510964666816567,pass
Llama_3_8B&EEG_speech,arousal_warriner,550,1,0.18869937676140247,pass
Llama_3_8B&EEG_speech,arousal_warriner,550,2,0.373529402885611,pass
Llama_3_8B&EEG_speech,arousal_warriner,550,3,0.3275142870125676,pass
Llama_3_8B&EEG_speech,arousal_warriner,550,4,0.2543339870014163,pass
Llama_3_8B&EEG_speech,arousal_warriner,550,5,0.3302615759099289,pass
BERT_base&Llama_3_8B,arousal_glasgow,402,1,0.4429486160311906,pass
BERT_base&Llama_3_8B,arousal_glasgow,402,2,0.5130397634660533,pass
BERT_base&Llama_3_8B,arousal_glasgow,402,3,0.5859596434480865,pass
BERT_base&Llama_3_8B,arousal_glasgow,402,4,0.42857402815012824,pass
BERT_base&Llama_3_8B,arousal_glasgow,402,5,0.601520357936337,pass
BERT_base&EEG_speech,arousal_glasgow,402,1,0.4337048940417969,pass
BERT_base&EEG_speech,arousal_glasgow,402,2,0.5073415796582855,pass
BERT_base&EEG_speech,arousal_glasgow,402,3,0.5460805667846924,pass
BERT_base&EEG_speech,arousal_glasgow,402,4,0.3797440429564505,pass
BERT_base&EEG_speech,arousal_glasgow,402,5,0.556306125141331,pass
Llama_3_8B&EEG_speech,arousal_glasgow,402,1,0.3688091004472064,pass
Llama_3_8B&EEG_speech,arousal_glasgow,402,2,0.44250192984369563,pass
Llama_3_8B&EEG_speech,arousal_glasgow,402,3,0.5185647511316751,pass
Llama_3_8B&EEG_speech,arousal_glasgow,402,4,0.39411336364790006,pass
Llama_3_8B&EEG_speech,arousal_glasgow,402,5,0.5556189531093952,pass
BERT_base&Llama_3_8B,arousal_mohammad,590,1,0.4899622293736823,pass
BERT_base&Llama_3_8B,arousal_mohammad,590,2,0.5757357981867224,pass
BERT_base&Llama_3_8B,arousal_mohammad,590,3,0.5075519497768203,pass
BERT_base&Llama_3_8B,arousal_mohammad,590,4,0.5065035439338215,pass
BERT_base&Llama_3_8B,arousal_mohammad,590,5,0.59366482768096,pass
BERT_base&EEG_speech,arousal_mohammad,590,1,0.5082359786410064,pass
BERT_base&EEG_speech,arousal_mohammad,590,2,0.5774064654816231,pass
BERT_base&EEG_speech,arousal_mohammad,590,3,0.580920064253126,pass
BERT_base&EEG_speech,arousal_mohammad,590,4,0.5210361178700331,pass
BERT_base&EEG_speech,arousal_mohammad,590,5,0.5602648572981971,pass
Llama_3_8B&EEG_speech,arousal_mohammad,590,1,0.42650116895825774,pass
Llama_3_8B&EEG_speech,arousal_mohammad,590,2,0.5167657526191418,pass
Llama_3_8B&EEG_speech,arousal_mohammad,590,3,0.44459013928254965,pass
Llama_3_8B&EEG_speech,arousal_mohammad,590,4,0.46594526651958346,pass
Llama_3_8B&EEG_speech,arousal_mohammad,590,5,0.5587981319902608,pass
BERT_base&Llama_3_8B,dominance_warriner,550,1,0.3469510136992757,pass
BERT_base&Llama_3_8B,dominance_warriner,550,2,0.36610152402186713,pass
BERT_base&Llama_3_8B,dominance_warriner,550,3,0.4011111685559642,pass
BERT_base&Llama_3_8B,dominance_warriner,550,4,0.22673218932634154,pass
BERT_base&Llama_3_8B,dominance_warriner,550,5,0.27625411688881485,pass
BERT_base&EEG_speech,dominance_warriner,550,1,0.37108482250016894,pass
BERT_base&EEG_speech,dominance_warriner,550,2,0.4013152340917252,pass
BERT_base&EEG_speech,dominance_warriner,550,3,0.43814885714067,pass
BERT_base&EEG_speech,dominance_warriner,550,4,0.23910207871367295,pass
BERT_base&EEG_speech,dominance_warriner,550,5,0.30003222547158603,pass
Llama_3_8B&EEG_speech,dominance_warriner,550,1,0.3110097843234062,pass
Llama_3_8B&EEG_speech,dominance_warriner,550,2,0.30841090236444757,pass
Llama_3_8B&EEG_speech,dominance_warriner,550,3,0.32521281870369667,pass
Llama_3_8B&EEG_speech,dominance_warriner,550,4,0.18869869540670514,pass
Llama_3_8B&EEG_speech,dominance_warriner,550,5,0.26737045572749596,pass
BERT_base&Llama_3_8B,dominance_glasgow,402,1,0.4099202830205183,pass
BERT_base&Llama_3_8B,dominance_glasgow,402,2,0.5924072577800402,pass
BERT_base&Llama_3_8B,dominance_glasgow,402,3,0.419613061581399,pass
BERT_base&Llama_3_8B,dominance_glasgow,402,4,0.5680275747536832,pass
BERT_base&Llama_3_8B,dominance_glasgow,402,5,0.4875813314453368,pass
BERT_base&EEG_speech,dominance_glasgow,402,1,0.4851996294774914,pass
BERT_base&EEG_speech,dominance_glasgow,402,2,0.5300817463646432,pass
BERT_base&EEG_speech,dominance_glasgow,402,3,0.4347048425980722,pass
BERT_base&EEG_speech,dominance_glasgow,402,4,0.5330410968018495,pass
BERT_base&EEG_speech,dominance_glasgow,402,5,0.4077937526453477,pass
Llama_3_8B&EEG_speech,dominance_glasgow,402,1,0.33543811536998447,pass
Llama_3_8B&EEG_speech,dominance_glasgow,402,2,0.5292867068366416,pass
Llama_3_8B&EEG_speech,dominance_glasgow,402,3,0.3617658012655993,pass
Llama_3_8B&EEG_speech,dominance_glasgow,402,4,0.4830588792162349,pass
Llama_3_8B&EEG_speech,dominance_glasgow,402,5,0.44033522686009785,pass
BERT_base&Llama_3_8B,dominance_mohammad,590,1,0.506154463935241,pass
BERT_base&Llama_3_8B,dominance_mohammad,590,2,0.49745303722782164,pass
BERT_base&Llama_3_8B,dominance_mohammad,590,3,0.5253364420436928,pass
BERT_base&Llama_3_8B,dominance_mohammad,590,4,0.5864454440760007,pass
BERT_base&Llama_3_8B,dominance_mohammad,590,5,0.5113850877158118,pass
BERT_base&EEG_speech,dominance_mohammad,590,1,0.4815633839170659,pass
BERT_base&EEG_speech,dominance_mohammad,590,2,0.5123080303237983,pass
BERT_base&EEG_speech,dominance_mohammad,590,3,0.5281017745681414,pass
BERT_base&EEG_speech,dominance_mohammad,590,4,0.5851716007452801,pass
BERT_base&EEG_speech,dominance_mohammad,590,5,0.5144179561823947,pass
Llama_3_8B&EEG_speech,dominance_mohammad,590,1,0.46530932734947017,pass
Llama_3_8B&EEG_speech,dominance_mohammad,590,2,0.44696082076430876,pass
Llama_3_8B&EEG_speech,dominance_mohammad,590,3,0.4128355837895211,pass
Llama_3_8B&EEG_speech,dominance_mohammad,590,4,0.5516648060635602,pass
Llama_3_8B&EEG_speech,dominance_mohammad,590,5,0.4918928959037264,pass
BERT_base&Llama_3_8B,humor_engelthaler,360,1,0.27837777099109184,pass
BERT_base&Llama_3_8B,humor_engelthaler,360,2,0.21850851450221975,pass
BERT_base&Llama_3_8B,humor_engelthaler,360,3,0.20288955351996307,pass
BERT_base&Llama_3_8B,humor_engelthaler,360,4,0.24627493944639112,pass
BERT_base&Llama_3_8B,humor_engelthaler,360,5,0.05510939571691065,pass
BERT_base&EEG_speech,humor_engelthaler,360,1,0.21306416807597506,pass
BERT_base&EEG_speech,humor_engelthaler,360,2,0.21916549623182557,pass
BERT_base&EEG_speech,humor_engelthaler,360,3,0.21994627922036158,pass
BERT_base&EEG_speech,humor_engelthaler,360,4,0.19282422068717386,pass
BERT_base&EEG_speech,humor_engelthaler,360,5,0.09455358096724342,pass
Llama_3_8B&EEG_speech,humor_engelthaler,360,1,0.26570482637054893,pass
Llama_3_8B&EEG_speech,humor_engelthaler,360,2,0.1663185790126417,pass
Llama_3_8B&EEG_speech,humor_engelthaler,360,3,0.14702932187528017,pass
Llama_3_8B&EEG_speech,humor_engelthaler,360,4,0.21777150714483995,pass
Llama_3_8B&EEG_speech,humor_engelthaler,360,5,0.03937745429501405,pass
BERT_base&Llama_3_8B,anger_mohammad,504,1,-1.8052492098298853,pass
BERT_base&Llama_3_8B,anger_mohammad,504,2,-1.3440176734508729,pass
BERT_base&Llama_3_8B,anger_mohammad,504,3,-1.1793231022088384,pass
BERT_base&Llama_3_8B,anger_mohammad,504,4,-1.027202976880527,pass
BERT_base&Llama_3_8B,anger_mohammad,504,5,-2.0151880178605346,pass
BERT_base&EEG_speech,anger_mohammad,504,1,-0.43266856257163555,pass
BERT_base&EEG_speech,anger_mohammad,504,2,-0.733982366310076,pass
BERT_base&EEG_speech,anger_mohammad,504,3,-2.0781699711149697,pass
BERT_base&EEG_speech,anger_mohammad,504,4,-4.107512368329454,pass
BERT_base&EEG_speech,anger_mohammad,504,5,-0.8754813607503373,pass
Llama_3_8B&EEG_speech,anger_mohammad,504,1,-2.028592332052924,pass
Llama_3_8B&EEG_speech,anger_mohammad,504,2,-1.466753760768266,pass
Llama_3_8B&EEG_speech,anger_mohammad,504,3,-1.2472751645722155,pass
Llama_3_8B&EEG_speech,anger_mohammad,504,4,-1.1418838658446049,pass
Llama_3_8B&EEG_speech,anger_mohammad,504,5,-1.5963135464543154,pass
BERT_base&Llama_3_8B,anticipation_mohammad,504,1,-1.4572421075325943,pass
BERT_base&Llama_3_8B,anticipation_mohammad,504,2,-0.9817070879714096,pass
BERT_base&Llama_3_8B,anticipation_mohammad,504,3,-1.0359060855767206,pass
BERT_base&Llama_3_8B,anticipation_mohammad,504,4,-0.8324419241083398,pass
BERT_base&Llama_3_8B,anticipation_mohammad,504,5,-1.063371556234546,pass
BERT_base&EEG_speech,anticipation_mohammad,504,1,-0.6228783798296125,pass
BERT_base&EEG_speech,anticipation_mohammad,504,2,-0.4167884757228193,pass
BERT_base&EEG_speech,anticipation_mohammad,504,3,-5.100294686764405,pass
BERT_base&EEG_speech,anticipation_mohammad,504,4,-0.33556428882803524,pass
BERT_base&EEG_speech,anticipation_mohammad,504,5,-0.5558091266067939,pass
Llama_3_8B&EEG_speech,anticipation_mohammad,504,1,-1.597800451818724,pass
Llama_3_8B&EEG_speech,anticipation_mohammad,504,2,-1.0706044628755267,pass
Llama_3_8B&EEG_speech,anticipation_mohammad,504,3,-1.0628196923981506,pass
Llama_3_8B&EEG_speech,anticipation_mohammad,504,4,-0.9680395479266093,pass
Llama_3_8B&EEG_speech,anticipation_mohammad,504,5,-1.2186033244296972,pass
BERT_base&Llama_3_8B,disgust_mohammad,504,1,-2.4444599091155865,pass
BERT_base&Llama_3_8B,disgust_mohammad,504,2,-1.8297350835714554,pass
BERT_base&Llama_3_8B,disgust_mohammad,504,3,-1.7810526917763432,pass
BERT_base&Llama_3_8B,disgust_mohammad,504,4,-1.4482719147795966,pass
BERT_base&Llama_3_8B,disgust_mohammad,504,5,-1.8116635042178406,pass
BERT_base&EEG_speech,disgust_mohammad,504,1,-3.645943907383061,pass
BERT_base&EEG_speech,disgust_mohammad,504,2,-3.724095916096549,pass
BERT_base&EEG_speech,disgust_mohammad,504,3,-0.9664339339843713,pass
BERT_base&EEG_speech,disgust_mohammad,504,4,-1.6887679040760477,pass
BERT_base&EEG_speech,disgust_mohammad,504,5,-1.9672556995131258,pass
Llama_3_8B&EEG_speech,disgust_mohammad,504,1,-2.71820941887736,pass
Llama_3_8B&EEG_speech,disgust_mohammad,504,2,-1.945187945563756,pass
Llama_3_8B&EEG_speech,disgust_mohammad,504,3,-1.798440509126189,pass
Llama_3_8B&EEG_speech,disgust_mohammad,504,4,-1.6241911371901292,pass
Llama_3_8B&EEG_speech,disgust_mohammad,504,5,-2.073415082390652,pass
BERT_base&Llama_3_8B,fear_mohammad,504,1,-1.263780442427353,pass
BERT_base&Llama_3_8B,fear_mohammad,504,2,-0.8692453569551302,pass
BERT_base&Llama_3_8B,fear_mohammad,504,3,-0.8741207653113494,pass
BERT_base&Llama_3_8B,fear_mohammad,504,4,-0.6842547383842008,pass
BERT_base&Llama_3_8B,fear_mohammad,504,5,-0.8660213156725431,pass
BERT_base&EEG_speech,fear_mohammad,504,1,-0.3442287959903887,pass
BERT_base&EEG_speech,fear_mohammad,504,2,-0.39808711916338724,pass
BERT_base&EEG_speech,fear_mohammad,504,3,-0.5473947401581181,pass
BERT_base&EEG_speech,fear_mohammad,504,4,-0.17159192382962107,pass
BERT_base&EEG_speech,fear_mohammad,504,5,-2.8880432356635213,pass
Llama_3_8B&EEG_speech,fear_mohammad,504,1,-1.425261904051383,pass
Llama_3_8B&EEG_speech,fear_mohammad,504,2,-0.9597804349641692,pass
Llama_3_8B&EEG_speech,fear_mohammad,504,3,-0.9139737898527001,pass
Llama_3_8B&EEG_speech,fear_mohammad,504,4,-0.7928283941862233,pass
Llama_3_8B&EEG_speech,fear_mohammad,504,5,-1.0749811972965517,pass
BERT_base&Llama_3_8B,joy_mohammad,504,1,-1.513858990630352,pass
BERT_base&Llama_3_8B,joy_mohammad,504,2,-0.9505969718580227,pass
BERT_base&Llama_3_8B,joy_mohammad,504,3,-0.9681497980424285,pass
BERT_base&Llama_3_8B,joy_mohammad,504,4,-0.9857500604804332,pass
BERT_base&Llama_3_8B,joy_mohammad,504,5,-1.2635253750307034,pass
BERT_base&EEG_speech,joy_mohammad,504,1,-1.1490038946417314,pass
BERT_base&EEG_speech,joy_mohammad,504,2,-0.4639430693507449,pass
BERT_base&EEG_speech,joy_mohammad,504,3,-3.435501594282054,pass
BERT_base&EEG_speech,joy_mohammad,504,4,-4.773307192202338,pass
BERT_base&EEG_speech,joy_mohammad,504,5,-0.8294073780560296,pass
Llama_3_8B&EEG_speech,joy_mohammad,504,1,-1.6498495206772081,pass
Llama_3_8B&EEG_speech,joy_mohammad,504,2,-1.0496547628611803,pass
Llama_3_8B&EEG_speech,joy_mohammad,504,3,-1.0220374545281956,pass
Llama_3_8B&EEG_speech,joy_mohammad,504,4,-1.1087592676981926,pass
Llama_3_8B&EEG_speech,joy_mohammad,504,5,-1.1354086316070533,pass
BERT_base&Llama_3_8B,negative_emotion_mohammad,504,1,-0.07699203813822986,pass
BERT_base&Llama_3_8B,negative_emotion_mohammad,504,2,-0.19966325841066568,pass
BERT_base&Llama_3_8B,negative_emotion_mohammad,504,3,-0.1306785563681332,pass
BERT_base&Llama_3_8B,negative_emotion_mohammad,504,4,-0.044434321764069695,pass
BERT_base&Llama_3_8B,negative_emotion_mohammad,504,5,-0.0857476122379246,pass
BERT_base&EEG_speech,negative_emotion_mohammad,504,1,-1.1024497742448829,pass
BERT_base&EEG_speech,negative_emotion_mohammad,504,2,0.0923760020544605,pass
BERT_base&EEG_speech,negative_emotion_mohammad,504,3,0.036108656176203624,pass
BERT_base&EEG_speech,negative_emotion_mohammad,504,4,0.08787696648502119,pass
BERT_base&EEG_speech,negative_emotion_mohammad,504,5,0.20253588131605216,pass
Llama_3_8B&EEG_speech,negative_emotion_mohammad,504,1,-0.18362280983868873,pass
Llama_3_8B&EEG_speech,negative_emotion_mohammad,504,2,-0.12618844886130542,pass
Llama_3_8B&EEG_speech,negative_emotion_mohammad,504,3,-0.15698138029354003,pass
Llama_3_8B&EEG_speech,negative_emotion_mohammad,504,4,-0.10452326185828364,pass
Llama_3_8B&EEG_speech,negative_emotion_mohammad,504,5,-0.188864048009457,pass
BERT_base&Llama_3_8B,positive_emotion_mohammad,504,1,-0.19857608754048184,pass
BERT_base&Llama_3_8B,positive_emotion_mohammad,504,2,-0.21383128332773427,pass
BERT_base&Llama_3_8B,positive_emotion_mohammad,504,3,-0.25369011905529515,pass
BERT_base&Llama_3_8B,positive_emotion_mohammad,504,4,-0.33740674154914885,pass
BERT_base&Llama_3_8B,positive_emotion_mohammad,504,5,-0.07887228968375881,pass
BERT_base&EEG_speech,positive_emotion_mohammad,504,1,0.07143882741179641,pass
BERT_base&EEG_speech,positive_emotion_mohammad,504,2,-0.10505854746679444,pass
BERT_base&EEG_speech,positive_emotion_mohammad,504,3,-0.1677913478071762,pass
BERT_base&EEG_speech,positive_emotion_mohammad,504,4,-0.3302726350035685,pass
BERT_base&EEG_speech,positive_emotion_mohammad,504,5,0.07611222110895755,pass
Llama_3_8B&EEG_speech,positive_emotion_mohammad,504,1,-0.23462442734553157,pass
Llama_3_8B&EEG_speech,positive_emotion_mohammad,504,2,-0.2458860536443006,pass
Llama_3_8B&EEG_speech,positive_emotion_mohammad,504,3,-0.2584024303414163,pass
Llama_3_8B&EEG_speech,positive_emotion_mohammad,504,4,-0.3889189072736281,pass
Llama_3_8B&EEG_speech,positive_emotion_mohammad,504,5,-0.16866792232497163,pass
BERT_base&Llama_3_8B,sadness_mohammad,504,1,-0.9805247153857772,pass
BERT_base&Llama_3_8B,sadness_mohammad,504,2,-1.015819248219319,pass
BERT_base&Llama_3_8B,sadness_mohammad,504,3,-0.8080237053050143,pass
BERT_base&Llama_3_8B,sadness_mohammad,504,4,-0.8174381866743994,pass
BERT_base&Llama_3_8B,sadness_mohammad,504,5,-0.9436472169153893,pass
BERT_base&EEG_speech,sadness_mohammad,504,1,-0.6492672377174362,pass
BERT_base&EEG_speech,sadness_mohammad,504,2,-0.1916818696817626,pass
BERT_base&EEG_speech,sadness_mohammad,504,3,-0.5026795316360502,pass
BERT_base&EEG_speech,sadness_mohammad,504,4,-1.1220434911763655,pass
BERT_base&EEG_speech,sadness_mohammad,504,5,-0.4093232701212475,pass
Llama_3_8B&EEG_speech,sadness_mohammad,504,1,-1.153463217792578,pass
Llama_3_8B&EEG_speech,sadness_mohammad,504,2,-1.1254230857514602,pass
Llama_3_8B&EEG_speech,sadness_mohammad,504,3,-0.8769476754818626,pass
Llama_3_8B&EEG_speech,sadness_mohammad,504,4,-0.9032578513132306,pass
Llama_3_8B&EEG_speech,sadness_mohammad,504,5,-1.0951048089850124,pass
BERT_base&Llama_3_8B,surprise_mohammad,504,1,-2.0705847995481963,pass
BERT_base&Llama_3_8B,surprise_mohammad,504,2,-1.7301303474667882,pass
BERT_base&Llama_3_8B,surprise_mohammad,504,3,-1.6003540043948612,pass
BERT_base&Llama_3_8B,surprise_mohammad,504,4,-1.402723298543969,pass
BERT_base&Llama_3_8B,surprise_mohammad,504,5,-1.488697229371597,pass
BERT_base&EEG_speech,surprise_mohammad,504,1,-5.766392758198348,pass
BERT_base&EEG_speech,surprise_mohammad,504,2,-4.516596997358887,pass
BERT_base&EEG_speech,surprise_mohammad,504,3,-1.1736551612362187,pass
BERT_base&EEG_speech,surprise_mohammad,504,4,-0.8321657207819604,pass
BERT_base&EEG_speech,surprise_mohammad,504,5,-1.6998223331927256,pass
Llama_3_8B&EEG_speech,surprise_mohammad,504,1,-2.2926652958179,pass
Llama_3_8B&EEG_speech,surprise_mohammad,504,2,-1.8833844778162971,pass
Llama_3_8B&EEG_speech,surprise_mohammad,504,3,-1.6551299127579555,pass
Llama_3_8B&EEG_speech,surprise_mohammad,504,4,-1.5669333396848129,pass
Llama_3_8B&EEG_speech,surprise_mohammad,504,5,-1.6574487282247996,pass
BERT_base&Llama_3_8B,trust_mohammad,504,1,-0.9789220105402203,pass
BERT_base&Llama_3_8B,trust_mohammad,504,2,-0.5964892037209106,pass
BERT_base&Llama_3_8B,trust_mohammad,504,3,-0.7230573844823245,pass
BERT_base&Llama_3_8B,trust_mohammad,504,4,-0.6327702336855561,pass
BERT_base&Llama_3_8B,trust_mohammad,504,5,-0.6381631296427255,pass
BERT_base&EEG_speech,trust_mohammad,504,1,-4.626889815771996,pass
BERT_base&EEG_speech,trust_mohammad,504,2,-0.8333403549449081,pass
BERT_base&EEG_speech,trust_mohammad,504,3,-0.6414936611863531,pass
BERT_base&EEG_speech,trust_mohammad,504,4,-0.7049413434936791,pass
BERT_base&EEG_speech,trust_mohammad,504,5,-0.5055905919762949,pass
Llama_3_8B&EEG_speech,trust_mohammad,504,1,-1.0953597318656136,pass
Llama_3_8B&EEG_speech,trust_mohammad,504,2,-0.6939339525733523,pass
Llama_3_8B&EEG_speech,trust_mohammad,504,3,-0.7468375740579709,pass
Llama_3_8B&EEG_speech,trust_mohammad,504,4,-0.737217095311318,pass
Llama_3_8B&EEG_speech,trust_mohammad,504,5,-0.7755216162142728,pass
BERT_base&Llama_3_8B,semantic_diversity_hoffman,749,1,0.7855004969479524,pass
BERT_base&Llama_3_8B,semantic_diversity_hoffman,749,2,0.7730771687575464,pass
BERT_base&Llama_3_8B,semantic_diversity_hoffman,749,3,0.8208656131398118,pass
BERT_base&Llama_3_8B,semantic_diversity_hoffman,749,4,0.7384190298912999,pass
BERT_base&Llama_3_8B,semantic_diversity_hoffman,749,5,0.8014200407292053,pass
BERT_base&EEG_speech,semantic_diversity_hoffman,749,1,0.7974669377935207,pass
BERT_base&EEG_speech,semantic_diversity_hoffman,749,2,0.7742349681383279,pass
BERT_base&EEG_speech,semantic_diversity_hoffman,749,3,0.7929427194240831,pass
BERT_base&EEG_speech,semantic_diversity_hoffman,749,4,0.7326327838077002,pass
BERT_base&EEG_speech,semantic_diversity_hoffman,749,5,0.8059018749464032,pass
Llama_3_8B&EEG_speech,semantic_diversity_hoffman,749,1,0.7290500133897924,pass
Llama_3_8B&EEG_speech,semantic_diversity_hoffman,749,2,0.6946328764332661,pass
Llama_3_8B&EEG_speech,semantic_diversity_hoffman,749,3,0.768069231685739,pass
Llama_3_8B&EEG_speech,semantic_diversity_hoffman,749,4,0.6896389937143094,pass
Llama_3_8B&EEG_speech,semantic_diversity_hoffman,749,5,0.7414051706189515,pass
BERT_base&Llama_3_8B,n_semantic_neighbors_shaoul,756,1,0.5322037261482955,pass
BERT_base&Llama_3_8B,n_semantic_neighbors_shaoul,756,2,0.4504147393816713,pass
BERT_base&Llama_3_8B,n_semantic_neighbors_shaoul,756,3,0.5644150751723593,pass
BERT_base&Llama_3_8B,n_semantic_neighbors_shaoul,756,4,0.5677670763288337,pass
BERT_base&Llama_3_8B,n_semantic_neighbors_shaoul,756,5,0.5517380433359954,pass
BERT_base&EEG_speech,n_semantic_neighbors_shaoul,756,1,0.5218922327963953,pass
BERT_base&EEG_speech,n_semantic_neighbors_shaoul,756,2,0.47842124186611623,pass
BERT_base&EEG_speech,n_semantic_neighbors_shaoul,756,3,0.5331472234900219,pass
BERT_base&EEG_speech,n_semantic_neighbors_shaoul,756,4,0.49678240075111146,pass
BERT_base&EEG_speech,n_semantic_neighbors_shaoul,756,5,0.5419222766707066,pass
Llama_3_8B&EEG_speech,n_semantic_neighbors_shaoul,756,1,0.38216858550621124,pass
Llama_3_8B&EEG_speech,n_semantic_neighbors_shaoul,756,2,0.3141874801858041,pass
Llama_3_8B&EEG_speech,n_semantic_neighbors_shaoul,756,3,0.46793582987722937,pass
Llama_3_8B&EEG_speech,n_semantic_neighbors_shaoul,756,4,0.4668654029593857,pass
Llama_3_8B&EEG_speech,n_semantic_neighbors_shaoul,756,5,0.4450235893809622,pass
BERT_base&Llama_3_8B,distance_semantic_neighbors_shaoul,756,1,0.7235866310826629,pass
BERT_base&Llama_3_8B,distance_semantic_neighbors_shaoul,756,2,0.7266943028266125,pass
BERT_base&Llama_3_8B,distance_semantic_neighbors_shaoul,756,3,0.7542103121287397,pass
BERT_base&Llama_3_8B,distance_semantic_neighbors_shaoul,756,4,0.7481916510141742,pass
BERT_base&Llama_3_8B,distance_semantic_neighbors_shaoul,756,5,0.749633923872101,pass
BERT_base&EEG_speech,distance_semantic_neighbors_shaoul,756,1,0.6879177411743869,pass
BERT_base&EEG_speech,distance_semantic_neighbors_shaoul,756,2,0.724108531172184,pass
BERT_base&EEG_speech,distance_semantic_neighbors_shaoul,756,3,0.6549260777566607,pass
BERT_base&EEG_speech,distance_semantic_neighbors_shaoul,756,4,0.6173844651299774,pass
BERT_base&EEG_speech,distance_semantic_neighbors_shaoul,756,5,0.7001126351530287,pass
Llama_3_8B&EEG_speech,distance_semantic_neighbors_shaoul,756,1,0.5817923493724837,pass
Llama_3_8B&EEG_speech,distance_semantic_neighbors_shaoul,756,2,0.5866940636649893,pass
Llama_3_8B&EEG_speech,distance_semantic_neighbors_shaoul,756,3,0.6716709868551083,pass
Llama_3_8B&EEG_speech,distance_semantic_neighbors_shaoul,756,4,0.6730596612821957,pass
Llama_3_8B&EEG_speech,distance_semantic_neighbors_shaoul,756,5,0.6300429952730011,pass
BERT_base&Llama_3_8B,association_frequency_dedeyne,749,1,0.5125591514528567,pass
BERT_base&Llama_3_8B,association_frequency_dedeyne,749,2,0.6424609322040131,pass
BERT_base&Llama_3_8B,association_frequency_dedeyne,749,3,0.6511140973656957,pass
BERT_base&Llama_3_8B,association_frequency_dedeyne,749,4,0.6880532073364286,pass
BERT_base&Llama_3_8B,association_frequency_dedeyne,749,5,0.7135589240234987,pass
BERT_base&EEG_speech,association_frequency_dedeyne,749,1,0.5420191018244287,pass
BERT_base&EEG_speech,association_frequency_dedeyne,749,2,0.6500335900589931,pass
BERT_base&EEG_speech,association_frequency_dedeyne,749,3,0.5913158161972941,pass
BERT_base&EEG_speech,association_frequency_dedeyne,749,4,0.6425470066524781,pass
BERT_base&EEG_speech,association_frequency_dedeyne,749,5,0.6469912686787724,pass
Llama_3_8B&EEG_speech,association_frequency_dedeyne,749,1,0.4200361313156573,pass
Llama_3_8B&EEG_speech,association_frequency_dedeyne,749,2,0.5417004126860663,pass
Llama_3_8B&EEG_speech,association_frequency_dedeyne,749,3,0.5811327773824302,pass
Llama_3_8B&EEG_speech,association_frequency_dedeyne,749,4,0.6031664775912742,pass
Llama_3_8B&EEG_speech,association_frequency_dedeyne,749,5,0.6248772200487267,pass
BERT_base&Llama_3_8B,cue_setsize_nelson,559,1,-0.1991970704024404,pass
BERT_base&Llama_3_8B,cue_setsize_nelson,559,2,0.1454894337961692,pass
BERT_base&Llama_3_8B,cue_setsize_nelson,559,3,0.10793604281238456,pass
BERT_base&Llama_3_8B,cue_setsize_nelson,559,4,0.11543693012252132,pass
BERT_base&Llama_3_8B,cue_setsize_nelson,559,5,0.0739193558023361,pass
BERT_base&EEG_speech,cue_setsize_nelson,559,1,-0.05118228963182836,pass
BERT_base&EEG_speech,cue_setsize_nelson,559,2,0.12329810063160251,pass
BERT_base&EEG_speech,cue_setsize_nelson,559,3,0.0948811520270012,pass
BERT_base&EEG_speech,cue_setsize_nelson,559,4,0.04962052543356199,pass
BERT_base&EEG_speech,cue_setsize_nelson,559,5,0.016405913112854886,pass
Llama_3_8B&EEG_speech,cue_setsize_nelson,559,1,-0.23798940187681716,pass
Llama_3_8B&EEG_speech,cue_setsize_nelson,559,2,0.12209003719483136,pass
Llama_3_8B&EEG_speech,cue_setsize_nelson,559,3,0.09498398033551136,pass
Llama_3_8B&EEG_speech,cue_setsize_nelson,559,4,0.09461462224849027,pass
Llama_3_8B&EEG_speech,cue_setsize_nelson,559,5,0.07147403395996244,pass
BERT_base&Llama_3_8B,cue_connectedness_nelson,559,1,-0.03386342996072811,pass
BERT_base&Llama_3_8B,cue_connectedness_nelson,559,2,0.14722247665376664,pass
BERT_base&Llama_3_8B,cue_connectedness_nelson,559,3,0.13323735829182304,pass
BERT_base&Llama_3_8B,cue_connectedness_nelson,559,4,0.11075779740412539,pass
BERT_base&Llama_3_8B,cue_connectedness_nelson,559,5,0.051557814363771715,pass
BERT_base&EEG_speech,cue_connectedness_nelson,559,1,-0.06126793082653137,pass
BERT_base&EEG_speech,cue_connectedness_nelson,559,2,0.1403958262064352,pass
BERT_base&EEG_speech,cue_connectedness_nelson,559,3,0.12308061467250708,pass
BERT_base&EEG_speech,cue_connectedness_nelson,559,4,0.03890174412312075,pass
BERT_base&EEG_speech,cue_connectedness_nelson,559,5,0.032267132110545216,pass
Llama_3_8B&EEG_speech,cue_connectedness_nelson,559,1,-0.04294973652259859,pass
Llama_3_8B&EEG_speech,cue_connectedness_nelson,559,2,0.11726726746970662,pass
Llama_3_8B&EEG_speech,cue_connectedness_nelson,559,3,0.08849194674767735,pass
Llama_3_8B&EEG_speech,cue_connectedness_nelson,559,4,0.09693802951073016,pass
Llama_3_8B&EEG_speech,cue_connectedness_nelson,559,5,0.05358984635411812,pass
BERT_base&Llama_3_8B,cue_probability_nelson,559,1,0.20770924758369835,pass
BERT_base&Llama_3_8B,cue_probability_nelson,559,2,0.2847068602356626,pass
BERT_base&Llama_3_8B,cue_probability_nelson,559,3,0.19533052572772647,pass
BERT_base&Llama_3_8B,cue_probability_nelson,559,4,0.36104330027429865,pass
BERT_base&Llama_3_8B,cue_probability_nelson,559,5,0.40205019049346213,pass
BERT_base&EEG_speech,cue_probability_nelson,559,1,0.19953071462490402,pass
BERT_base&EEG_speech,cue_probability_nelson,559,2,0.2690587369726508,pass
BERT_base&EEG_speech,cue_probability_nelson,559,3,0.14660795181837005,pass
BERT_base&EEG_speech,cue_probability_nelson,559,4,0.31011776246702183,pass
BERT_base&EEG_speech,cue_probability_nelson,559,5,0.35542834758377884,pass
Llama_3_8B&EEG_speech,cue_probability_nelson,559,1,0.13193137907351926,pass
Llama_3_8B&EEG_speech,cue_probability_nelson,559,2,0.2627587644953707,pass
Llama_3_8B&EEG_speech,cue_probability_nelson,559,3,0.1535166211972434,pass
Llama_3_8B&EEG_speech,cue_probability_nelson,559,4,0.2870126261871492,pass
Llama_3_8B&EEG_speech,cue_probability_nelson,559,5,0.22940084116893444,pass
BERT_base&Llama_3_8B,cue_resonance_strength_nelson,559,1,-0.006031541754632608,pass
BERT_base&Llama_3_8B,cue_resonance_strength_nelson,559,2,0.2854971988545939,pass
BERT_base&Llama_3_8B,cue_resonance_strength_nelson,559,3,0.23850052855703396,pass
BERT_base&Llama_3_8B,cue_resonance_strength_nelson,559,4,0.1829091103572137,pass
BERT_base&Llama_3_8B,cue_resonance_strength_nelson,559,5,0.2747643940119118,pass
BERT_base&EEG_speech,cue_resonance_strength_nelson,559,1,0.19279441590271085,pass
BERT_base&EEG_speech,cue_resonance_strength_nelson,559,2,0.3236103103083987,pass
BERT_base&EEG_speech,cue_resonance_strength_nelson,559,3,0.21094981209144426,pass
BERT_base&EEG_speech,cue_resonance_strength_nelson,559,4,0.11268038861249396,pass
BERT_base&EEG_speech,cue_resonance_strength_nelson,559,5,0.22366546118194808,pass
Llama_3_8B&EEG_speech,cue_resonance_strength_nelson,559,1,-0.17530929378698312,pass
Llama_3_8B&EEG_speech,cue_resonance_strength_nelson,559,2,0.26090244248836525,pass
Llama_3_8B&EEG_speech,cue_resonance_strength_nelson,559,3,0.21452574347061293,pass
Llama_3_8B&EEG_speech,cue_resonance_strength_nelson,559,4,0.16919607598409103,pass
Llama_3_8B&EEG_speech,cue_resonance_strength_nelson,559,5,0.27600596083127205,pass
BERT_base&Llama_3_8B,visual_lexical_rt_balota,752,1,0.11902645957881919,pass
BERT_base&Llama_3_8B,visual_lexical_rt_balota,752,2,0.26895649791818577,pass
BERT_base&Llama_3_8B,visual_lexical_rt_balota,752,3,0.3604624860068667,pass
BERT_base&Llama_3_8B,visual_lexical_rt_balota,752,4,0.3125960886225173,pass
BERT_base&Llama_3_8B,visual_lexical_rt_balota,752,5,0.3141275070426722,pass
BERT_base&EEG_speech,visual_lexical_rt_balota,752,1,0.1720047728119991,pass
BERT_base&EEG_speech,visual_lexical_rt_balota,752,2,0.28125949748497714,pass
BERT_base&EEG_speech,visual_lexical_rt_balota,752,3,0.3404495998220056,pass
BERT_base&EEG_speech,visual_lexical_rt_balota,752,4,0.27084985803363104,pass
BERT_base&EEG_speech,visual_lexical_rt_balota,752,5,0.3216769857597652,pass
Llama_3_8B&EEG_speech,visual_lexical_rt_balota,752,1,0.15416181453813171,pass
Llama_3_8B&EEG_speech,visual_lexical_rt_balota,752,2,0.24349903139079776,pass
Llama_3_8B&EEG_speech,visual_lexical_rt_balota,752,3,0.2955841103526874,pass
Llama_3_8B&EEG_speech,visual_lexical_rt_balota,752,4,0.2126136481512012,pass
Llama_3_8B&EEG_speech,visual_lexical_rt_balota,752,5,0.27357814269739034,pass
BERT_base&Llama_3_8B,visual_lexical_rt_mandera,753,1,0.17579184085224187,pass
BERT_base&Llama_3_8B,visual_lexical_rt_mandera,753,2,0.4019161636833616,pass
BERT_base&Llama_3_8B,visual_lexical_rt_mandera,753,3,0.45280165087083546,pass
BERT_base&Llama_3_8B,visual_lexical_rt_mandera,753,4,0.4637604914700071,pass
BERT_base&Llama_3_8B,visual_lexical_rt_mandera,753,5,0.44473901915461256,pass
BERT_base&EEG_speech,visual_lexical_rt_mandera,753,1,0.17551863099123344,pass
BERT_base&EEG_speech,visual_lexical_rt_mandera,753,2,0.2568290258433563,pass
BERT_base&EEG_speech,visual_lexical_rt_mandera,753,3,0.405237682343386,pass
BERT_base&EEG_speech,visual_lexical_rt_mandera,753,4,0.3737708272659408,pass
BERT_base&EEG_speech,visual_lexical_rt_mandera,753,5,0.41816657595509354,pass
Llama_3_8B&EEG_speech,visual_lexical_rt_mandera,753,1,0.1776279214331734,pass
Llama_3_8B&EEG_speech,visual_lexical_rt_mandera,753,2,0.39381010795214677,pass
Llama_3_8B&EEG_speech,visual_lexical_rt_mandera,753,3,0.4184667357154477,pass
Llama_3_8B&EEG_speech,visual_lexical_rt_mandera,753,4,0.433981502946185,pass
Llama_3_8B&EEG_speech,visual_lexical_rt_mandera,753,5,0.40171100721613917,pass
BERT_base&Llama_3_8B,visual_lexical_rt_keuleers,710,1,0.15704210240443195,pass
BERT_base&Llama_3_8B,visual_lexical_rt_keuleers,710,2,0.36900641245585075,pass
BERT_base&Llama_3_8B,visual_lexical_rt_keuleers,710,3,0.27312623042131245,pass
BERT_base&Llama_3_8B,visual_lexical_rt_keuleers,710,4,0.4094398397415099,pass
BERT_base&Llama_3_8B,visual_lexical_rt_keuleers,710,5,0.3192665015549764,pass
BERT_base&EEG_speech,visual_lexical_rt_keuleers,710,1,0.2014181876872828,pass
BERT_base&EEG_speech,visual_lexical_rt_keuleers,710,2,0.31624126063494784,pass
BERT_base&EEG_speech,visual_lexical_rt_keuleers,710,3,0.27323943124205385,pass
BERT_base&EEG_speech,visual_lexical_rt_keuleers,710,4,0.38069623439836786,pass
BERT_base&EEG_speech,visual_lexical_rt_keuleers,710,5,0.2916595886369676,pass
Llama_3_8B&EEG_speech,visual_lexical_rt_keuleers,710,1,0.1062058127834008,pass
Llama_3_8B&EEG_speech,visual_lexical_rt_keuleers,710,2,0.3812303198984561,pass
Llama_3_8B&EEG_speech,visual_lexical_rt_keuleers,710,3,0.25435761793291356,pass
Llama_3_8B&EEG_speech,visual_lexical_rt_keuleers,710,4,0.3625751448202652,pass
Llama_3_8B&EEG_speech,visual_lexical_rt_keuleers,710,5,0.3388991233503845,pass
BERT_base&Llama_3_8B,visual_lexical_accuracy_balota,752,1,0.009260435202803285,pass
BERT_base&Llama_3_8B,visual_lexical_accuracy_balota,752,2,0.20296877569678984,pass
BERT_base&Llama_3_8B,visual_lexical_accuracy_balota,752,3,0.19624724921864767,pass
BERT_base&Llama_3_8B,visual_lexical_accuracy_balota,752,4,0.22393671381436264,pass
BERT_base&Llama_3_8B,visual_lexical_accuracy_balota,752,5,0.1218997497116131,pass
BERT_base&EEG_speech,visual_lexical_accuracy_balota,752,1,-0.11704869569538268,pass
BERT_base&EEG_speech,visual_lexical_accuracy_balota,752,2,0.11241600546715858,pass
BERT_base&EEG_speech,visual_lexical_accuracy_balota,752,3,0.1721056647218292,pass
BERT_base&EEG_speech,visual_lexical_accuracy_balota,752,4,0.17341722521300418,pass
BERT_base&EEG_speech,visual_lexical_accuracy_balota,752,5,0.1726118542476205,pass
Llama_3_8B&EEG_speech,visual_lexical_accuracy_balota,752,1,-0.019970015519897855,pass
Llama_3_8B&EEG_speech,visual_lexical_accuracy_balota,752,2,0.18825616433986814,pass
Llama_3_8B&EEG_speech,visual_lexical_accuracy_balota,752,3,0.19331414544706516,pass
Llama_3_8B&EEG_speech,visual_lexical_accuracy_balota,752,4,0.19768235157671343,pass
Llama_3_8B&EEG_speech,visual_lexical_accuracy_balota,752,5,0.09903581129386219,pass
BERT_base&Llama_3_8B,visual_lexical_accuracy_mandera,753,1,-0.10371782402943297,pass
BERT_base&Llama_3_8B,visual_lexical_accuracy_mandera,753,2,0.2650226162282403,pass
BERT_base&Llama_3_8B,visual_lexical_accuracy_mandera,753,3,0.31562387653071244,pass
BERT_base&Llama_3_8B,visual_lexical_accuracy_mandera,753,4,0.2856973455212256,pass
BERT_base&Llama_3_8B,visual_lexical_accuracy_mandera,753,5,0.18766925435229276,pass
BERT_base&EEG_speech,visual_lexical_accuracy_mandera,753,1,-0.6162427961840142,pass
BERT_base&EEG_speech,visual_lexical_accuracy_mandera,753,2,0.08470100775059475,pass
BERT_base&EEG_speech,visual_lexical_accuracy_mandera,753,3,0.275744364512416,pass
BERT_base&EEG_speech,visual_lexical_accuracy_mandera,753,4,0.25979174471160194,pass
BERT_base&EEG_speech,visual_lexical_accuracy_mandera,753,5,0.12305187726648226,pass
Llama_3_8B&EEG_speech,visual_lexical_accuracy_mandera,753,1,-0.08500814590006533,pass
Llama_3_8B&EEG_speech,visual_lexical_accuracy_mandera,753,2,0.2785775549603092,pass
Llama_3_8B&EEG_speech,visual_lexical_accuracy_mandera,753,3,0.2967297560664651,pass
Llama_3_8B&EEG_speech,visual_lexical_accuracy_mandera,753,4,0.25196176957180993,pass
Llama_3_8B&EEG_speech,visual_lexical_accuracy_mandera,753,5,0.174985755476191,pass
BERT_base&Llama_3_8B,visual_lexical_accuracy_keuleers,710,1,0.04671398739622856,pass
BERT_base&Llama_3_8B,visual_lexical_accuracy_keuleers,710,2,0.20350319365225722,pass
BERT_base&Llama_3_8B,visual_lexical_accuracy_keuleers,710,3,0.17362118274324656,pass
BERT_base&Llama_3_8B,visual_lexical_accuracy_keuleers,710,4,0.22981800584054457,pass
BERT_base&Llama_3_8B,visual_lexical_accuracy_keuleers,710,5,0.17502852530334712,pass
BERT_base&EEG_speech,visual_lexical_accuracy_keuleers,710,1,-0.03363423321173076,pass
BERT_base&EEG_speech,visual_lexical_accuracy_keuleers,710,2,0.04389937341717387,pass
BERT_base&EEG_speech,visual_lexical_accuracy_keuleers,710,3,0.18072013309280133,pass
BERT_base&EEG_speech,visual_lexical_accuracy_keuleers,710,4,0.18774304262575092,pass
BERT_base&EEG_speech,visual_lexical_accuracy_keuleers,710,5,0.12709662720446357,pass
Llama_3_8B&EEG_speech,visual_lexical_accuracy_keuleers,710,1,0.02453931214805649,pass
Llama_3_8B&EEG_speech,visual_lexical_accuracy_keuleers,710,2,0.21060347478140207,pass
Llama_3_8B&EEG_speech,visual_lexical_accuracy_keuleers,710,3,0.1599318971805047,pass
Llama_3_8B&EEG_speech,visual_lexical_accuracy_keuleers,710,4,0.19222072635069665,pass
Llama_3_8B&EEG_speech,visual_lexical_accuracy_keuleers,710,5,0.15340490549080465,pass
BERT_base&Llama_3_8B,auditory_lexical_rt_tucker,720,1,0.0005976805092886561,pass
BERT_base&Llama_3_8B,auditory_lexical_rt_tucker,720,2,-0.004594776715638016,pass
BERT_base&Llama_3_8B,auditory_lexical_rt_tucker,720,3,0.006719908626083515,pass
BERT_base&Llama_3_8B,auditory_lexical_rt_tucker,720,4,-0.10507037128683194,pass
BERT_base&Llama_3_8B,auditory_lexical_rt_tucker,720,5,-0.1802549980206527,pass
BERT_base&EEG_speech,auditory_lexical_rt_tucker,720,1,-0.008077551562622132,pass
BERT_base&EEG_speech,auditory_lexical_rt_tucker,720,2,-0.002655277890033503,pass
BERT_base&EEG_speech,auditory_lexical_rt_tucker,720,3,0.0127868716123275,pass
BERT_base&EEG_speech,auditory_lexical_rt_tucker,720,4,-0.12191200549123282,pass
BERT_base&EEG_speech,auditory_lexical_rt_tucker,720,5,-0.062308107969665905,pass
Llama_3_8B&EEG_speech,auditory_lexical_rt_tucker,720,1,-0.001994195064413784,pass
Llama_3_8B&EEG_speech,auditory_lexical_rt_tucker,720,2,-0.00402536757853067,pass
Llama_3_8B&EEG_speech,auditory_lexical_rt_tucker,720,3,0.0018721980422193862,pass
Llama_3_8B&EEG_speech,auditory_lexical_rt_tucker,720,4,-0.10688988259866461,pass
Llama_3_8B&EEG_speech,auditory_lexical_rt_tucker,720,5,-0.15071007657942914,pass
BERT_base&Llama_3_8B,auditory_lexical_rt_goh,586,1,0.08599731186753845,pass
BERT_base&Llama_3_8B,auditory_lexical_rt_goh,586,2,0.16089261206098127,pass
BERT_base&Llama_3_8B,auditory_lexical_rt_goh,586,3,0.1311358179259915,pass
BERT_base&Llama_3_8B,auditory_lexical_rt_goh,586,4,0.040626102832188815,pass
BERT_base&Llama_3_8B,auditory_lexical_rt_goh,586,5,0.18595458901529238,pass
BERT_base&EEG_speech,auditory_lexical_rt_goh,586,1,0.0677242514220262,pass
BERT_base&EEG_speech,auditory_lexical_rt_goh,586,2,0.16826246186125382,pass
BERT_base&EEG_speech,auditory_lexical_rt_goh,586,3,0.01706920774289966,pass
BERT_base&EEG_speech,auditory_lexical_rt_goh,586,4,-0.19811368588729983,pass
BERT_base&EEG_speech,auditory_lexical_rt_goh,586,5,0.04518444212597694,pass
Llama_3_8B&EEG_speech,auditory_lexical_rt_goh,586,1,0.07177204680203597,pass
Llama_3_8B&EEG_speech,auditory_lexical_rt_goh,586,2,0.11583464520174724,pass
Llama_3_8B&EEG_speech,auditory_lexical_rt_goh,586,3,0.13020962885334775,pass
Llama_3_8B&EEG_speech,auditory_lexical_rt_goh,586,4,0.04737989798368314,pass
Llama_3_8B&EEG_speech,auditory_lexical_rt_goh,586,5,0.18488678669469438,pass
BERT_base&Llama_3_8B,auditory_lexical_accuracy_tucker,724,1,0.023831240571079215,pass
BERT_base&Llama_3_8B,auditory_lexical_accuracy_tucker,724,2,0.004142325646357747,pass
BERT_base&Llama_3_8B,auditory_lexical_accuracy_tucker,724,3,0.015076446534133425,pass
BERT_base&Llama_3_8B,auditory_lexical_accuracy_tucker,724,4,0.014768610578362096,pass
BERT_base&Llama_3_8B,auditory_lexical_accuracy_tucker,724,5,0.0242594150339005,pass
BERT_base&EEG_speech,auditory_lexical_accuracy_tucker,724,1,0.0582730650608122,pass
BERT_base&EEG_speech,auditory_lexical_accuracy_tucker,724,2,0.015390367166148833,pass
BERT_base&EEG_speech,auditory_lexical_accuracy_tucker,724,3,0.029998630408961335,pass
BERT_base&EEG_speech,auditory_lexical_accuracy_tucker,724,4,0.01762510017913166,pass
BERT_base&EEG_speech,auditory_lexical_accuracy_tucker,724,5,0.005258761970481141,pass
Llama_3_8B&EEG_speech,auditory_lexical_accuracy_tucker,724,1,0.020487942919859337,pass
Llama_3_8B&EEG_speech,auditory_lexical_accuracy_tucker,724,2,0.0016975213714782722,pass
Llama_3_8B&EEG_speech,auditory_lexical_accuracy_tucker,724,3,0.01855006216142474,pass
Llama_3_8B&EEG_speech,auditory_lexical_accuracy_tucker,724,4,0.0071409083089025716,pass
Llama_3_8B&EEG_speech,auditory_lexical_accuracy_tucker,724,5,0.026992859463900398,pass
BERT_base&Llama_3_8B,auditory_lexical_accuracy_goh,586,1,0.20047398442768938,pass
BERT_base&Llama_3_8B,auditory_lexical_accuracy_goh,586,2,0.1875200458487637,pass
BERT_base&Llama_3_8B,auditory_lexical_accuracy_goh,586,3,0.17821911085156317,pass
BERT_base&Llama_3_8B,auditory_lexical_accuracy_goh,586,4,0.17338171010323689,pass
BERT_base&Llama_3_8B,auditory_lexical_accuracy_goh,586,5,0.18066231955035827,pass
BERT_base&EEG_speech,auditory_lexical_accuracy_goh,586,1,0.13683273223859505,pass
BERT_base&EEG_speech,auditory_lexical_accuracy_goh,586,2,0.12052534636925794,pass
BERT_base&EEG_speech,auditory_lexical_accuracy_goh,586,3,0.043965261574993586,pass
BERT_base&EEG_speech,auditory_lexical_accuracy_goh,586,4,0.10536187824158028,pass
BERT_base&EEG_speech,auditory_lexical_accuracy_goh,586,5,0.07796454201023473,pass
Llama_3_8B&EEG_speech,auditory_lexical_accuracy_goh,586,1,0.18269352951088647,pass
Llama_3_8B&EEG_speech,auditory_lexical_accuracy_goh,586,2,0.17404069447300097,pass
Llama_3_8B&EEG_speech,auditory_lexical_accuracy_goh,586,3,0.17995918885160922,pass
Llama_3_8B&EEG_speech,auditory_lexical_accuracy_goh,586,4,0.15939809299074115,pass
Llama_3_8B&EEG_speech,auditory_lexical_accuracy_goh,586,5,0.17575001761796405,pass
BERT_base&Llama_3_8B,naming_rt_balota,752,1,0.07166927141720736,pass
BERT_base&Llama_3_8B,naming_rt_balota,752,2,0.1657466272219904,pass
BERT_base&Llama_3_8B,naming_rt_balota,752,3,0.14615372599008358,pass
BERT_base&Llama_3_8B,naming_rt_balota,752,4,-0.18905516051181004,pass
BERT_base&Llama_3_8B,naming_rt_balota,752,5,0.3075671041172926,pass
BERT_base&EEG_speech,naming_rt_balota,752,1,0.018773760895853142,pass
BERT_base&EEG_speech,naming_rt_balota,752,2,0.1463038778952208,pass
BERT_base&EEG_speech,naming_rt_balota,752,3,0.15079810915737935,pass
BERT_base&EEG_speech,naming_rt_balota,752,4,-0.22887874101118455,pass
BERT_base&EEG_speech,naming_rt_balota,752,5,0.19046115387677987,pass
Llama_3_8B&EEG_speech,naming_rt_balota,752,1,0.052933843515898804,pass
Llama_3_8B&EEG_speech,naming_rt_balota,752,2,0.10586242846406746,pass
Llama_3_8B&EEG_speech,naming_rt_balota,752,3,0.07139293863672058,pass
Llama_3_8B&EEG_speech,naming_rt_balota,752,4,-0.25881608348332286,pass
Llama_3_8B&EEG_speech,naming_rt_balota,752,5,0.2827085581412436,pass
BERT_base&Llama_3_8B,naming_accuracy_balota,752,1,-0.04525590654514744,pass
BERT_base&Llama_3_8B,naming_accuracy_balota,752,2,0.024230239370626072,pass
BERT_base&Llama_3_8B,naming_accuracy_balota,752,3,0.021520734025733845,pass
BERT_base&Llama_3_8B,naming_accuracy_balota,752,4,0.021672048992972703,pass
BERT_base&Llama_3_8B,naming_accuracy_balota,752,5,0.034200328133464186,pass
BERT_base&EEG_speech,naming_accuracy_balota,752,1,-0.023477471317461474,pass
BERT_base&EEG_speech,naming_accuracy_balota,752,2,-0.008016116948958985,pass
BERT_base&EEG_speech,naming_accuracy_balota,752,3,0.04032189513051876,pass
BERT_base&EEG_speech,naming_accuracy_balota,752,4,0.02573274168272266,pass
BERT_base&EEG_speech,naming_accuracy_balota,752,5,0.02084708052693418,pass
Llama_3_8B&EEG_speech,naming_accuracy_balota,752,1,-0.036498418392601595,pass
Llama_3_8B&EEG_speech,naming_accuracy_balota,752,2,0.015091963825829668,pass
Llama_3_8B&EEG_speech,naming_accuracy_balota,752,3,0.010297528972392778,pass
Llama_3_8B&EEG_speech,naming_accuracy_balota,752,4,0.01686504602714678,pass
Llama_3_8B&EEG_speech,naming_accuracy_balota,752,5,0.007020763963794918,pass
BERT_base&Llama_3_8B,concreteness_rt_pexman,162,1,0.30218466517984743,pass
BERT_base&Llama_3_8B,concreteness_rt_pexman,162,2,0.3038643709559047,pass
BERT_base&Llama_3_8B,concreteness_rt_pexman,162,3,0.4703771962024016,pass
BERT_base&Llama_3_8B,concreteness_rt_pexman,162,4,0.4349885704617096,pass
BERT_base&Llama_3_8B,concreteness_rt_pexman,162,5,0.31108276939847446,pass
BERT_base&EEG_speech,concreteness_rt_pexman,162,1,0.2514113604250714,pass
BERT_base&EEG_speech,concreteness_rt_pexman,162,2,0.3322077979466105,pass
BERT_base&EEG_speech,concreteness_rt_pexman,162,3,0.440594909852945,pass
BERT_base&EEG_speech,concreteness_rt_pexman,162,4,0.4096371498183121,pass
BERT_base&EEG_speech,concreteness_rt_pexman,162,5,0.3641426770261528,pass
Llama_3_8B&EEG_speech,concreteness_rt_pexman,162,1,0.2489459868606767,pass
Llama_3_8B&EEG_speech,concreteness_rt_pexman,162,2,0.24693676627584238,pass
Llama_3_8B&EEG_speech,concreteness_rt_pexman,162,3,0.4679414959854482,pass
Llama_3_8B&EEG_speech,concreteness_rt_pexman,162,4,0.3734752276997785,pass
Llama_3_8B&EEG_speech,concreteness_rt_pexman,162,5,0.3037482216990557,pass
BERT_base&Llama_3_8B,concreteness_accuracy_pexman,162,1,0.09090182199515973,pass
BERT_base&Llama_3_8B,concreteness_accuracy_pexman,162,2,0.035923234585538144,pass
BERT_base&Llama_3_8B,concreteness_accuracy_pexman,162,3,0.15034451052834308,pass
BERT_base&Llama_3_8B,concreteness_accuracy_pexman,162,4,0.06494563914613682,pass
BERT_base&Llama_3_8B,concreteness_accuracy_pexman,162,5,0.05730599562469996,pass
BERT_base&EEG_speech,concreteness_accuracy_pexman,162,1,0.03165579112970629,pass
BERT_base&EEG_speech,concreteness_accuracy_pexman,162,2,0.03563434893404749,pass
BERT_base&EEG_speech,concreteness_accuracy_pexman,162,3,0.0468981621497645,pass
BERT_base&EEG_speech,concreteness_accuracy_pexman,162,4,0.007523199477979636,pass
BERT_base&EEG_speech,concreteness_accuracy_pexman,162,5,-0.013451803764998216,pass
Llama_3_8B&EEG_speech,concreteness_accuracy_pexman,162,1,0.08024390784236624,pass
Llama_3_8B&EEG_speech,concreteness_accuracy_pexman,162,2,0.011070141256084187,pass
Llama_3_8B&EEG_speech,concreteness_accuracy_pexman,162,3,0.1253675934780769,pass
Llama_3_8B&EEG_speech,concreteness_accuracy_pexman,162,4,0.06270558844173912,pass
Llama_3_8B&EEG_speech,concreteness_accuracy_pexman,162,5,0.07381147409456323,pass
BERT_base&Llama_3_8B,recognition_memory_accuracy_cortese,458,1,0.4439347340412291,pass
BERT_base&Llama_3_8B,recognition_memory_accuracy_cortese,458,2,0.3995073402767374,pass
BERT_base&Llama_3_8B,recognition_memory_accuracy_cortese,458,3,0.4917955259011755,pass
BERT_base&Llama_3_8B,recognition_memory_accuracy_cortese,458,4,0.2995772418934828,pass
BERT_base&Llama_3_8B,recognition_memory_accuracy_cortese,458,5,0.41163433329468047,pass
BERT_base&EEG_speech,recognition_memory_accuracy_cortese,458,1,0.39975302856993,pass
BERT_base&EEG_speech,recognition_memory_accuracy_cortese,458,2,0.31718756896528766,pass
BERT_base&EEG_speech,recognition_memory_accuracy_cortese,458,3,0.4646419616700288,pass
BERT_base&EEG_speech,recognition_memory_accuracy_cortese,458,4,0.2561867443175102,pass
BERT_base&EEG_speech,recognition_memory_accuracy_cortese,458,5,0.3940470099980794,pass
Llama_3_8B&EEG_speech,recognition_memory_accuracy_cortese,458,1,0.42271706445373736,pass
Llama_3_8B&EEG_speech,recognition_memory_accuracy_cortese,458,2,0.38561470986657687,pass
Llama_3_8B&EEG_speech,recognition_memory_accuracy_cortese,458,3,0.4756799739517137,pass
Llama_3_8B&EEG_speech,recognition_memory_accuracy_cortese,458,4,0.2908071714629934,pass
Llama_3_8B&EEG_speech,recognition_memory_accuracy_cortese,458,5,0.39037885781303383,pass
BERT_base&Llama_3_8B,vision_binder,83,1,0.48574342445042773,pass
BERT_base&Llama_3_8B,vision_binder,83,2,0.4179277651479488,pass
BERT_base&Llama_3_8B,vision_binder,83,3,0.15594960419756254,pass
BERT_base&Llama_3_8B,vision_binder,83,4,0.11637669416405805,pass
BERT_base&Llama_3_8B,vision_binder,83,5,0.43052658637269114,pass
BERT_base&EEG_speech,vision_binder,83,1,0.29856013255397174,pass
BERT_base&EEG_speech,vision_binder,83,2,0.46348467026078743,pass
BERT_base&EEG_speech,vision_binder,83,3,0.019080478371601206,pass
BERT_base&EEG_speech,vision_binder,83,4,0.061392559902042954,pass
BERT_base&EEG_speech,vision_binder,83,5,0.3936858095084187,pass
Llama_3_8B&EEG_speech,vision_binder,83,1,0.45936527880213296,pass
Llama_3_8B&EEG_speech,vision_binder,83,2,0.38402256965463144,pass
Llama_3_8B&EEG_speech,vision_binder,83,3,0.09182573885528966,pass
Llama_3_8B&EEG_speech,vision_binder,83,4,0.0792209240102405,pass
Llama_3_8B&EEG_speech,vision_binder,83,5,0.4144925206928196,pass
BERT_base&Llama_3_8B,bright_binder,83,1,-0.48083204049985584,pass
BERT_base&Llama_3_8B,bright_binder,83,2,0.24978944222352883,pass
BERT_base&Llama_3_8B,bright_binder,83,3,0.31458364278482076,pass
BERT_base&Llama_3_8B,bright_binder,83,4,0.3088946847660753,pass
BERT_base&Llama_3_8B,bright_binder,83,5,0.22413440489493242,pass
BERT_base&EEG_speech,bright_binder,83,1,-0.4545480603828165,pass
BERT_base&EEG_speech,bright_binder,83,2,0.46110996027038387,pass
BERT_base&EEG_speech,bright_binder,83,3,0.49646026677925004,pass
BERT_base&EEG_speech,bright_binder,83,4,0.33405467263310984,pass
BERT_base&EEG_speech,bright_binder,83,5,0.2972667147114709,pass
Llama_3_8B&EEG_speech,bright_binder,83,1,-0.19828134017906773,pass
Llama_3_8B&EEG_speech,bright_binder,83,2,0.12219042397032176,pass
Llama_3_8B&EEG_speech,bright_binder,83,3,0.2637474270775787,pass
Llama_3_8B&EEG_speech,bright_binder,83,4,0.2828864257467222,pass
Llama_3_8B&EEG_speech,bright_binder,83,5,0.1871925276090829,pass
BERT_base&Llama_3_8B,dark_binder,83,1,-0.07144427790281016,pass
BERT_base&Llama_3_8B,dark_binder,83,2,0.007694695724328127,pass
BERT_base&Llama_3_8B,dark_binder,83,3,-1.4218333719454876,pass
BERT_base&Llama_3_8B,dark_binder,83,4,0.11633681033037613,pass
BERT_base&Llama_3_8B,dark_binder,83,5,-1.4155477116011963,pass
BERT_base&EEG_speech,dark_binder,83,1,-0.062025427486497975,pass
BERT_base&EEG_speech,dark_binder,83,2,0.3720626249385409,pass
BERT_base&EEG_speech,dark_binder,83,3,-1.7049876695440074,pass
BERT_base&EEG_speech,dark_binder,83,4,0.2518932356740886,pass
BERT_base&EEG_speech,dark_binder,83,5,-1.1825969333241333,pass
Llama_3_8B&EEG_speech,dark_binder,83,1,0.007333130527686693,pass
Llama_3_8B&EEG_speech,dark_binder,83,2,-0.00459861681308138,pass
Llama_3_8B&EEG_speech,dark_binder,83,3,-2.284816245434359,pass
Llama_3_8B&EEG_speech,dark_binder,83,4,0.04288658030696124,pass
Llama_3_8B&EEG_speech,dark_binder,83,5,-1.772422237820812,pass
BERT_base&Llama_3_8B,color_binder,83,1,0.6968336393010164,pass
BERT_base&Llama_3_8B,color_binder,83,2,0.5139784612873981,pass
BERT_base&Llama_3_8B,color_binder,83,3,0.6183414324530927,pass
BERT_base&Llama_3_8B,color_binder,83,4,0.8224060276168815,pass
BERT_base&Llama_3_8B,color_binder,83,5,0.8298340571585071,pass
BERT_base&EEG_speech,color_binder,83,1,0.557943557676278,pass
BERT_base&EEG_speech,color_binder,83,2,0.4770893486830582,pass
BERT_base&EEG_speech,color_binder,83,3,0.5122908155777338,pass
BERT_base&EEG_speech,color_binder,83,4,0.7826844481263993,pass
BERT_base&EEG_speech,color_binder,83,5,0.7505381542546986,pass
Llama_3_8B&EEG_speech,color_binder,83,1,0.7089717818773493,pass
Llama_3_8B&EEG_speech,color_binder,83,2,0.4886754062231924,pass
Llama_3_8B&EEG_speech,color_binder,83,3,0.6186942560152027,pass
Llama_3_8B&EEG_speech,color_binder,83,4,0.797514628795476,pass
Llama_3_8B&EEG_speech,color_binder,83,5,0.8447839456183505,pass
BERT_base&Llama_3_8B,pattern_binder,83,1,0.3035143774402742,pass
BERT_base&Llama_3_8B,pattern_binder,83,2,0.6116302893864225,pass
BERT_base&Llama_3_8B,pattern_binder,83,3,0.5330820800904114,pass
BERT_base&Llama_3_8B,pattern_binder,83,4,0.5683094519912819,pass
BERT_base&Llama_3_8B,pattern_binder,83,5,0.7404174344292729,pass
BERT_base&EEG_speech,pattern_binder,83,1,0.3315465972019197,pass
BERT_base&EEG_speech,pattern_binder,83,2,0.49410197280007284,pass
BERT_base&EEG_speech,pattern_binder,83,3,0.4945642463996548,pass
BERT_base&EEG_speech,pattern_binder,83,4,0.5460802931864636,pass
BERT_base&EEG_speech,pattern_binder,83,5,0.6183873223174436,pass
Llama_3_8B&EEG_speech,pattern_binder,83,1,0.26347039834966846,pass
Llama_3_8B&EEG_speech,pattern_binder,83,2,0.6170950818912474,pass
Llama_3_8B&EEG_speech,pattern_binder,83,3,0.479678545750318,pass
Llama_3_8B&EEG_speech,pattern_binder,83,4,0.5387936689516206,pass
Llama_3_8B&EEG_speech,pattern_binder,83,5,0.6445399583739082,pass
BERT_base&Llama_3_8B,large_binder,83,1,0.43585131302087254,pass
BERT_base&Llama_3_8B,large_binder,83,2,0.019268892470258647,pass
BERT_base&Llama_3_8B,large_binder,83,3,0.34464852313487326,pass
BERT_base&Llama_3_8B,large_binder,83,4,0.37614428606168915,pass
BERT_base&Llama_3_8B,large_binder,83,5,0.3764918628763271,pass
BERT_base&EEG_speech,large_binder,83,1,0.48867071515074867,pass
BERT_base&EEG_speech,large_binder,83,2,0.15696320638646144,pass
BERT_base&EEG_speech,large_binder,83,3,0.21422318042423194,pass
BERT_base&EEG_speech,large_binder,83,4,0.33159384921740453,pass
BERT_base&EEG_speech,large_binder,83,5,0.3691944376533455,pass
Llama_3_8B&EEG_speech,large_binder,83,1,0.38412312690682104,pass
Llama_3_8B&EEG_speech,large_binder,83,2,-0.04858270415929389,pass
Llama_3_8B&EEG_speech,large_binder,83,3,0.3578032183229579,pass
Llama_3_8B&EEG_speech,large_binder,83,4,0.448317265231289,pass
Llama_3_8B&EEG_speech,large_binder,83,5,0.3474568587948679,pass
BERT_base&Llama_3_8B,small_binder,83,1,0.45169470242078036,pass
BERT_base&Llama_3_8B,small_binder,83,2,0.5865873148399721,pass
BERT_base&Llama_3_8B,small_binder,83,3,0.6152329265940141,pass
BERT_base&Llama_3_8B,small_binder,83,4,0.301313092080161,pass
BERT_base&Llama_3_8B,small_binder,83,5,0.12768623474439,pass
BERT_base&EEG_speech,small_binder,83,1,0.5458521341625968,pass
BERT_base&EEG_speech,small_binder,83,2,0.37353593789583894,pass
BERT_base&EEG_speech,small_binder,83,3,0.5284424715151699,pass
BERT_base&EEG_speech,small_binder,83,4,0.2632138482602083,pass
BERT_base&EEG_speech,small_binder,83,5,0.2828089494944892,pass
Llama_3_8B&EEG_speech,small_binder,83,1,0.3088075157538468,pass
Llama_3_8B&EEG_speech,small_binder,83,2,0.638990793644195,pass
Llama_3_8B&EEG_speech,small_binder,83,3,0.5326491683727703,pass
Llama_3_8B&EEG_speech,small_binder,83,4,0.24956654349545881,pass
Llama_3_8B&EEG_speech,small_binder,83,5,0.017341758826393883,pass
BERT_base&Llama_3_8B,motion_binder,83,1,0.5701816822190183,pass
BERT_base&Llama_3_8B,motion_binder,83,2,0.7126210668103258,pass
BERT_base&Llama_3_8B,motion_binder,83,3,0.5818686149151133,pass
BERT_base&Llama_3_8B,motion_binder,83,4,0.5121232219595007,pass
BERT_base&Llama_3_8B,motion_binder,83,5,0.33860951931494787,pass
BERT_base&EEG_speech,motion_binder,83,1,0.6349666518588302,pass
BERT_base&EEG_speech,motion_binder,83,2,0.6642001805615119,pass
BERT_base&EEG_speech,motion_binder,83,3,0.5988761892082878,pass
BERT_base&EEG_speech,motion_binder,83,4,0.2811425231500454,pass
BERT_base&EEG_speech,motion_binder,83,5,0.2249034593090814,pass
Llama_3_8B&EEG_speech,motion_binder,83,1,0.5440405660713727,pass
Llama_3_8B&EEG_speech,motion_binder,83,2,0.6834829133367417,pass
Llama_3_8B&EEG_speech,motion_binder,83,3,0.5328811248195334,pass
Llama_3_8B&EEG_speech,motion_binder,83,4,0.48990843276561946,pass
Llama_3_8B&EEG_speech,motion_binder,83,5,0.30701587209547687,pass
BERT_base&Llama_3_8B,biomotion_binder,83,1,0.6562638240641805,pass
BERT_base&Llama_3_8B,biomotion_binder,83,2,0.6770706054275664,pass
BERT_base&Llama_3_8B,biomotion_binder,83,3,0.6562903523446975,pass
BERT_base&Llama_3_8B,biomotion_binder,83,4,0.6090591694724621,pass
BERT_base&Llama_3_8B,biomotion_binder,83,5,0.6968666254956757,pass
BERT_base&EEG_speech,biomotion_binder,83,1,0.6236969339108656,pass
BERT_base&EEG_speech,biomotion_binder,83,2,0.5666724253883757,pass
BERT_base&EEG_speech,biomotion_binder,83,3,0.7367572650309673,pass
BERT_base&EEG_speech,biomotion_binder,83,4,0.3944365826738938,pass
BERT_base&EEG_speech,biomotion_binder,83,5,0.5169507591287559,pass
Llama_3_8B&EEG_speech,biomotion_binder,83,1,0.6620686227737494,pass
Llama_3_8B&EEG_speech,biomotion_binder,83,2,0.6212689080056935,pass
Llama_3_8B&EEG_speech,biomotion_binder,83,3,0.6095261186277565,pass
Llama_3_8B&EEG_speech,biomotion_binder,83,4,0.602213360332716,pass
Llama_3_8B&EEG_speech,biomotion_binder,83,5,0.6405906618392057,pass
BERT_base&Llama_3_8B,fast_binder,83,1,0.5384089857947684,pass
BERT_base&Llama_3_8B,fast_binder,83,2,0.5967096309521889,pass
BERT_base&Llama_3_8B,fast_binder,83,3,0.5766975551122244,pass
BERT_base&Llama_3_8B,fast_binder,83,4,0.4445895827669024,pass
BERT_base&Llama_3_8B,fast_binder,83,5,-0.22274211250264098,pass
BERT_base&EEG_speech,fast_binder,83,1,0.510659121822116,pass
BERT_base&EEG_speech,fast_binder,83,2,0.5570077336506944,pass
BERT_base&EEG_speech,fast_binder,83,3,0.6608652692757562,pass
BERT_base&EEG_speech,fast_binder,83,4,0.3394979059739519,pass
BERT_base&EEG_speech,fast_binder,83,5,-0.1674971920327537,pass
Llama_3_8B&EEG_speech,fast_binder,83,1,0.520281796807958,pass
Llama_3_8B&EEG_speech,fast_binder,83,2,0.5640982796926914,pass
Llama_3_8B&EEG_speech,fast_binder,83,3,0.5170662601046632,pass
Llama_3_8B&EEG_speech,fast_binder,83,4,0.3890653645619844,pass
Llama_3_8B&EEG_speech,fast_binder,83,5,-0.3386959719614069,pass
BERT_base&Llama_3_8B,slow_binder,83,1,0.04877569882560151,pass
BERT_base&Llama_3_8B,slow_binder,83,2,-0.10112203598194447,pass
BERT_base&Llama_3_8B,slow_binder,83,3,0.08198816027877653,pass
BERT_base&Llama_3_8B,slow_binder,83,4,0.16144453670545944,pass
BERT_base&Llama_3_8B,slow_binder,83,5,-0.010151926253147314,pass
BERT_base&EEG_speech,slow_binder,83,1,0.1398059094445544,pass
BERT_base&EEG_speech,slow_binder,83,2,0.0833796058443278,pass
BERT_base&EEG_speech,slow_binder,83,3,0.0974916670581405,pass
BERT_base&EEG_speech,slow_binder,83,4,0.33511233605596247,pass
BERT_base&EEG_speech,slow_binder,83,5,-0.005197198591130325,pass
Llama_3_8B&EEG_speech,slow_binder,83,1,0.029490078077187287,pass
Llama_3_8B&EEG_speech,slow_binder,83,2,0.1922454793566274,pass
Llama_3_8B&EEG_speech,slow_binder,83,3,0.036758718804246304,pass
Llama_3_8B&EEG_speech,slow_binder,83,4,0.18946650852946345,pass
Llama_3_8B&EEG_speech,slow_binder,83,5,-0.004880144062329395,pass
BERT_base&Llama_3_8B,shape_binder,83,1,0.4239862085152529,pass
BERT_base&Llama_3_8B,shape_binder,83,2,0.7162598178446569,pass
BERT_base&Llama_3_8B,shape_binder,83,3,0.5661874892325318,pass
BERT_base&Llama_3_8B,shape_binder,83,4,0.5842645303251204,pass
BERT_base&Llama_3_8B,shape_binder,83,5,0.6393456584699834,pass
BERT_base&EEG_speech,shape_binder,83,1,0.4893545796367843,pass
BERT_base&EEG_speech,shape_binder,83,2,0.7775599531557267,pass
BERT_base&EEG_speech,shape_binder,83,3,0.6433268766153566,pass
BERT_base&EEG_speech,shape_binder,83,4,0.5671464727436737,pass
BERT_base&EEG_speech,shape_binder,83,5,0.5490946711661358,pass
Llama_3_8B&EEG_speech,shape_binder,83,1,0.4082737783473611,pass
Llama_3_8B&EEG_speech,shape_binder,83,2,0.6670859582449968,pass
Llama_3_8B&EEG_speech,shape_binder,83,3,0.5330526186596628,pass
Llama_3_8B&EEG_speech,shape_binder,83,4,0.5651232969565747,pass
Llama_3_8B&EEG_speech,shape_binder,83,5,0.585484157972272,pass
BERT_base&Llama_3_8B,complexity_binder,48,1,,test_n < 20
BERT_base&Llama_3_8B,complexity_binder,48,2,,test_n < 20
BERT_base&Llama_3_8B,complexity_binder,48,3,,test_n < 20
BERT_base&Llama_3_8B,complexity_binder,48,4,,test_n < 20
BERT_base&Llama_3_8B,complexity_binder,48,5,,test_n < 20
BERT_base&EEG_speech,complexity_binder,48,1,,test_n < 20
BERT_base&EEG_speech,complexity_binder,48,2,,test_n < 20
BERT_base&EEG_speech,complexity_binder,48,3,,test_n < 20
BERT_base&EEG_speech,complexity_binder,48,4,,test_n < 20
BERT_base&EEG_speech,complexity_binder,48,5,,test_n < 20
Llama_3_8B&EEG_speech,complexity_binder,48,1,,test_n < 20
Llama_3_8B&EEG_speech,complexity_binder,48,2,,test_n < 20
Llama_3_8B&EEG_speech,complexity_binder,48,3,,test_n < 20
Llama_3_8B&EEG_speech,complexity_binder,48,4,,test_n < 20
Llama_3_8B&EEG_speech,complexity_binder,48,5,,test_n < 20
BERT_base&Llama_3_8B,face_binder,83,1,0.4706041022308962,pass
BERT_base&Llama_3_8B,face_binder,83,2,0.4865368399425124,pass
BERT_base&Llama_3_8B,face_binder,83,3,0.5056905422786884,pass
BERT_base&Llama_3_8B,face_binder,83,4,0.4329455406349686,pass
BERT_base&Llama_3_8B,face_binder,83,5,0.6220179984499679,pass
BERT_base&EEG_speech,face_binder,83,1,0.48952389007412,pass
BERT_base&EEG_speech,face_binder,83,2,0.4846918508095257,pass
BERT_base&EEG_speech,face_binder,83,3,0.5800226143449883,pass
BERT_base&EEG_speech,face_binder,83,4,0.2856375594717053,pass
BERT_base&EEG_speech,face_binder,83,5,0.4253825104618907,pass
Llama_3_8B&EEG_speech,face_binder,83,1,0.48343512063531935,pass
Llama_3_8B&EEG_speech,face_binder,83,2,0.42738932006510244,pass
Llama_3_8B&EEG_speech,face_binder,83,3,0.4658788886530155,pass
Llama_3_8B&EEG_speech,face_binder,83,4,0.3782332997347625,pass
Llama_3_8B&EEG_speech,face_binder,83,5,0.6554233264085397,pass
BERT_base&Llama_3_8B,body_binder,83,1,0.6075875237527486,pass
BERT_base&Llama_3_8B,body_binder,83,2,0.6412339228807518,pass
BERT_base&Llama_3_8B,body_binder,83,3,0.6959842900340989,pass
BERT_base&Llama_3_8B,body_binder,83,4,0.5330871625960992,pass
BERT_base&Llama_3_8B,body_binder,83,5,0.6380231242787949,pass
BERT_base&EEG_speech,body_binder,83,1,0.7185807041391441,pass
BERT_base&EEG_speech,body_binder,83,2,0.6099724819882206,pass
BERT_base&EEG_speech,body_binder,83,3,0.7267339512735188,pass
BERT_base&EEG_speech,body_binder,83,4,0.4445190902022277,pass
BERT_base&EEG_speech,body_binder,83,5,0.5819570075767901,pass
Llama_3_8B&EEG_speech,body_binder,83,1,0.563881885173128,pass
Llama_3_8B&EEG_speech,body_binder,83,2,0.6079388729327635,pass
Llama_3_8B&EEG_speech,body_binder,83,3,0.6696978918339626,pass
Llama_3_8B&EEG_speech,body_binder,83,4,0.49871485188553455,pass
Llama_3_8B&EEG_speech,body_binder,83,5,0.605849286935245,pass
BERT_base&Llama_3_8B,touch_binder,83,1,0.15950121237607995,pass
BERT_base&Llama_3_8B,touch_binder,83,2,0.8469462177533014,pass
BERT_base&Llama_3_8B,touch_binder,83,3,0.616440433127562,pass
BERT_base&Llama_3_8B,touch_binder,83,4,0.493244620581174,pass
BERT_base&Llama_3_8B,touch_binder,83,5,0.4690592936933933,pass
BERT_base&EEG_speech,touch_binder,83,1,0.025389432859514005,pass
BERT_base&EEG_speech,touch_binder,83,2,0.6019909872069917,pass
BERT_base&EEG_speech,touch_binder,83,3,0.5202834652288524,pass
BERT_base&EEG_speech,touch_binder,83,4,0.27482322141951887,pass
BERT_base&EEG_speech,touch_binder,83,5,0.3629058728607214,pass
Llama_3_8B&EEG_speech,touch_binder,83,1,0.11383246113145196,pass
Llama_3_8B&EEG_speech,touch_binder,83,2,0.8248800856545413,pass
Llama_3_8B&EEG_speech,touch_binder,83,3,0.6192099821793849,pass
Llama_3_8B&EEG_speech,touch_binder,83,4,0.5126416764982138,pass
Llama_3_8B&EEG_speech,touch_binder,83,5,0.42008182057127064,pass
BERT_base&Llama_3_8B,temperature_binder,83,1,0.7650090162031584,pass
BERT_base&Llama_3_8B,temperature_binder,83,2,0.42885114323966267,pass
BERT_base&Llama_3_8B,temperature_binder,83,3,0.7330639049930525,pass
BERT_base&Llama_3_8B,temperature_binder,83,4,0.012708251558876671,pass
BERT_base&Llama_3_8B,temperature_binder,83,5,0.4750124593207913,pass
BERT_base&EEG_speech,temperature_binder,83,1,0.5893979681104299,pass
BERT_base&EEG_speech,temperature_binder,83,2,0.4980788731173581,pass
BERT_base&EEG_speech,temperature_binder,83,3,0.7269039698702502,pass
BERT_base&EEG_speech,temperature_binder,83,4,0.08065380605538597,pass
BERT_base&EEG_speech,temperature_binder,83,5,0.5734298735117815,pass
Llama_3_8B&EEG_speech,temperature_binder,83,1,0.6916276279735187,pass
Llama_3_8B&EEG_speech,temperature_binder,83,2,0.3987371339454513,pass
Llama_3_8B&EEG_speech,temperature_binder,83,3,0.7137135286041194,pass
Llama_3_8B&EEG_speech,temperature_binder,83,4,-0.31786307349246523,pass
Llama_3_8B&EEG_speech,temperature_binder,83,5,0.4366979581241405,pass
BERT_base&Llama_3_8B,texture_binder,83,1,0.3741184421638871,pass
BERT_base&Llama_3_8B,texture_binder,83,2,0.690881423317848,pass
BERT_base&Llama_3_8B,texture_binder,83,3,0.5018187952859197,pass
BERT_base&Llama_3_8B,texture_binder,83,4,0.4292800212646445,pass
BERT_base&Llama_3_8B,texture_binder,83,5,0.5186142576360342,pass
BERT_base&EEG_speech,texture_binder,83,1,0.2236659834293947,pass
BERT_base&EEG_speech,texture_binder,83,2,0.663033207548662,pass
BERT_base&EEG_speech,texture_binder,83,3,0.5190886826853389,pass
BERT_base&EEG_speech,texture_binder,83,4,0.41147418439339467,pass
BERT_base&EEG_speech,texture_binder,83,5,0.5096042218129617,pass
Llama_3_8B&EEG_speech,texture_binder,83,1,0.4030625888202638,pass
Llama_3_8B&EEG_speech,texture_binder,83,2,0.6599126278659957,pass
Llama_3_8B&EEG_speech,texture_binder,83,3,0.5042151202844791,pass
Llama_3_8B&EEG_speech,texture_binder,83,4,0.4281111211120818,pass
Llama_3_8B&EEG_speech,texture_binder,83,5,0.49797367356419975,pass
BERT_base&Llama_3_8B,weight_binder,83,1,0.39529626920537664,pass
BERT_base&Llama_3_8B,weight_binder,83,2,0.2915943994749626,pass
BERT_base&Llama_3_8B,weight_binder,83,3,0.503349831292548,pass
BERT_base&Llama_3_8B,weight_binder,83,4,0.22969240438816285,pass
BERT_base&Llama_3_8B,weight_binder,83,5,0.5664396370735585,pass
BERT_base&EEG_speech,weight_binder,83,1,0.38613265333054925,pass
BERT_base&EEG_speech,weight_binder,83,2,0.11241526660195578,pass
BERT_base&EEG_speech,weight_binder,83,3,0.3589435628120812,pass
BERT_base&EEG_speech,weight_binder,83,4,0.24713011079389036,pass
BERT_base&EEG_speech,weight_binder,83,5,0.35948091194224685,pass
Llama_3_8B&EEG_speech,weight_binder,83,1,0.3849425587140548,pass
Llama_3_8B&EEG_speech,weight_binder,83,2,0.2737963565629371,pass
Llama_3_8B&EEG_speech,weight_binder,83,3,0.4900616975098744,pass
Llama_3_8B&EEG_speech,weight_binder,83,4,0.18398831433220608,pass
Llama_3_8B&EEG_speech,weight_binder,83,5,0.532726121236953,pass
BERT_base&Llama_3_8B,pain_binder,83,1,0.18798415008321312,pass
BERT_base&Llama_3_8B,pain_binder,83,2,0.15405539188440498,pass
BERT_base&Llama_3_8B,pain_binder,83,3,0.11635447984670944,pass
BERT_base&Llama_3_8B,pain_binder,83,4,0.398613047398266,pass
BERT_base&Llama_3_8B,pain_binder,83,5,-0.10607370374080816,pass
BERT_base&EEG_speech,pain_binder,83,1,0.28263023957931044,pass
BERT_base&EEG_speech,pain_binder,83,2,0.14218674820092603,pass
BERT_base&EEG_speech,pain_binder,83,3,0.19046654718516098,pass
BERT_base&EEG_speech,pain_binder,83,4,0.40868168708324326,pass
BERT_base&EEG_speech,pain_binder,83,5,0.02705647923742216,pass
Llama_3_8B&EEG_speech,pain_binder,83,1,0.23730730782855924,pass
Llama_3_8B&EEG_speech,pain_binder,83,2,0.13844054549138873,pass
Llama_3_8B&EEG_speech,pain_binder,83,3,0.12247075013366071,pass
Llama_3_8B&EEG_speech,pain_binder,83,4,0.4045042126145243,pass
Llama_3_8B&EEG_speech,pain_binder,83,5,-0.41265958409275316,pass
BERT_base&Llama_3_8B,audition_binder,83,1,0.2386266344839082,pass
BERT_base&Llama_3_8B,audition_binder,83,2,0.21437326567893522,pass
BERT_base&Llama_3_8B,audition_binder,83,3,0.39687628350601234,pass
BERT_base&Llama_3_8B,audition_binder,83,4,0.3750455450197471,pass
BERT_base&Llama_3_8B,audition_binder,83,5,0.24799561015818672,pass
BERT_base&EEG_speech,audition_binder,83,1,0.2267418919642017,pass
BERT_base&EEG_speech,audition_binder,83,2,0.3901236276600186,pass
BERT_base&EEG_speech,audition_binder,83,3,0.5434926461690543,pass
BERT_base&EEG_speech,audition_binder,83,4,0.45543545214453973,pass
BERT_base&EEG_speech,audition_binder,83,5,0.22587324296323064,pass
Llama_3_8B&EEG_speech,audition_binder,83,1,0.1701385761941211,pass
Llama_3_8B&EEG_speech,audition_binder,83,2,0.19079566057424469,pass
Llama_3_8B&EEG_speech,audition_binder,83,3,0.30111749125230725,pass
Llama_3_8B&EEG_speech,audition_binder,83,4,0.23210938904287826,pass
Llama_3_8B&EEG_speech,audition_binder,83,5,0.3395947130613838,pass
BERT_base&Llama_3_8B,loud_binder,83,1,0.25632013526398045,pass
BERT_base&Llama_3_8B,loud_binder,83,2,0.33919126652617837,pass
BERT_base&Llama_3_8B,loud_binder,83,3,0.4263178181070565,pass
BERT_base&Llama_3_8B,loud_binder,83,4,0.4226022011282854,pass
BERT_base&Llama_3_8B,loud_binder,83,5,0.23843770897009453,pass
BERT_base&EEG_speech,loud_binder,83,1,0.20997229507420845,pass
BERT_base&EEG_speech,loud_binder,83,2,0.5364617268791095,pass
BERT_base&EEG_speech,loud_binder,83,3,0.49703568459874703,pass
BERT_base&EEG_speech,loud_binder,83,4,0.36296560909926234,pass
BERT_base&EEG_speech,loud_binder,83,5,0.12006100648841245,pass
Llama_3_8B&EEG_speech,loud_binder,83,1,0.24367726487042618,pass
Llama_3_8B&EEG_speech,loud_binder,83,2,0.3011120712904375,pass
Llama_3_8B&EEG_speech,loud_binder,83,3,0.31775116978453455,pass
Llama_3_8B&EEG_speech,loud_binder,83,4,0.23307699218556033,pass
Llama_3_8B&EEG_speech,loud_binder,83,5,0.3778994116332165,pass
BERT_base&Llama_3_8B,low_binder,83,1,0.3702853332093984,pass
BERT_base&Llama_3_8B,low_binder,83,2,0.22066202843199378,pass
BERT_base&Llama_3_8B,low_binder,83,3,0.22500491480694984,pass
BERT_base&Llama_3_8B,low_binder,83,4,0.4224904085799186,pass
BERT_base&Llama_3_8B,low_binder,83,5,0.4227100216598094,pass
BERT_base&EEG_speech,low_binder,83,1,-0.36815970949871346,pass
BERT_base&EEG_speech,low_binder,83,2,0.20091773690053982,pass
BERT_base&EEG_speech,low_binder,83,3,0.2735245911314369,pass
BERT_base&EEG_speech,low_binder,83,4,0.15939054233336247,pass
BERT_base&EEG_speech,low_binder,83,5,0.3467000913312387,pass
Llama_3_8B&EEG_speech,low_binder,83,1,0.307031160123592,pass
Llama_3_8B&EEG_speech,low_binder,83,2,0.17420047693377405,pass
Llama_3_8B&EEG_speech,low_binder,83,3,0.184449911514592,pass
Llama_3_8B&EEG_speech,low_binder,83,4,0.36728550206406385,pass
Llama_3_8B&EEG_speech,low_binder,83,5,0.46890946135616984,pass
BERT_base&Llama_3_8B,high_binder,83,1,0.5072904409342965,pass
BERT_base&Llama_3_8B,high_binder,83,2,0.03971478061213518,pass
BERT_base&Llama_3_8B,high_binder,83,3,0.12142949509472356,pass
BERT_base&Llama_3_8B,high_binder,83,4,-0.9502914092348211,pass
BERT_base&Llama_3_8B,high_binder,83,5,-1.493984736424129,pass
BERT_base&EEG_speech,high_binder,83,1,0.38629689273026724,pass
BERT_base&EEG_speech,high_binder,83,2,0.19460910311824864,pass
BERT_base&EEG_speech,high_binder,83,3,0.2836913906607669,pass
BERT_base&EEG_speech,high_binder,83,4,0.05480848195212551,pass
BERT_base&EEG_speech,high_binder,83,5,-1.6108451409258735,pass
Llama_3_8B&EEG_speech,high_binder,83,1,0.3060954541161366,pass
Llama_3_8B&EEG_speech,high_binder,83,2,-0.061756246767267875,pass
Llama_3_8B&EEG_speech,high_binder,83,3,0.08055388853677448,pass
Llama_3_8B&EEG_speech,high_binder,83,4,-1.10646497289878,pass
Llama_3_8B&EEG_speech,high_binder,83,5,-1.6258191285692933,pass
BERT_base&Llama_3_8B,sound_binder,83,1,0.2855358317194908,pass
BERT_base&Llama_3_8B,sound_binder,83,2,0.09588647726645283,pass
BERT_base&Llama_3_8B,sound_binder,83,3,0.41779493086753394,pass
BERT_base&Llama_3_8B,sound_binder,83,4,0.24265040624688716,pass
BERT_base&Llama_3_8B,sound_binder,83,5,-0.5212370818031402,pass
BERT_base&EEG_speech,sound_binder,83,1,0.16287505109888678,pass
BERT_base&EEG_speech,sound_binder,83,2,0.16486199474348995,pass
BERT_base&EEG_speech,sound_binder,83,3,0.38468078817621665,pass
BERT_base&EEG_speech,sound_binder,83,4,0.2400741117680224,pass
BERT_base&EEG_speech,sound_binder,83,5,-0.37491953152690716,pass
Llama_3_8B&EEG_speech,sound_binder,83,1,0.2584471476704876,pass
Llama_3_8B&EEG_speech,sound_binder,83,2,0.07515830623292596,pass
Llama_3_8B&EEG_speech,sound_binder,83,3,0.19670524758798547,pass
Llama_3_8B&EEG_speech,sound_binder,83,4,0.11940393015956796,pass
Llama_3_8B&EEG_speech,sound_binder,83,5,-0.20251400356361637,pass
BERT_base&Llama_3_8B,music_binder,83,1,0.027233265723193734,pass
BERT_base&Llama_3_8B,music_binder,83,2,-0.05465073240900664,pass
BERT_base&Llama_3_8B,music_binder,83,3,-0.08978265350949877,pass
BERT_base&Llama_3_8B,music_binder,83,4,-0.6590204763933714,pass
BERT_base&Llama_3_8B,music_binder,83,5,-3.036110143123139,pass
BERT_base&EEG_speech,music_binder,83,1,0.0546048036348078,pass
BERT_base&EEG_speech,music_binder,83,2,0.03570350089827501,pass
BERT_base&EEG_speech,music_binder,83,3,-0.05163283831832399,pass
BERT_base&EEG_speech,music_binder,83,4,-0.8067060372793156,pass
BERT_base&EEG_speech,music_binder,83,5,-3.09404722788505,pass
Llama_3_8B&EEG_speech,music_binder,83,1,0.061910980624505396,pass
Llama_3_8B&EEG_speech,music_binder,83,2,-0.04412987273805946,pass
Llama_3_8B&EEG_speech,music_binder,83,3,-0.09235068053245277,pass
Llama_3_8B&EEG_speech,music_binder,83,4,-0.7475016495662887,pass
Llama_3_8B&EEG_speech,music_binder,83,5,-1.705499270547485,pass
BERT_base&Llama_3_8B,speech_binder,83,1,0.4467322103602682,pass
BERT_base&Llama_3_8B,speech_binder,83,2,0.12218592141639273,pass
BERT_base&Llama_3_8B,speech_binder,83,3,0.30819667770259285,pass
BERT_base&Llama_3_8B,speech_binder,83,4,0.3684468428313674,pass
BERT_base&Llama_3_8B,speech_binder,83,5,0.6345518829642022,pass
BERT_base&EEG_speech,speech_binder,83,1,0.5446172072043214,pass
BERT_base&EEG_speech,speech_binder,83,2,-0.005652684290162524,pass
BERT_base&EEG_speech,speech_binder,83,3,0.28566097198417817,pass
BERT_base&EEG_speech,speech_binder,83,4,0.2909950721703929,pass
BERT_base&EEG_speech,speech_binder,83,5,0.43237344708044334,pass
Llama_3_8B&EEG_speech,speech_binder,83,1,0.42689884497431607,pass
Llama_3_8B&EEG_speech,speech_binder,83,2,0.07595238866428111,pass
Llama_3_8B&EEG_speech,speech_binder,83,3,0.2602281337930209,pass
Llama_3_8B&EEG_speech,speech_binder,83,4,0.31234451770990324,pass
Llama_3_8B&EEG_speech,speech_binder,83,5,0.6111378151739106,pass
BERT_base&Llama_3_8B,taste_binder,83,1,0.7833615371598326,pass
BERT_base&Llama_3_8B,taste_binder,83,2,0.5472985500979081,pass
BERT_base&Llama_3_8B,taste_binder,83,3,0.6388146790274761,pass
BERT_base&Llama_3_8B,taste_binder,83,4,-1.4844137572145808,pass
BERT_base&Llama_3_8B,taste_binder,83,5,0.3512243686981076,pass
BERT_base&EEG_speech,taste_binder,83,1,0.3702111103460556,pass
BERT_base&EEG_speech,taste_binder,83,2,0.6191043840474437,pass
BERT_base&EEG_speech,taste_binder,83,3,0.09328835026139903,pass
BERT_base&EEG_speech,taste_binder,83,4,-1.8351841178641357,pass
BERT_base&EEG_speech,taste_binder,83,5,-0.5308207627775614,pass
Llama_3_8B&EEG_speech,taste_binder,83,1,0.8029168380359764,pass
Llama_3_8B&EEG_speech,taste_binder,83,2,0.49617553770962697,pass
Llama_3_8B&EEG_speech,taste_binder,83,3,0.6000175838346478,pass
Llama_3_8B&EEG_speech,taste_binder,83,4,-1.3436505787482127,pass
Llama_3_8B&EEG_speech,taste_binder,83,5,0.2502184594501571,pass
BERT_base&Llama_3_8B,smell_binder,83,1,0.42452904205093456,pass
BERT_base&Llama_3_8B,smell_binder,83,2,0.07603098837033884,pass
BERT_base&Llama_3_8B,smell_binder,83,3,-0.30899724793089334,pass
BERT_base&Llama_3_8B,smell_binder,83,4,-0.010169249620740173,pass
BERT_base&Llama_3_8B,smell_binder,83,5,-0.8074104510191356,pass
BERT_base&EEG_speech,smell_binder,83,1,0.09149978671265702,pass
BERT_base&EEG_speech,smell_binder,83,2,0.18336931951845714,pass
BERT_base&EEG_speech,smell_binder,83,3,-0.2267804502220001,pass
BERT_base&EEG_speech,smell_binder,83,4,0.08483043271631674,pass
BERT_base&EEG_speech,smell_binder,83,5,-0.4815423922750435,pass
Llama_3_8B&EEG_speech,smell_binder,83,1,0.48609228336454535,pass
Llama_3_8B&EEG_speech,smell_binder,83,2,0.037498299707259375,pass
Llama_3_8B&EEG_speech,smell_binder,83,3,-0.3151100193622425,pass
Llama_3_8B&EEG_speech,smell_binder,83,4,-0.06387020539857158,pass
Llama_3_8B&EEG_speech,smell_binder,83,5,-0.5011871841253428,pass
BERT_base&Llama_3_8B,head_binder,83,1,0.6782846000177459,pass
BERT_base&Llama_3_8B,head_binder,83,2,0.5443352651028235,pass
BERT_base&Llama_3_8B,head_binder,83,3,0.4871521953828071,pass
BERT_base&Llama_3_8B,head_binder,83,4,0.15023815253719608,pass
BERT_base&Llama_3_8B,head_binder,83,5,-0.08224005316065641,pass
BERT_base&EEG_speech,head_binder,83,1,0.5822218113804934,pass
BERT_base&EEG_speech,head_binder,83,2,0.7476484221281112,pass
BERT_base&EEG_speech,head_binder,83,3,0.6907156303732381,pass
BERT_base&EEG_speech,head_binder,83,4,0.3552878261493483,pass
BERT_base&EEG_speech,head_binder,83,5,-0.023450794138796027,pass
Llama_3_8B&EEG_speech,head_binder,83,1,0.5981351780593847,pass
Llama_3_8B&EEG_speech,head_binder,83,2,0.4210340703553166,pass
Llama_3_8B&EEG_speech,head_binder,83,3,0.37628432830534375,pass
Llama_3_8B&EEG_speech,head_binder,83,4,-0.15905993606838442,pass
Llama_3_8B&EEG_speech,head_binder,83,5,-0.10815353028900332,pass
BERT_base&Llama_3_8B,upper_limb_binder,83,1,0.3786369848718265,pass
BERT_base&Llama_3_8B,upper_limb_binder,83,2,0.3763991475065698,pass
BERT_base&Llama_3_8B,upper_limb_binder,83,3,0.30603706785553264,pass
BERT_base&Llama_3_8B,upper_limb_binder,83,4,0.4636807953312516,pass
BERT_base&Llama_3_8B,upper_limb_binder,83,5,0.19418884992755037,pass
BERT_base&EEG_speech,upper_limb_binder,83,1,0.2807096819216809,pass
BERT_base&EEG_speech,upper_limb_binder,83,2,0.3783318638180837,pass
BERT_base&EEG_speech,upper_limb_binder,83,3,0.3397804006996701,pass
BERT_base&EEG_speech,upper_limb_binder,83,4,0.4284701510950829,pass
BERT_base&EEG_speech,upper_limb_binder,83,5,-0.21889930586653294,pass
Llama_3_8B&EEG_speech,upper_limb_binder,83,1,0.3529718834068305,pass
Llama_3_8B&EEG_speech,upper_limb_binder,83,2,0.39715162505612955,pass
Llama_3_8B&EEG_speech,upper_limb_binder,83,3,0.3284496373228546,pass
Llama_3_8B&EEG_speech,upper_limb_binder,83,4,0.4872572117915236,pass
Llama_3_8B&EEG_speech,upper_limb_binder,83,5,0.2727486241404189,pass
BERT_base&Llama_3_8B,lower_limb_binder,83,1,0.21772798438613594,pass
BERT_base&Llama_3_8B,lower_limb_binder,83,2,0.2870732571339606,pass
BERT_base&Llama_3_8B,lower_limb_binder,83,3,0.3002160317964526,pass
BERT_base&Llama_3_8B,lower_limb_binder,83,4,0.1751484103932197,pass
BERT_base&Llama_3_8B,lower_limb_binder,83,5,0.4226282203524593,pass
BERT_base&EEG_speech,lower_limb_binder,83,1,0.05963396776506302,pass
BERT_base&EEG_speech,lower_limb_binder,83,2,0.18491607721202885,pass
BERT_base&EEG_speech,lower_limb_binder,83,3,0.21428555983883146,pass
BERT_base&EEG_speech,lower_limb_binder,83,4,-0.060234673684897766,pass
BERT_base&EEG_speech,lower_limb_binder,83,5,0.3431368459104277,pass
Llama_3_8B&EEG_speech,lower_limb_binder,83,1,0.0534723447396267,pass
Llama_3_8B&EEG_speech,lower_limb_binder,83,2,0.25748705295625485,pass
Llama_3_8B&EEG_speech,lower_limb_binder,83,3,0.3025021460482118,pass
Llama_3_8B&EEG_speech,lower_limb_binder,83,4,0.13126549889836592,pass
Llama_3_8B&EEG_speech,lower_limb_binder,83,5,0.38607482111741753,pass
BERT_base&Llama_3_8B,practice_binder,64,1,,test_n < 20
BERT_base&Llama_3_8B,practice_binder,64,2,,test_n < 20
BERT_base&Llama_3_8B,practice_binder,64,3,,test_n < 20
BERT_base&Llama_3_8B,practice_binder,64,4,,test_n < 20
BERT_base&Llama_3_8B,practice_binder,64,5,,test_n < 20
BERT_base&EEG_speech,practice_binder,64,1,,test_n < 20
BERT_base&EEG_speech,practice_binder,64,2,,test_n < 20
BERT_base&EEG_speech,practice_binder,64,3,,test_n < 20
BERT_base&EEG_speech,practice_binder,64,4,,test_n < 20
BERT_base&EEG_speech,practice_binder,64,5,,test_n < 20
Llama_3_8B&EEG_speech,practice_binder,64,1,,test_n < 20
Llama_3_8B&EEG_speech,practice_binder,64,2,,test_n < 20
Llama_3_8B&EEG_speech,practice_binder,64,3,,test_n < 20
Llama_3_8B&EEG_speech,practice_binder,64,4,,test_n < 20
Llama_3_8B&EEG_speech,practice_binder,64,5,,test_n < 20
BERT_base&Llama_3_8B,landmark_binder,83,1,0.5120587128923901,pass
BERT_base&Llama_3_8B,landmark_binder,83,2,0.09430503993379091,pass
BERT_base&Llama_3_8B,landmark_binder,83,3,0.3116820929762244,pass
BERT_base&Llama_3_8B,landmark_binder,83,4,0.5932992882433374,pass
BERT_base&Llama_3_8B,landmark_binder,83,5,0.18211877933520593,pass
BERT_base&EEG_speech,landmark_binder,83,1,0.49646108265505273,pass
BERT_base&EEG_speech,landmark_binder,83,2,0.06115509784561668,pass
BERT_base&EEG_speech,landmark_binder,83,3,0.32319675780474055,pass
BERT_base&EEG_speech,landmark_binder,83,4,0.3807313371251009,pass
BERT_base&EEG_speech,landmark_binder,83,5,0.0059151963909598315,pass
Llama_3_8B&EEG_speech,landmark_binder,83,1,0.5223751918358805,pass
Llama_3_8B&EEG_speech,landmark_binder,83,2,0.08431989780471039,pass
Llama_3_8B&EEG_speech,landmark_binder,83,3,0.28291691318027856,pass
Llama_3_8B&EEG_speech,landmark_binder,83,4,0.5643698926296788,pass
Llama_3_8B&EEG_speech,landmark_binder,83,5,-0.04784708566825624,pass
BERT_base&Llama_3_8B,path_binder,83,1,0.6015586003368742,pass
BERT_base&Llama_3_8B,path_binder,83,2,0.59167865402215,pass
BERT_base&Llama_3_8B,path_binder,83,3,0.2923357110208663,pass
BERT_base&Llama_3_8B,path_binder,83,4,0.45314411976034064,pass
BERT_base&Llama_3_8B,path_binder,83,5,0.5867150366117937,pass
BERT_base&EEG_speech,path_binder,83,1,0.35756243125676657,pass
BERT_base&EEG_speech,path_binder,83,2,0.6546764288374154,pass
BERT_base&EEG_speech,path_binder,83,3,0.25873247868942983,pass
BERT_base&EEG_speech,path_binder,83,4,0.37327648381300105,pass
BERT_base&EEG_speech,path_binder,83,5,0.5226174845768153,pass
Llama_3_8B&EEG_speech,path_binder,83,1,0.6018736705147367,pass
Llama_3_8B&EEG_speech,path_binder,83,2,0.5443958994143867,pass
Llama_3_8B&EEG_speech,path_binder,83,3,0.19552737319736413,pass
Llama_3_8B&EEG_speech,path_binder,83,4,0.4027663606310883,pass
Llama_3_8B&EEG_speech,path_binder,83,5,0.6496689295525497,pass
BERT_base&Llama_3_8B,scene_binder,83,1,0.3820306964793083,pass
BERT_base&Llama_3_8B,scene_binder,83,2,-0.0642022202846868,pass
BERT_base&Llama_3_8B,scene_binder,83,3,0.5177480528467426,pass
BERT_base&Llama_3_8B,scene_binder,83,4,0.4905766671349202,pass
BERT_base&Llama_3_8B,scene_binder,83,5,0.05486664655955564,pass
BERT_base&EEG_speech,scene_binder,83,1,0.36090154307032885,pass
BERT_base&EEG_speech,scene_binder,83,2,0.003708242709230425,pass
BERT_base&EEG_speech,scene_binder,83,3,0.4541094027877828,pass
BERT_base&EEG_speech,scene_binder,83,4,0.4591597475470277,pass
BERT_base&EEG_speech,scene_binder,83,5,0.18572788707024912,pass
Llama_3_8B&EEG_speech,scene_binder,83,1,0.27076364089885774,pass
Llama_3_8B&EEG_speech,scene_binder,83,2,-0.12339290727154517,pass
Llama_3_8B&EEG_speech,scene_binder,83,3,0.46736404723835057,pass
Llama_3_8B&EEG_speech,scene_binder,83,4,0.45433117328673067,pass
Llama_3_8B&EEG_speech,scene_binder,83,5,0.017018242247495485,pass
BERT_base&Llama_3_8B,near_binder,83,1,0.7850856674167953,pass
BERT_base&Llama_3_8B,near_binder,83,2,0.6941266697914635,pass
BERT_base&Llama_3_8B,near_binder,83,3,0.6358246377378882,pass
BERT_base&Llama_3_8B,near_binder,83,4,0.4058308090740027,pass
BERT_base&Llama_3_8B,near_binder,83,5,0.5141969740135413,pass
BERT_base&EEG_speech,near_binder,83,1,0.7293900474924793,pass
BERT_base&EEG_speech,near_binder,83,2,0.7019138209791602,pass
BERT_base&EEG_speech,near_binder,83,3,0.6577556037670207,pass
BERT_base&EEG_speech,near_binder,83,4,0.4573171418635579,pass
BERT_base&EEG_speech,near_binder,83,5,0.49590939690941527,pass
Llama_3_8B&EEG_speech,near_binder,83,1,0.775778226456723,pass
Llama_3_8B&EEG_speech,near_binder,83,2,0.6788451355497799,pass
Llama_3_8B&EEG_speech,near_binder,83,3,0.5811362486398488,pass
Llama_3_8B&EEG_speech,near_binder,83,4,0.3432751989992501,pass
Llama_3_8B&EEG_speech,near_binder,83,5,0.46992512486719185,pass
BERT_base&Llama_3_8B,toward_binder,83,1,0.21277952527492883,pass
BERT_base&Llama_3_8B,toward_binder,83,2,0.3894483703574185,pass
BERT_base&Llama_3_8B,toward_binder,83,3,0.35199358459454255,pass
BERT_base&Llama_3_8B,toward_binder,83,4,0.13702042634383216,pass
BERT_base&Llama_3_8B,toward_binder,83,5,0.5126061165240137,pass
BERT_base&EEG_speech,toward_binder,83,1,0.10287051379232148,pass
BERT_base&EEG_speech,toward_binder,83,2,0.36277473551552664,pass
BERT_base&EEG_speech,toward_binder,83,3,0.26892058796868656,pass
BERT_base&EEG_speech,toward_binder,83,4,-0.08676164473612369,pass
BERT_base&EEG_speech,toward_binder,83,5,0.12342084322406977,pass
Llama_3_8B&EEG_speech,toward_binder,83,1,0.13760722150268268,pass
Llama_3_8B&EEG_speech,toward_binder,83,2,0.3332322418391289,pass
Llama_3_8B&EEG_speech,toward_binder,83,3,0.2922547356666474,pass
Llama_3_8B&EEG_speech,toward_binder,83,4,0.07037889964696586,pass
Llama_3_8B&EEG_speech,toward_binder,83,5,0.41918542578127327,pass
BERT_base&Llama_3_8B,away_binder,83,1,0.0928369019135532,pass
BERT_base&Llama_3_8B,away_binder,83,2,0.16240352452267237,pass
BERT_base&Llama_3_8B,away_binder,83,3,0.2657095261953919,pass
BERT_base&Llama_3_8B,away_binder,83,4,0.3689240434847466,pass
BERT_base&Llama_3_8B,away_binder,83,5,0.31678250559201826,pass
BERT_base&EEG_speech,away_binder,83,1,0.10519108489487206,pass
BERT_base&EEG_speech,away_binder,83,2,0.3556044680790462,pass
BERT_base&EEG_speech,away_binder,83,3,0.3298219842666119,pass
BERT_base&EEG_speech,away_binder,83,4,0.4274854421016029,pass
BERT_base&EEG_speech,away_binder,83,5,0.3547050520635664,pass
Llama_3_8B&EEG_speech,away_binder,83,1,0.050289440928059204,pass
Llama_3_8B&EEG_speech,away_binder,83,2,0.1302647294050523,pass
Llama_3_8B&EEG_speech,away_binder,83,3,0.17871201404570558,pass
Llama_3_8B&EEG_speech,away_binder,83,4,0.25540442493321047,pass
Llama_3_8B&EEG_speech,away_binder,83,5,0.41215897503513077,pass
BERT_base&Llama_3_8B,number_binder,83,1,0.4663060690840275,pass
BERT_base&Llama_3_8B,number_binder,83,2,0.6776477421591801,pass
BERT_base&Llama_3_8B,number_binder,83,3,0.18474958916020867,pass
BERT_base&Llama_3_8B,number_binder,83,4,0.1517899983765254,pass
BERT_base&Llama_3_8B,number_binder,83,5,0.5278230287804335,pass
BERT_base&EEG_speech,number_binder,83,1,0.40860482595287195,pass
BERT_base&EEG_speech,number_binder,83,2,0.4295313817756249,pass
BERT_base&EEG_speech,number_binder,83,3,0.2653156291212231,pass
BERT_base&EEG_speech,number_binder,83,4,-0.15710153904593493,pass
BERT_base&EEG_speech,number_binder,83,5,0.5235959768623244,pass
Llama_3_8B&EEG_speech,number_binder,83,1,0.37769709840183396,pass
Llama_3_8B&EEG_speech,number_binder,83,2,0.6688438544549353,pass
Llama_3_8B&EEG_speech,number_binder,83,3,0.154890815816067,pass
Llama_3_8B&EEG_speech,number_binder,83,4,0.17338052354415712,pass
Llama_3_8B&EEG_speech,number_binder,83,5,0.5006857364165564,pass
BERT_base&Llama_3_8B,time_binder,83,1,0.2702527892801454,pass
BERT_base&Llama_3_8B,time_binder,83,2,0.8235483221642251,pass
BERT_base&Llama_3_8B,time_binder,83,3,0.5330525022578443,pass
BERT_base&Llama_3_8B,time_binder,83,4,0.6962187281566978,pass
BERT_base&Llama_3_8B,time_binder,83,5,0.6366028313914933,pass
BERT_base&EEG_speech,time_binder,83,1,-0.12684650173782885,pass
BERT_base&EEG_speech,time_binder,83,2,0.6549072590143663,pass
BERT_base&EEG_speech,time_binder,83,3,0.7008763635604461,pass
BERT_base&EEG_speech,time_binder,83,4,0.6366556684453433,pass
BERT_base&EEG_speech,time_binder,83,5,0.28585132219752774,pass
Llama_3_8B&EEG_speech,time_binder,83,1,0.2345923769736996,pass
Llama_3_8B&EEG_speech,time_binder,83,2,0.8102143203887526,pass
Llama_3_8B&EEG_speech,time_binder,83,3,0.3152272495584689,pass
Llama_3_8B&EEG_speech,time_binder,83,4,0.6249913111012029,pass
Llama_3_8B&EEG_speech,time_binder,83,5,0.5721625202670255,pass
BERT_base&Llama_3_8B,duration_binder,83,1,-0.03250167966828821,pass
BERT_base&Llama_3_8B,duration_binder,83,2,0.7795499917348292,pass
BERT_base&Llama_3_8B,duration_binder,83,3,0.6237180795512494,pass
BERT_base&Llama_3_8B,duration_binder,83,4,0.46937484011693176,pass
BERT_base&Llama_3_8B,duration_binder,83,5,0.5204701755350629,pass
BERT_base&EEG_speech,duration_binder,83,1,-1.3183626158309485,pass
BERT_base&EEG_speech,duration_binder,83,2,0.5575657752254137,pass
BERT_base&EEG_speech,duration_binder,83,3,0.6049318401302805,pass
BERT_base&EEG_speech,duration_binder,83,4,0.47556794947423797,pass
BERT_base&EEG_speech,duration_binder,83,5,0.21971671613781985,pass
Llama_3_8B&EEG_speech,duration_binder,83,1,0.08672812408827735,pass
Llama_3_8B&EEG_speech,duration_binder,83,2,0.8190297751870591,pass
Llama_3_8B&EEG_speech,duration_binder,83,3,0.5769130412919633,pass
Llama_3_8B&EEG_speech,duration_binder,83,4,0.39379114856405717,pass
Llama_3_8B&EEG_speech,duration_binder,83,5,0.4070778587905751,pass
BERT_base&Llama_3_8B,long_binder,83,1,0.20714834484320066,pass
BERT_base&Llama_3_8B,long_binder,83,2,0.23937473174048063,pass
BERT_base&Llama_3_8B,long_binder,83,3,0.2205097953639107,pass
BERT_base&Llama_3_8B,long_binder,83,4,0.1832451019098823,pass
BERT_base&Llama_3_8B,long_binder,83,5,0.2868416764277393,pass
BERT_base&EEG_speech,long_binder,83,1,0.19950549768171078,pass
BERT_base&EEG_speech,long_binder,83,2,0.31344197135025453,pass
BERT_base&EEG_speech,long_binder,83,3,0.26797750751433735,pass
BERT_base&EEG_speech,long_binder,83,4,0.2616736210768532,pass
BERT_base&EEG_speech,long_binder,83,5,0.1434825330635343,pass
Llama_3_8B&EEG_speech,long_binder,83,1,0.14897946734815048,pass
Llama_3_8B&EEG_speech,long_binder,83,2,0.2632344627567842,pass
Llama_3_8B&EEG_speech,long_binder,83,3,0.20449339064756122,pass
Llama_3_8B&EEG_speech,long_binder,83,4,0.17619904339879477,pass
Llama_3_8B&EEG_speech,long_binder,83,5,0.3138574536705343,pass
BERT_base&Llama_3_8B,short_binder,83,1,0.7023583988106896,pass
BERT_base&Llama_3_8B,short_binder,83,2,0.6101654726928623,pass
BERT_base&Llama_3_8B,short_binder,83,3,0.3139061613472838,pass
BERT_base&Llama_3_8B,short_binder,83,4,0.264759480109641,pass
BERT_base&Llama_3_8B,short_binder,83,5,0.41759619355984734,pass
BERT_base&EEG_speech,short_binder,83,1,0.6172757072886179,pass
BERT_base&EEG_speech,short_binder,83,2,0.5824960589102527,pass
BERT_base&EEG_speech,short_binder,83,3,0.3126240685143752,pass
BERT_base&EEG_speech,short_binder,83,4,0.19172581305606762,pass
BERT_base&EEG_speech,short_binder,83,5,0.388821636910856,pass
Llama_3_8B&EEG_speech,short_binder,83,1,0.7071130056564808,pass
Llama_3_8B&EEG_speech,short_binder,83,2,0.6091397316137668,pass
Llama_3_8B&EEG_speech,short_binder,83,3,0.3033471121328858,pass
Llama_3_8B&EEG_speech,short_binder,83,4,0.19415076705863088,pass
Llama_3_8B&EEG_speech,short_binder,83,5,0.4040805021880335,pass
BERT_base&Llama_3_8B,caused_binder,64,1,,test_n < 20
BERT_base&Llama_3_8B,caused_binder,64,2,,test_n < 20
BERT_base&Llama_3_8B,caused_binder,64,3,,test_n < 20
BERT_base&Llama_3_8B,caused_binder,64,4,,test_n < 20
BERT_base&Llama_3_8B,caused_binder,64,5,,test_n < 20
BERT_base&EEG_speech,caused_binder,64,1,,test_n < 20
BERT_base&EEG_speech,caused_binder,64,2,,test_n < 20
BERT_base&EEG_speech,caused_binder,64,3,,test_n < 20
BERT_base&EEG_speech,caused_binder,64,4,,test_n < 20
BERT_base&EEG_speech,caused_binder,64,5,,test_n < 20
Llama_3_8B&EEG_speech,caused_binder,64,1,,test_n < 20
Llama_3_8B&EEG_speech,caused_binder,64,2,,test_n < 20
Llama_3_8B&EEG_speech,caused_binder,64,3,,test_n < 20
Llama_3_8B&EEG_speech,caused_binder,64,4,,test_n < 20
Llama_3_8B&EEG_speech,caused_binder,64,5,,test_n < 20
BERT_base&Llama_3_8B,consequential_binder,83,1,0.3137532058723671,pass
BERT_base&Llama_3_8B,consequential_binder,83,2,0.5696593288981187,pass
BERT_base&Llama_3_8B,consequential_binder,83,3,0.2407962233492974,pass
BERT_base&Llama_3_8B,consequential_binder,83,4,0.1664224243345621,pass
BERT_base&Llama_3_8B,consequential_binder,83,5,0.6040727673990302,pass
BERT_base&EEG_speech,consequential_binder,83,1,0.2553729976168715,pass
BERT_base&EEG_speech,consequential_binder,83,2,0.37846050914142393,pass
BERT_base&EEG_speech,consequential_binder,83,3,0.26560929615733464,pass
BERT_base&EEG_speech,consequential_binder,83,4,0.1886391811964533,pass
BERT_base&EEG_speech,consequential_binder,83,5,0.2680907996142029,pass
Llama_3_8B&EEG_speech,consequential_binder,83,1,0.3629428796908204,pass
Llama_3_8B&EEG_speech,consequential_binder,83,2,0.5144279483112917,pass
Llama_3_8B&EEG_speech,consequential_binder,83,3,0.2248380232143934,pass
Llama_3_8B&EEG_speech,consequential_binder,83,4,0.15574122529951118,pass
Llama_3_8B&EEG_speech,consequential_binder,83,5,0.5696984931796093,pass
BERT_base&Llama_3_8B,social_binder,83,1,0.23198144220818107,pass
BERT_base&Llama_3_8B,social_binder,83,2,0.40851827139173225,pass
BERT_base&Llama_3_8B,social_binder,83,3,0.44311394293501616,pass
BERT_base&Llama_3_8B,social_binder,83,4,-0.2389894344357213,pass
BERT_base&Llama_3_8B,social_binder,83,5,0.3936875806075474,pass
BERT_base&EEG_speech,social_binder,83,1,0.25609535342472733,pass
BERT_base&EEG_speech,social_binder,83,2,0.418013264352909,pass
BERT_base&EEG_speech,social_binder,83,3,0.47742738137290963,pass
BERT_base&EEG_speech,social_binder,83,4,-0.02389048581850628,pass
BERT_base&EEG_speech,social_binder,83,5,0.4787273718432574,pass
Llama_3_8B&EEG_speech,social_binder,83,1,0.28261580348635484,pass
Llama_3_8B&EEG_speech,social_binder,83,2,0.34336741529147563,pass
Llama_3_8B&EEG_speech,social_binder,83,3,0.3508575242981171,pass
Llama_3_8B&EEG_speech,social_binder,83,4,-0.0931817770604435,pass
Llama_3_8B&EEG_speech,social_binder,83,5,0.38324595141982143,pass
BERT_base&Llama_3_8B,human_binder,83,1,0.6456857918420447,pass
BERT_base&Llama_3_8B,human_binder,83,2,0.6783423726663836,pass
BERT_base&Llama_3_8B,human_binder,83,3,0.7052101140582672,pass
BERT_base&Llama_3_8B,human_binder,83,4,0.5752997129794768,pass
BERT_base&Llama_3_8B,human_binder,83,5,0.6965866543860489,pass
BERT_base&EEG_speech,human_binder,83,1,0.577307041189802,pass
BERT_base&EEG_speech,human_binder,83,2,0.6111099567539695,pass
BERT_base&EEG_speech,human_binder,83,3,0.5947523264156176,pass
BERT_base&EEG_speech,human_binder,83,4,0.347524251589558,pass
BERT_base&EEG_speech,human_binder,83,5,0.5574432035247235,pass
Llama_3_8B&EEG_speech,human_binder,83,1,0.6603879533323845,pass
Llama_3_8B&EEG_speech,human_binder,83,2,0.6862330358270321,pass
Llama_3_8B&EEG_speech,human_binder,83,3,0.7137743689523698,pass
Llama_3_8B&EEG_speech,human_binder,83,4,0.5972511291766827,pass
Llama_3_8B&EEG_speech,human_binder,83,5,0.6603021789850227,pass
BERT_base&Llama_3_8B,communication_binder,83,1,0.5270945521992638,pass
BERT_base&Llama_3_8B,communication_binder,83,2,0.4669614364467344,pass
BERT_base&Llama_3_8B,communication_binder,83,3,0.4951618001406696,pass
BERT_base&Llama_3_8B,communication_binder,83,4,0.36510662007194494,pass
BERT_base&Llama_3_8B,communication_binder,83,5,-0.5904546535258359,pass
BERT_base&EEG_speech,communication_binder,83,1,0.5028421930839141,pass
BERT_base&EEG_speech,communication_binder,83,2,0.4562713624257454,pass
BERT_base&EEG_speech,communication_binder,83,3,0.46612534749659484,pass
BERT_base&EEG_speech,communication_binder,83,4,0.2860312826757049,pass
BERT_base&EEG_speech,communication_binder,83,5,-0.07560868894433503,pass
Llama_3_8B&EEG_speech,communication_binder,83,1,0.5873092149129375,pass
Llama_3_8B&EEG_speech,communication_binder,83,2,0.4102478540825024,pass
Llama_3_8B&EEG_speech,communication_binder,83,3,0.4833609891223799,pass
Llama_3_8B&EEG_speech,communication_binder,83,4,0.35850678893915966,pass
Llama_3_8B&EEG_speech,communication_binder,83,5,-0.6979607282202893,pass
BERT_base&Llama_3_8B,self_binder,83,1,0.7055588298432338,pass
BERT_base&Llama_3_8B,self_binder,83,2,0.4761400069962357,pass
BERT_base&Llama_3_8B,self_binder,83,3,0.49069480973881063,pass
BERT_base&Llama_3_8B,self_binder,83,4,0.6400726778396968,pass
BERT_base&Llama_3_8B,self_binder,83,5,0.6108945569106152,pass
BERT_base&EEG_speech,self_binder,83,1,0.5091998229545955,pass
BERT_base&EEG_speech,self_binder,83,2,0.6198114182181131,pass
BERT_base&EEG_speech,self_binder,83,3,0.4756017584145126,pass
BERT_base&EEG_speech,self_binder,83,4,0.6907142699068309,pass
BERT_base&EEG_speech,self_binder,83,5,0.421930085096767,pass
Llama_3_8B&EEG_speech,self_binder,83,1,0.7125464713244052,pass
Llama_3_8B&EEG_speech,self_binder,83,2,0.4824880881583271,pass
Llama_3_8B&EEG_speech,self_binder,83,3,0.45961789786590246,pass
Llama_3_8B&EEG_speech,self_binder,83,4,0.634512659822077,pass
Llama_3_8B&EEG_speech,self_binder,83,5,0.6097092969797242,pass
BERT_base&Llama_3_8B,cognition_binder,83,1,0.6248732533077648,pass
BERT_base&Llama_3_8B,cognition_binder,83,2,0.3730200768761036,pass
BERT_base&Llama_3_8B,cognition_binder,83,3,0.7057742438354679,pass
BERT_base&Llama_3_8B,cognition_binder,83,4,0.4263420926376775,pass
BERT_base&Llama_3_8B,cognition_binder,83,5,0.7057080344377118,pass
BERT_base&EEG_speech,cognition_binder,83,1,0.3358643181236405,pass
BERT_base&EEG_speech,cognition_binder,83,2,0.3569733680640116,pass
BERT_base&EEG_speech,cognition_binder,83,3,0.6922594493737984,pass
BERT_base&EEG_speech,cognition_binder,83,4,0.2158588054658792,pass
BERT_base&EEG_speech,cognition_binder,83,5,0.5319666184001951,pass
Llama_3_8B&EEG_speech,cognition_binder,83,1,0.5830224398024988,pass
Llama_3_8B&EEG_speech,cognition_binder,83,2,0.20314302193464517,pass
Llama_3_8B&EEG_speech,cognition_binder,83,3,0.6482568488553442,pass
Llama_3_8B&EEG_speech,cognition_binder,83,4,0.42772313982803445,pass
Llama_3_8B&EEG_speech,cognition_binder,83,5,0.6578115662112822,pass
BERT_base&Llama_3_8B,benefit_binder,83,1,0.5299657770694778,pass
BERT_base&Llama_3_8B,benefit_binder,83,2,0.3193973751218745,pass
BERT_base&Llama_3_8B,benefit_binder,83,3,0.5227247135117763,pass
BERT_base&Llama_3_8B,benefit_binder,83,4,0.032745139737504814,pass
BERT_base&Llama_3_8B,benefit_binder,83,5,0.29396022452741744,pass
BERT_base&EEG_speech,benefit_binder,83,1,0.40365857444307995,pass
BERT_base&EEG_speech,benefit_binder,83,2,0.38884862507353013,pass
BERT_base&EEG_speech,benefit_binder,83,3,0.5992758844251567,pass
BERT_base&EEG_speech,benefit_binder,83,4,0.11483963530894947,pass
BERT_base&EEG_speech,benefit_binder,83,5,0.3112798637432235,pass
Llama_3_8B&EEG_speech,benefit_binder,83,1,0.5548094052923205,pass
Llama_3_8B&EEG_speech,benefit_binder,83,2,0.3627895801713793,pass
Llama_3_8B&EEG_speech,benefit_binder,83,3,0.46107275286434446,pass
Llama_3_8B&EEG_speech,benefit_binder,83,4,0.12276575974330994,pass
Llama_3_8B&EEG_speech,benefit_binder,83,5,0.2724635440118349,pass
BERT_base&Llama_3_8B,harm_binder,83,1,-0.22643196541466093,pass
BERT_base&Llama_3_8B,harm_binder,83,2,-0.020029591720319484,pass
BERT_base&Llama_3_8B,harm_binder,83,3,0.17304890646854643,pass
BERT_base&Llama_3_8B,harm_binder,83,4,0.4619445982220466,pass
BERT_base&Llama_3_8B,harm_binder,83,5,0.11611797917751365,pass
BERT_base&EEG_speech,harm_binder,83,1,-0.00762959192066992,pass
BERT_base&EEG_speech,harm_binder,83,2,-0.1304114948345385,pass
BERT_base&EEG_speech,harm_binder,83,3,0.21114785400305236,pass
BERT_base&EEG_speech,harm_binder,83,4,0.5326112890773922,pass
BERT_base&EEG_speech,harm_binder,83,5,-0.04386628641449786,pass
Llama_3_8B&EEG_speech,harm_binder,83,1,-0.06089635679557359,pass
Llama_3_8B&EEG_speech,harm_binder,83,2,0.13115191555317718,pass
Llama_3_8B&EEG_speech,harm_binder,83,3,0.23665916723977498,pass
Llama_3_8B&EEG_speech,harm_binder,83,4,0.563597151849041,pass
Llama_3_8B&EEG_speech,harm_binder,83,5,0.03723682622016433,pass
BERT_base&Llama_3_8B,pleasant_binder,83,1,0.5732324130702755,pass
BERT_base&Llama_3_8B,pleasant_binder,83,2,0.32433331646434116,pass
BERT_base&Llama_3_8B,pleasant_binder,83,3,0.5610908877838249,pass
BERT_base&Llama_3_8B,pleasant_binder,83,4,0.47453678757731543,pass
BERT_base&Llama_3_8B,pleasant_binder,83,5,-0.30206479632016525,pass
BERT_base&EEG_speech,pleasant_binder,83,1,0.5014158380350804,pass
BERT_base&EEG_speech,pleasant_binder,83,2,0.39397356085841084,pass
BERT_base&EEG_speech,pleasant_binder,83,3,0.5947390133390114,pass
BERT_base&EEG_speech,pleasant_binder,83,4,0.3333485213052594,pass
BERT_base&EEG_speech,pleasant_binder,83,5,-0.19343040820407564,pass
Llama_3_8B&EEG_speech,pleasant_binder,83,1,0.49246392275998807,pass
Llama_3_8B&EEG_speech,pleasant_binder,83,2,0.3709884441124902,pass
Llama_3_8B&EEG_speech,pleasant_binder,83,3,0.5058612421713118,pass
Llama_3_8B&EEG_speech,pleasant_binder,83,4,0.5070704939592345,pass
Llama_3_8B&EEG_speech,pleasant_binder,83,5,-0.4562429465925544,pass
BERT_base&Llama_3_8B,unpleasant_binder,83,1,0.36853982844772204,pass
BERT_base&Llama_3_8B,unpleasant_binder,83,2,0.4522886341341864,pass
BERT_base&Llama_3_8B,unpleasant_binder,83,3,0.28102707304671426,pass
BERT_base&Llama_3_8B,unpleasant_binder,83,4,0.42295366111458765,pass
BERT_base&Llama_3_8B,unpleasant_binder,83,5,-0.7933877404576257,pass
BERT_base&EEG_speech,unpleasant_binder,83,1,0.30167592359743944,pass
BERT_base&EEG_speech,unpleasant_binder,83,2,0.42420084795367596,pass
BERT_base&EEG_speech,unpleasant_binder,83,3,0.36518160382965303,pass
BERT_base&EEG_speech,unpleasant_binder,83,4,0.2798332916322648,pass
BERT_base&EEG_speech,unpleasant_binder,83,5,-0.08195466355222947,pass
Llama_3_8B&EEG_speech,unpleasant_binder,83,1,0.40925347080293195,pass
Llama_3_8B&EEG_speech,unpleasant_binder,83,2,0.40317664041486556,pass
Llama_3_8B&EEG_speech,unpleasant_binder,83,3,0.21695581460200664,pass
Llama_3_8B&EEG_speech,unpleasant_binder,83,4,0.40206215142834756,pass
Llama_3_8B&EEG_speech,unpleasant_binder,83,5,-1.2065750796031938,pass
BERT_base&Llama_3_8B,happy_binder,83,1,0.4332737634791355,pass
BERT_base&Llama_3_8B,happy_binder,83,2,0.48115071957033495,pass
BERT_base&Llama_3_8B,happy_binder,83,3,0.5941459700167621,pass
BERT_base&Llama_3_8B,happy_binder,83,4,0.2814601700024465,pass
BERT_base&Llama_3_8B,happy_binder,83,5,-0.26013469222048813,pass
BERT_base&EEG_speech,happy_binder,83,1,0.40280135200429523,pass
BERT_base&EEG_speech,happy_binder,83,2,0.524141873586168,pass
BERT_base&EEG_speech,happy_binder,83,3,0.6234586235227753,pass
BERT_base&EEG_speech,happy_binder,83,4,-0.058547404122832214,pass
BERT_base&EEG_speech,happy_binder,83,5,0.06235514006092302,pass
Llama_3_8B&EEG_speech,happy_binder,83,1,0.34196675598806103,pass
Llama_3_8B&EEG_speech,happy_binder,83,2,0.48975762902807485,pass
Llama_3_8B&EEG_speech,happy_binder,83,3,0.5279666802235832,pass
Llama_3_8B&EEG_speech,happy_binder,83,4,0.35996251183571204,pass
Llama_3_8B&EEG_speech,happy_binder,83,5,-0.18649033707117657,pass
BERT_base&Llama_3_8B,sad_binder,83,1,0.3634384095752399,pass
BERT_base&Llama_3_8B,sad_binder,83,2,0.6603479400790768,pass
BERT_base&Llama_3_8B,sad_binder,83,3,0.48764769973916466,pass
BERT_base&Llama_3_8B,sad_binder,83,4,0.19001548477410457,pass
BERT_base&Llama_3_8B,sad_binder,83,5,-0.7923883645376639,pass
BERT_base&EEG_speech,sad_binder,83,1,0.3413402545390991,pass
BERT_base&EEG_speech,sad_binder,83,2,0.6513103186748983,pass
BERT_base&EEG_speech,sad_binder,83,3,0.7010041817510617,pass
BERT_base&EEG_speech,sad_binder,83,4,0.012577149278951927,pass
BERT_base&EEG_speech,sad_binder,83,5,-0.20998496772152597,pass
Llama_3_8B&EEG_speech,sad_binder,83,1,0.3447549015216408,pass
Llama_3_8B&EEG_speech,sad_binder,83,2,0.5671657709366991,pass
Llama_3_8B&EEG_speech,sad_binder,83,3,0.3744840495530829,pass
Llama_3_8B&EEG_speech,sad_binder,83,4,0.17692358500815675,pass
Llama_3_8B&EEG_speech,sad_binder,83,5,-1.595164774786899,pass
BERT_base&Llama_3_8B,angry_binder,83,1,0.17528928341759942,pass
BERT_base&Llama_3_8B,angry_binder,83,2,-0.1242853698883859,pass
BERT_base&Llama_3_8B,angry_binder,83,3,-0.028337518498977587,pass
BERT_base&Llama_3_8B,angry_binder,83,4,-0.014994629948706706,pass
BERT_base&Llama_3_8B,angry_binder,83,5,-1.597592353710262,pass
BERT_base&EEG_speech,angry_binder,83,1,0.052954753503587915,pass
BERT_base&EEG_speech,angry_binder,83,2,-0.5630647397707231,pass
BERT_base&EEG_speech,angry_binder,83,3,0.004611800915840347,pass
BERT_base&EEG_speech,angry_binder,83,4,0.1284860428882082,pass
BERT_base&EEG_speech,angry_binder,83,5,-1.121354361620905,pass
Llama_3_8B&EEG_speech,angry_binder,83,1,0.2131484124934232,pass
Llama_3_8B&EEG_speech,angry_binder,83,2,-0.6600625750257334,pass
Llama_3_8B&EEG_speech,angry_binder,83,3,-0.005033461211044976,pass
Llama_3_8B&EEG_speech,angry_binder,83,4,0.06547438931405658,pass
Llama_3_8B&EEG_speech,angry_binder,83,5,-1.767134424206322,pass
BERT_base&Llama_3_8B,disgusted_binder,83,1,0.017181551821728425,pass
BERT_base&Llama_3_8B,disgusted_binder,83,2,0.06210643234033608,pass
BERT_base&Llama_3_8B,disgusted_binder,83,3,-0.009837052741502594,pass
BERT_base&Llama_3_8B,disgusted_binder,83,4,-0.31669792493074533,pass
BERT_base&Llama_3_8B,disgusted_binder,83,5,-2.0678451868883565,pass
BERT_base&EEG_speech,disgusted_binder,83,1,-0.14508646898200084,pass
BERT_base&EEG_speech,disgusted_binder,83,2,0.03202378158329833,pass
BERT_base&EEG_speech,disgusted_binder,83,3,-0.009917704451125609,pass
BERT_base&EEG_speech,disgusted_binder,83,4,-0.3940958011867739,pass
BERT_base&EEG_speech,disgusted_binder,83,5,-0.8051223024046423,pass
Llama_3_8B&EEG_speech,disgusted_binder,83,1,0.060814868721221105,pass
Llama_3_8B&EEG_speech,disgusted_binder,83,2,0.06047233070727731,pass
Llama_3_8B&EEG_speech,disgusted_binder,83,3,-0.02113184650795219,pass
Llama_3_8B&EEG_speech,disgusted_binder,83,4,-0.27418476009334625,pass
Llama_3_8B&EEG_speech,disgusted_binder,83,5,-2.540949124001573,pass
BERT_base&Llama_3_8B,fearful_binder,83,1,0.17487364014855633,pass
BERT_base&Llama_3_8B,fearful_binder,83,2,0.5046292963467143,pass
BERT_base&Llama_3_8B,fearful_binder,83,3,0.2121569341821038,pass
BERT_base&Llama_3_8B,fearful_binder,83,4,0.4842009867031759,pass
BERT_base&Llama_3_8B,fearful_binder,83,5,-2.0565717058858506,pass
BERT_base&EEG_speech,fearful_binder,83,1,0.06903120651427352,pass
BERT_base&EEG_speech,fearful_binder,83,2,0.341434825805908,pass
BERT_base&EEG_speech,fearful_binder,83,3,0.3231939477430714,pass
BERT_base&EEG_speech,fearful_binder,83,4,0.37695937982330485,pass
BERT_base&EEG_speech,fearful_binder,83,5,-2.9310756160220897,pass
Llama_3_8B&EEG_speech,fearful_binder,83,1,0.21958834345257694,pass
Llama_3_8B&EEG_speech,fearful_binder,83,2,0.44172764956751354,pass
Llama_3_8B&EEG_speech,fearful_binder,83,3,0.16160163424774143,pass
Llama_3_8B&EEG_speech,fearful_binder,83,4,0.41485318427281204,pass
Llama_3_8B&EEG_speech,fearful_binder,83,5,-2.7162646054741493,pass
BERT_base&Llama_3_8B,surprised_binder,83,1,0.33549843390052636,pass
BERT_base&Llama_3_8B,surprised_binder,83,2,0.350528978024912,pass
BERT_base&Llama_3_8B,surprised_binder,83,3,0.18304886327798897,pass
BERT_base&Llama_3_8B,surprised_binder,83,4,0.018526475474367254,pass
BERT_base&Llama_3_8B,surprised_binder,83,5,0.10446045369938728,pass
BERT_base&EEG_speech,surprised_binder,83,1,0.42021049133366384,pass
BERT_base&EEG_speech,surprised_binder,83,2,0.5563207681748668,pass
BERT_base&EEG_speech,surprised_binder,83,3,0.43591271109751517,pass
BERT_base&EEG_speech,surprised_binder,83,4,0.21477470169978385,pass
BERT_base&EEG_speech,surprised_binder,83,5,0.3543417463318632,pass
Llama_3_8B&EEG_speech,surprised_binder,83,1,0.30736223243970473,pass
Llama_3_8B&EEG_speech,surprised_binder,83,2,0.30300390176500347,pass
Llama_3_8B&EEG_speech,surprised_binder,83,3,0.14471639956874105,pass
Llama_3_8B&EEG_speech,surprised_binder,83,4,-0.08317306089660348,pass
Llama_3_8B&EEG_speech,surprised_binder,83,5,0.08868498694323501,pass
BERT_base&Llama_3_8B,drive_binder,83,1,0.4176216749614967,pass
BERT_base&Llama_3_8B,drive_binder,83,2,0.5870046551284374,pass
BERT_base&Llama_3_8B,drive_binder,83,3,0.4385894190199313,pass
BERT_base&Llama_3_8B,drive_binder,83,4,0.3277138883580212,pass
BERT_base&Llama_3_8B,drive_binder,83,5,0.6222191651353461,pass
BERT_base&EEG_speech,drive_binder,83,1,0.30660166989147897,pass
BERT_base&EEG_speech,drive_binder,83,2,0.5526608633029959,pass
BERT_base&EEG_speech,drive_binder,83,3,0.40749520094424174,pass
BERT_base&EEG_speech,drive_binder,83,4,0.274063763761921,pass
BERT_base&EEG_speech,drive_binder,83,5,0.4804851287722367,pass
Llama_3_8B&EEG_speech,drive_binder,83,1,0.4072214078758275,pass
Llama_3_8B&EEG_speech,drive_binder,83,2,0.5039529652361321,pass
Llama_3_8B&EEG_speech,drive_binder,83,3,0.4040913369011463,pass
Llama_3_8B&EEG_speech,drive_binder,83,4,0.3518495542065344,pass
Llama_3_8B&EEG_speech,drive_binder,83,5,0.5859983923496652,pass
BERT_base&Llama_3_8B,needs_binder,83,1,0.5521397206505971,pass
BERT_base&Llama_3_8B,needs_binder,83,2,0.5444519343365113,pass
BERT_base&Llama_3_8B,needs_binder,83,3,0.5439527931069399,pass
BERT_base&Llama_3_8B,needs_binder,83,4,0.23998633841426975,pass
BERT_base&Llama_3_8B,needs_binder,83,5,0.18868471580064894,pass
BERT_base&EEG_speech,needs_binder,83,1,0.4366953452685226,pass
BERT_base&EEG_speech,needs_binder,83,2,0.5739292826619931,pass
BERT_base&EEG_speech,needs_binder,83,3,0.5282893126336489,pass
BERT_base&EEG_speech,needs_binder,83,4,0.2031130026033322,pass
BERT_base&EEG_speech,needs_binder,83,5,0.25933367226784054,pass
Llama_3_8B&EEG_speech,needs_binder,83,1,0.47962381119344366,pass
Llama_3_8B&EEG_speech,needs_binder,83,2,0.5114397094794013,pass
Llama_3_8B&EEG_speech,needs_binder,83,3,0.5003601057626428,pass
Llama_3_8B&EEG_speech,needs_binder,83,4,0.14850738383615059,pass
Llama_3_8B&EEG_speech,needs_binder,83,5,0.17260162614380214,pass
BERT_base&Llama_3_8B,attention_binder,83,1,0.3089834471016235,pass
BERT_base&Llama_3_8B,attention_binder,83,2,0.3695599524328661,pass
BERT_base&Llama_3_8B,attention_binder,83,3,0.2778185587625074,pass
BERT_base&Llama_3_8B,attention_binder,83,4,0.40165665128129624,pass
BERT_base&Llama_3_8B,attention_binder,83,5,0.19108886267602765,pass
BERT_base&EEG_speech,attention_binder,83,1,0.09735311805663771,pass
BERT_base&EEG_speech,attention_binder,83,2,0.3628109008042876,pass
BERT_base&EEG_speech,attention_binder,83,3,0.37382268555011766,pass
BERT_base&EEG_speech,attention_binder,83,4,0.31388475024739815,pass
BERT_base&EEG_speech,attention_binder,83,5,0.21608304371752607,pass
Llama_3_8B&EEG_speech,attention_binder,83,1,0.29504263303843814,pass
Llama_3_8B&EEG_speech,attention_binder,83,2,0.35106546386543636,pass
Llama_3_8B&EEG_speech,attention_binder,83,3,0.2751612438879736,pass
Llama_3_8B&EEG_speech,attention_binder,83,4,0.36170128572678495,pass
Llama_3_8B&EEG_speech,attention_binder,83,5,0.22057199444869635,pass
BERT_base&Llama_3_8B,arousal_binder,83,1,0.18410324807775647,pass
BERT_base&Llama_3_8B,arousal_binder,83,2,0.6001485477175217,pass
BERT_base&Llama_3_8B,arousal_binder,83,3,0.6033620479937745,pass
BERT_base&Llama_3_8B,arousal_binder,83,4,0.16723097345143256,pass
BERT_base&Llama_3_8B,arousal_binder,83,5,0.09386822669538841,pass
BERT_base&EEG_speech,arousal_binder,83,1,0.2221956203036085,pass
BERT_base&EEG_speech,arousal_binder,83,2,0.44337649374068977,pass
BERT_base&EEG_speech,arousal_binder,83,3,0.5671795728364033,pass
BERT_base&EEG_speech,arousal_binder,83,4,0.13181132402446594,pass
BERT_base&EEG_speech,arousal_binder,83,5,0.26553099503698685,pass
Llama_3_8B&EEG_speech,arousal_binder,83,1,0.16039469759301694,pass
Llama_3_8B&EEG_speech,arousal_binder,83,2,0.5341984768748667,pass
Llama_3_8B&EEG_speech,arousal_binder,83,3,0.3160571144188291,pass
Llama_3_8B&EEG_speech,arousal_binder,83,4,0.1581236995031905,pass
Llama_3_8B&EEG_speech,arousal_binder,83,5,0.16661881306983195,pass
BERT_base&Llama_3_8B,goals_wilkowski,32,1,,test_n < 20
BERT_base&Llama_3_8B,goals_wilkowski,32,2,,test_n < 20
BERT_base&Llama_3_8B,goals_wilkowski,32,3,,test_n < 20
BERT_base&Llama_3_8B,goals_wilkowski,32,4,,test_n < 20
BERT_base&Llama_3_8B,goals_wilkowski,32,5,,test_n < 20
BERT_base&EEG_speech,goals_wilkowski,32,1,,test_n < 20
BERT_base&EEG_speech,goals_wilkowski,32,2,,test_n < 20
BERT_base&EEG_speech,goals_wilkowski,32,3,,test_n < 20
BERT_base&EEG_speech,goals_wilkowski,32,4,,test_n < 20
BERT_base&EEG_speech,goals_wilkowski,32,5,,test_n < 20
Llama_3_8B&EEG_speech,goals_wilkowski,32,1,,test_n < 20
Llama_3_8B&EEG_speech,goals_wilkowski,32,2,,test_n < 20
Llama_3_8B&EEG_speech,goals_wilkowski,32,3,,test_n < 20
Llama_3_8B&EEG_speech,goals_wilkowski,32,4,,test_n < 20
Llama_3_8B&EEG_speech,goals_wilkowski,32,5,,test_n < 20
BERT_base&Llama_3_8B,familiarity_lynott,47,1,,test_n < 20
BERT_base&Llama_3_8B,familiarity_lynott,47,2,,test_n < 20
BERT_base&Llama_3_8B,familiarity_lynott,47,3,,test_n < 20
BERT_base&Llama_3_8B,familiarity_lynott,47,4,,test_n < 20
BERT_base&Llama_3_8B,familiarity_lynott,47,5,,test_n < 20
BERT_base&EEG_speech,familiarity_lynott,47,1,,test_n < 20
BERT_base&EEG_speech,familiarity_lynott,47,2,,test_n < 20
BERT_base&EEG_speech,familiarity_lynott,47,3,,test_n < 20
BERT_base&EEG_speech,familiarity_lynott,47,4,,test_n < 20
BERT_base&EEG_speech,familiarity_lynott,47,5,,test_n < 20
Llama_3_8B&EEG_speech,familiarity_lynott,47,1,,test_n < 20
Llama_3_8B&EEG_speech,familiarity_lynott,47,2,,test_n < 20
Llama_3_8B&EEG_speech,familiarity_lynott,47,3,,test_n < 20
Llama_3_8B&EEG_speech,familiarity_lynott,47,4,,test_n < 20
Llama_3_8B&EEG_speech,familiarity_lynott,47,5,,test_n < 20
BERT_base&Llama_3_8B,visual_lynott,47,1,,test_n < 20
BERT_base&Llama_3_8B,visual_lynott,47,2,,test_n < 20
BERT_base&Llama_3_8B,visual_lynott,47,3,,test_n < 20
BERT_base&Llama_3_8B,visual_lynott,47,4,,test_n < 20
BERT_base&Llama_3_8B,visual_lynott,47,5,,test_n < 20
BERT_base&EEG_speech,visual_lynott,47,1,,test_n < 20
BERT_base&EEG_speech,visual_lynott,47,2,,test_n < 20
BERT_base&EEG_speech,visual_lynott,47,3,,test_n < 20
BERT_base&EEG_speech,visual_lynott,47,4,,test_n < 20
BERT_base&EEG_speech,visual_lynott,47,5,,test_n < 20
Llama_3_8B&EEG_speech,visual_lynott,47,1,,test_n < 20
Llama_3_8B&EEG_speech,visual_lynott,47,2,,test_n < 20
Llama_3_8B&EEG_speech,visual_lynott,47,3,,test_n < 20
Llama_3_8B&EEG_speech,visual_lynott,47,4,,test_n < 20
Llama_3_8B&EEG_speech,visual_lynott,47,5,,test_n < 20
BERT_base&Llama_3_8B,haptic_lynott,47,1,,test_n < 20
BERT_base&Llama_3_8B,haptic_lynott,47,2,,test_n < 20
BERT_base&Llama_3_8B,haptic_lynott,47,3,,test_n < 20
BERT_base&Llama_3_8B,haptic_lynott,47,4,,test_n < 20
BERT_base&Llama_3_8B,haptic_lynott,47,5,,test_n < 20
BERT_base&EEG_speech,haptic_lynott,47,1,,test_n < 20
BERT_base&EEG_speech,haptic_lynott,47,2,,test_n < 20
BERT_base&EEG_speech,haptic_lynott,47,3,,test_n < 20
BERT_base&EEG_speech,haptic_lynott,47,4,,test_n < 20
BERT_base&EEG_speech,haptic_lynott,47,5,,test_n < 20
Llama_3_8B&EEG_speech,haptic_lynott,47,1,,test_n < 20
Llama_3_8B&EEG_speech,haptic_lynott,47,2,,test_n < 20
Llama_3_8B&EEG_speech,haptic_lynott,47,3,,test_n < 20
Llama_3_8B&EEG_speech,haptic_lynott,47,4,,test_n < 20
Llama_3_8B&EEG_speech,haptic_lynott,47,5,,test_n < 20
BERT_base&Llama_3_8B,auditory_lynott,47,1,,test_n < 20
BERT_base&Llama_3_8B,auditory_lynott,47,2,,test_n < 20
BERT_base&Llama_3_8B,auditory_lynott,47,3,,test_n < 20
BERT_base&Llama_3_8B,auditory_lynott,47,4,,test_n < 20
BERT_base&Llama_3_8B,auditory_lynott,47,5,,test_n < 20
BERT_base&EEG_speech,auditory_lynott,47,1,,test_n < 20
BERT_base&EEG_speech,auditory_lynott,47,2,,test_n < 20
BERT_base&EEG_speech,auditory_lynott,47,3,,test_n < 20
BERT_base&EEG_speech,auditory_lynott,47,4,,test_n < 20
BERT_base&EEG_speech,auditory_lynott,47,5,,test_n < 20
Llama_3_8B&EEG_speech,auditory_lynott,47,1,,test_n < 20
Llama_3_8B&EEG_speech,auditory_lynott,47,2,,test_n < 20
Llama_3_8B&EEG_speech,auditory_lynott,47,3,,test_n < 20
Llama_3_8B&EEG_speech,auditory_lynott,47,4,,test_n < 20
Llama_3_8B&EEG_speech,auditory_lynott,47,5,,test_n < 20
BERT_base&Llama_3_8B,olfactory_lynott,47,1,,test_n < 20
BERT_base&Llama_3_8B,olfactory_lynott,47,2,,test_n < 20
BERT_base&Llama_3_8B,olfactory_lynott,47,3,,test_n < 20
BERT_base&Llama_3_8B,olfactory_lynott,47,4,,test_n < 20
BERT_base&Llama_3_8B,olfactory_lynott,47,5,,test_n < 20
BERT_base&EEG_speech,olfactory_lynott,47,1,,test_n < 20
BERT_base&EEG_speech,olfactory_lynott,47,2,,test_n < 20
BERT_base&EEG_speech,olfactory_lynott,47,3,,test_n < 20
BERT_base&EEG_speech,olfactory_lynott,47,4,,test_n < 20
BERT_base&EEG_speech,olfactory_lynott,47,5,,test_n < 20
Llama_3_8B&EEG_speech,olfactory_lynott,47,1,,test_n < 20
Llama_3_8B&EEG_speech,olfactory_lynott,47,2,,test_n < 20
Llama_3_8B&EEG_speech,olfactory_lynott,47,3,,test_n < 20
Llama_3_8B&EEG_speech,olfactory_lynott,47,4,,test_n < 20
Llama_3_8B&EEG_speech,olfactory_lynott,47,5,,test_n < 20
BERT_base&Llama_3_8B,gustatory_lynott,47,1,,test_n < 20
BERT_base&Llama_3_8B,gustatory_lynott,47,2,,test_n < 20
BERT_base&Llama_3_8B,gustatory_lynott,47,3,,test_n < 20
BERT_base&Llama_3_8B,gustatory_lynott,47,4,,test_n < 20
BERT_base&Llama_3_8B,gustatory_lynott,47,5,,test_n < 20
BERT_base&EEG_speech,gustatory_lynott,47,1,,test_n < 20
BERT_base&EEG_speech,gustatory_lynott,47,2,,test_n < 20
BERT_base&EEG_speech,gustatory_lynott,47,3,,test_n < 20
BERT_base&EEG_speech,gustatory_lynott,47,4,,test_n < 20
BERT_base&EEG_speech,gustatory_lynott,47,5,,test_n < 20
Llama_3_8B&EEG_speech,gustatory_lynott,47,1,,test_n < 20
Llama_3_8B&EEG_speech,gustatory_lynott,47,2,,test_n < 20
Llama_3_8B&EEG_speech,gustatory_lynott,47,3,,test_n < 20
Llama_3_8B&EEG_speech,gustatory_lynott,47,4,,test_n < 20
Llama_3_8B&EEG_speech,gustatory_lynott,47,5,,test_n < 20
BERT_base&Llama_3_8B,dominant_modality_lynott,33,1,,test_n < 20
BERT_base&Llama_3_8B,dominant_modality_lynott,33,2,,test_n < 20
BERT_base&Llama_3_8B,dominant_modality_lynott,33,3,,test_n < 20
BERT_base&Llama_3_8B,dominant_modality_lynott,33,4,,test_n < 20
BERT_base&Llama_3_8B,dominant_modality_lynott,33,5,,test_n < 20
BERT_base&EEG_speech,dominant_modality_lynott,33,1,,test_n < 20
BERT_base&EEG_speech,dominant_modality_lynott,33,2,,test_n < 20
BERT_base&EEG_speech,dominant_modality_lynott,33,3,,test_n < 20
BERT_base&EEG_speech,dominant_modality_lynott,33,4,,test_n < 20
BERT_base&EEG_speech,dominant_modality_lynott,33,5,,test_n < 20
Llama_3_8B&EEG_speech,dominant_modality_lynott,33,1,,test_n < 20
Llama_3_8B&EEG_speech,dominant_modality_lynott,33,2,,test_n < 20
Llama_3_8B&EEG_speech,dominant_modality_lynott,33,3,,test_n < 20
Llama_3_8B&EEG_speech,dominant_modality_lynott,33,4,,test_n < 20
Llama_3_8B&EEG_speech,dominant_modality_lynott,33,5,,test_n < 20
BERT_base&Llama_3_8B,imagery_toronto,128,1,0.6856810855123778,pass
BERT_base&Llama_3_8B,imagery_toronto,128,2,0.6511348268387387,pass
BERT_base&Llama_3_8B,imagery_toronto,128,3,0.43022746687132085,pass
BERT_base&Llama_3_8B,imagery_toronto,128,4,0.611798138415661,pass
BERT_base&Llama_3_8B,imagery_toronto,128,5,0.5606843648052896,pass
BERT_base&EEG_speech,imagery_toronto,128,1,0.5360862230095136,pass
BERT_base&EEG_speech,imagery_toronto,128,2,0.6001367159967241,pass
BERT_base&EEG_speech,imagery_toronto,128,3,0.33146828755733837,pass
BERT_base&EEG_speech,imagery_toronto,128,4,0.5454289582003194,pass
BERT_base&EEG_speech,imagery_toronto,128,5,0.4664082231805008,pass
Llama_3_8B&EEG_speech,imagery_toronto,128,1,0.6568191410545983,pass
Llama_3_8B&EEG_speech,imagery_toronto,128,2,0.6230618951056637,pass
Llama_3_8B&EEG_speech,imagery_toronto,128,3,0.4760546048181076,pass
Llama_3_8B&EEG_speech,imagery_toronto,128,4,0.6084502752116288,pass
Llama_3_8B&EEG_speech,imagery_toronto,128,5,0.5539130655048755,pass
BERT_base&Llama_3_8B,concreteness_toronto,128,1,0.7482327408064189,pass
BERT_base&Llama_3_8B,concreteness_toronto,128,2,0.7235826689387688,pass
BERT_base&Llama_3_8B,concreteness_toronto,128,3,0.5377178770120992,pass
BERT_base&Llama_3_8B,concreteness_toronto,128,4,0.6054106278488841,pass
BERT_base&Llama_3_8B,concreteness_toronto,128,5,0.5675246490868109,pass
BERT_base&EEG_speech,concreteness_toronto,128,1,0.5472353880163584,pass
BERT_base&EEG_speech,concreteness_toronto,128,2,0.6873725595695933,pass
BERT_base&EEG_speech,concreteness_toronto,128,3,0.5062366323874461,pass
BERT_base&EEG_speech,concreteness_toronto,128,4,0.48702485420711294,pass
BERT_base&EEG_speech,concreteness_toronto,128,5,0.5079568985193302,pass
Llama_3_8B&EEG_speech,concreteness_toronto,128,1,0.7235669265440341,pass
Llama_3_8B&EEG_speech,concreteness_toronto,128,2,0.6651065090095793,pass
Llama_3_8B&EEG_speech,concreteness_toronto,128,3,0.5531723516491547,pass
Llama_3_8B&EEG_speech,concreteness_toronto,128,4,0.6151425937664408,pass
Llama_3_8B&EEG_speech,concreteness_toronto,128,5,0.5372960279787415,pass
BERT_base&Llama_3_8B,aoa_khanna,251,1,-0.3110098761265978,pass
BERT_base&Llama_3_8B,aoa_khanna,251,2,-0.08410316893218228,pass
BERT_base&Llama_3_8B,aoa_khanna,251,3,0.015657406401428986,pass
BERT_base&Llama_3_8B,aoa_khanna,251,4,-0.5404352661428111,pass
BERT_base&Llama_3_8B,aoa_khanna,251,5,-0.021606055688851544,pass
BERT_base&EEG_speech,aoa_khanna,251,1,-0.29438587424437856,pass
BERT_base&EEG_speech,aoa_khanna,251,2,-0.08696678838752891,pass
BERT_base&EEG_speech,aoa_khanna,251,3,-0.0034539459838125453,pass
BERT_base&EEG_speech,aoa_khanna,251,4,-0.5404521770035369,pass
BERT_base&EEG_speech,aoa_khanna,251,5,-0.059143360634144715,pass
Llama_3_8B&EEG_speech,aoa_khanna,251,1,-0.31043504237718667,pass
Llama_3_8B&EEG_speech,aoa_khanna,251,2,-0.08263446732885482,pass
Llama_3_8B&EEG_speech,aoa_khanna,251,3,0.011981765571278391,pass
Llama_3_8B&EEG_speech,aoa_khanna,251,4,-0.539352211079229,pass
Llama_3_8B&EEG_speech,aoa_khanna,251,5,-0.028648152220720702,pass
BERT_base&Llama_3_8B,aoa_rt_khanna,251,1,-0.007650615436152197,pass
BERT_base&Llama_3_8B,aoa_rt_khanna,251,2,-0.03781376503713352,pass
BERT_base&Llama_3_8B,aoa_rt_khanna,251,3,-0.14374675718071517,pass
BERT_base&Llama_3_8B,aoa_rt_khanna,251,4,-0.19572063937349538,pass
BERT_base&Llama_3_8B,aoa_rt_khanna,251,5,-0.23929797123994345,pass
BERT_base&EEG_speech,aoa_rt_khanna,251,1,0.005697864616375559,pass
BERT_base&EEG_speech,aoa_rt_khanna,251,2,0.0212932701191203,pass
BERT_base&EEG_speech,aoa_rt_khanna,251,3,-0.1555188259019753,pass
BERT_base&EEG_speech,aoa_rt_khanna,251,4,-0.18702836521402078,pass
BERT_base&EEG_speech,aoa_rt_khanna,251,5,-0.22516426090952635,pass
Llama_3_8B&EEG_speech,aoa_rt_khanna,251,1,-0.008697845571262075,pass
Llama_3_8B&EEG_speech,aoa_rt_khanna,251,2,-0.03944014825298314,pass
Llama_3_8B&EEG_speech,aoa_rt_khanna,251,3,-0.147676349743894,pass
Llama_3_8B&EEG_speech,aoa_rt_khanna,251,4,-0.19389857656008935,pass
Llama_3_8B&EEG_speech,aoa_rt_khanna,251,5,-0.2305365386809748,pass
BERT_base&Llama_3_8B,aoa_hollis,133,1,0.45133309973308355,pass
BERT_base&Llama_3_8B,aoa_hollis,133,2,0.6366416719095378,pass
BERT_base&Llama_3_8B,aoa_hollis,133,3,0.4407327650003323,pass
BERT_base&Llama_3_8B,aoa_hollis,133,4,0.2857252344126242,pass
BERT_base&Llama_3_8B,aoa_hollis,133,5,0.412019663537193,pass
BERT_base&EEG_speech,aoa_hollis,133,1,0.20911643095171994,pass
BERT_base&EEG_speech,aoa_hollis,133,2,0.32172521689398315,pass
BERT_base&EEG_speech,aoa_hollis,133,3,0.32086711949656366,pass
BERT_base&EEG_speech,aoa_hollis,133,4,0.3688416380342163,pass
BERT_base&EEG_speech,aoa_hollis,133,5,0.2955920739962199,pass
Llama_3_8B&EEG_speech,aoa_hollis,133,1,0.4500991012095904,pass
Llama_3_8B&EEG_speech,aoa_hollis,133,2,0.6481324368381062,pass
Llama_3_8B&EEG_speech,aoa_hollis,133,3,0.2942344156431358,pass
Llama_3_8B&EEG_speech,aoa_hollis,133,4,0.4097857987124012,pass
Llama_3_8B&EEG_speech,aoa_hollis,133,5,0.37650460500080996,pass
BERT_base&Llama_3_8B,valence_hollis,133,1,0.7537529692308563,pass
BERT_base&Llama_3_8B,valence_hollis,133,2,0.8098101436441717,pass
BERT_base&Llama_3_8B,valence_hollis,133,3,0.7759798612566202,pass
BERT_base&Llama_3_8B,valence_hollis,133,4,0.6833805628528407,pass
BERT_base&Llama_3_8B,valence_hollis,133,5,0.6722630036814168,pass
BERT_base&EEG_speech,valence_hollis,133,1,0.8211498236482742,pass
BERT_base&EEG_speech,valence_hollis,133,2,0.7794556086121549,pass
BERT_base&EEG_speech,valence_hollis,133,3,0.7620681253663945,pass
BERT_base&EEG_speech,valence_hollis,133,4,0.6737014378430173,pass
BERT_base&EEG_speech,valence_hollis,133,5,0.6960576567015249,pass
Llama_3_8B&EEG_speech,valence_hollis,133,1,0.7080176704988943,pass
Llama_3_8B&EEG_speech,valence_hollis,133,2,0.7568648327140761,pass
Llama_3_8B&EEG_speech,valence_hollis,133,3,0.7553178487884047,pass
Llama_3_8B&EEG_speech,valence_hollis,133,4,0.6282736324729453,pass
Llama_3_8B&EEG_speech,valence_hollis,133,5,0.6796297055875538,pass
BERT_base&Llama_3_8B,arousal_hollis,133,1,0.6004047665287064,pass
BERT_base&Llama_3_8B,arousal_hollis,133,2,0.60655460968847,pass
BERT_base&Llama_3_8B,arousal_hollis,133,3,0.41896589759521385,pass
BERT_base&Llama_3_8B,arousal_hollis,133,4,0.49418198148508397,pass
BERT_base&Llama_3_8B,arousal_hollis,133,5,0.4481140800331602,pass
BERT_base&EEG_speech,arousal_hollis,133,1,0.6237153354016609,pass
BERT_base&EEG_speech,arousal_hollis,133,2,0.5801105593567053,pass
BERT_base&EEG_speech,arousal_hollis,133,3,0.5078386664706782,pass
BERT_base&EEG_speech,arousal_hollis,133,4,0.5082114173998458,pass
BERT_base&EEG_speech,arousal_hollis,133,5,0.3977137994259974,pass
Llama_3_8B&EEG_speech,arousal_hollis,133,1,0.532257928506584,pass
Llama_3_8B&EEG_speech,arousal_hollis,133,2,0.5830965585382821,pass
Llama_3_8B&EEG_speech,arousal_hollis,133,3,0.3301445610770568,pass
Llama_3_8B&EEG_speech,arousal_hollis,133,4,0.4243364202332387,pass
Llama_3_8B&EEG_speech,arousal_hollis,133,5,0.4529104187086719,pass
BERT_base&Llama_3_8B,concreteness_hollis,133,1,0.8306387064976797,pass
BERT_base&Llama_3_8B,concreteness_hollis,133,2,0.752644024686808,pass
BERT_base&Llama_3_8B,concreteness_hollis,133,3,0.8277327706264053,pass
BERT_base&Llama_3_8B,concreteness_hollis,133,4,0.8228933310207699,pass
BERT_base&Llama_3_8B,concreteness_hollis,133,5,0.9186592122259811,pass
BERT_base&EEG_speech,concreteness_hollis,133,1,0.8259843925620848,pass
BERT_base&EEG_speech,concreteness_hollis,133,2,0.8618706545625899,pass
BERT_base&EEG_speech,concreteness_hollis,133,3,0.8702941992596961,pass
BERT_base&EEG_speech,concreteness_hollis,133,4,0.8102898178234617,pass
BERT_base&EEG_speech,concreteness_hollis,133,5,0.9149458679924041,pass
Llama_3_8B&EEG_speech,concreteness_hollis,133,1,0.8177511133466567,pass
Llama_3_8B&EEG_speech,concreteness_hollis,133,2,0.699431698127067,pass
Llama_3_8B&EEG_speech,concreteness_hollis,133,3,0.7986699044477458,pass
Llama_3_8B&EEG_speech,concreteness_hollis,133,4,0.7968097046634746,pass
Llama_3_8B&EEG_speech,concreteness_hollis,133,5,0.8993212081591245,pass
BERT_base&Llama_3_8B,aoa_stration,26,1,,test_n < 20
BERT_base&Llama_3_8B,aoa_stration,26,2,,test_n < 20
BERT_base&Llama_3_8B,aoa_stration,26,3,,test_n < 20
BERT_base&Llama_3_8B,aoa_stration,26,4,,test_n < 20
BERT_base&Llama_3_8B,aoa_stration,26,5,,test_n < 20
BERT_base&EEG_speech,aoa_stration,26,1,,test_n < 20
BERT_base&EEG_speech,aoa_stration,26,2,,test_n < 20
BERT_base&EEG_speech,aoa_stration,26,3,,test_n < 20
BERT_base&EEG_speech,aoa_stration,26,4,,test_n < 20
BERT_base&EEG_speech,aoa_stration,26,5,,test_n < 20
Llama_3_8B&EEG_speech,aoa_stration,26,1,,test_n < 20
Llama_3_8B&EEG_speech,aoa_stration,26,2,,test_n < 20
Llama_3_8B&EEG_speech,aoa_stration,26,3,,test_n < 20
Llama_3_8B&EEG_speech,aoa_stration,26,4,,test_n < 20
Llama_3_8B&EEG_speech,aoa_stration,26,5,,test_n < 20
BERT_base&Llama_3_8B,imagery_stration,26,1,,test_n < 20
BERT_base&Llama_3_8B,imagery_stration,26,2,,test_n < 20
BERT_base&Llama_3_8B,imagery_stration,26,3,,test_n < 20
BERT_base&Llama_3_8B,imagery_stration,26,4,,test_n < 20
BERT_base&Llama_3_8B,imagery_stration,26,5,,test_n < 20
BERT_base&EEG_speech,imagery_stration,26,1,,test_n < 20
BERT_base&EEG_speech,imagery_stration,26,2,,test_n < 20
BERT_base&EEG_speech,imagery_stration,26,3,,test_n < 20
BERT_base&EEG_speech,imagery_stration,26,4,,test_n < 20
BERT_base&EEG_speech,imagery_stration,26,5,,test_n < 20
Llama_3_8B&EEG_speech,imagery_stration,26,1,,test_n < 20
Llama_3_8B&EEG_speech,imagery_stration,26,2,,test_n < 20
Llama_3_8B&EEG_speech,imagery_stration,26,3,,test_n < 20
Llama_3_8B&EEG_speech,imagery_stration,26,4,,test_n < 20
Llama_3_8B&EEG_speech,imagery_stration,26,5,,test_n < 20
BERT_base&Llama_3_8B,familiarity_stration,26,1,,test_n < 20
BERT_base&Llama_3_8B,familiarity_stration,26,2,,test_n < 20
BERT_base&Llama_3_8B,familiarity_stration,26,3,,test_n < 20
BERT_base&Llama_3_8B,familiarity_stration,26,4,,test_n < 20
BERT_base&Llama_3_8B,familiarity_stration,26,5,,test_n < 20
BERT_base&EEG_speech,familiarity_stration,26,1,,test_n < 20
BERT_base&EEG_speech,familiarity_stration,26,2,,test_n < 20
BERT_base&EEG_speech,familiarity_stration,26,3,,test_n < 20
BERT_base&EEG_speech,familiarity_stration,26,4,,test_n < 20
BERT_base&EEG_speech,familiarity_stration,26,5,,test_n < 20
Llama_3_8B&EEG_speech,familiarity_stration,26,1,,test_n < 20
Llama_3_8B&EEG_speech,familiarity_stration,26,2,,test_n < 20
Llama_3_8B&EEG_speech,familiarity_stration,26,3,,test_n < 20
Llama_3_8B&EEG_speech,familiarity_stration,26,4,,test_n < 20
Llama_3_8B&EEG_speech,familiarity_stration,26,5,,test_n < 20
BERT_base&Llama_3_8B,meaningfulness_stration,26,1,,test_n < 20
BERT_base&Llama_3_8B,meaningfulness_stration,26,2,,test_n < 20
BERT_base&Llama_3_8B,meaningfulness_stration,26,3,,test_n < 20
BERT_base&Llama_3_8B,meaningfulness_stration,26,4,,test_n < 20
BERT_base&Llama_3_8B,meaningfulness_stration,26,5,,test_n < 20
BERT_base&EEG_speech,meaningfulness_stration,26,1,,test_n < 20
BERT_base&EEG_speech,meaningfulness_stration,26,2,,test_n < 20
BERT_base&EEG_speech,meaningfulness_stration,26,3,,test_n < 20
BERT_base&EEG_speech,meaningfulness_stration,26,4,,test_n < 20
BERT_base&EEG_speech,meaningfulness_stration,26,5,,test_n < 20
Llama_3_8B&EEG_speech,meaningfulness_stration,26,1,,test_n < 20
Llama_3_8B&EEG_speech,meaningfulness_stration,26,2,,test_n < 20
Llama_3_8B&EEG_speech,meaningfulness_stration,26,3,,test_n < 20
Llama_3_8B&EEG_speech,meaningfulness_stration,26,4,,test_n < 20
Llama_3_8B&EEG_speech,meaningfulness_stration,26,5,,test_n < 20
BERT_base&Llama_3_8B,valence_garrido,39,1,,test_n < 20
BERT_base&Llama_3_8B,valence_garrido,39,2,,test_n < 20
BERT_base&Llama_3_8B,valence_garrido,39,3,,test_n < 20
BERT_base&Llama_3_8B,valence_garrido,39,4,,test_n < 20
BERT_base&Llama_3_8B,valence_garrido,39,5,,test_n < 20
BERT_base&EEG_speech,valence_garrido,39,1,,test_n < 20
BERT_base&EEG_speech,valence_garrido,39,2,,test_n < 20
BERT_base&EEG_speech,valence_garrido,39,3,,test_n < 20
BERT_base&EEG_speech,valence_garrido,39,4,,test_n < 20
BERT_base&EEG_speech,valence_garrido,39,5,,test_n < 20
Llama_3_8B&EEG_speech,valence_garrido,39,1,,test_n < 20
Llama_3_8B&EEG_speech,valence_garrido,39,2,,test_n < 20
Llama_3_8B&EEG_speech,valence_garrido,39,3,,test_n < 20
Llama_3_8B&EEG_speech,valence_garrido,39,4,,test_n < 20
Llama_3_8B&EEG_speech,valence_garrido,39,5,,test_n < 20
BERT_base&Llama_3_8B,emotionality_garrido,39,1,,test_n < 20
BERT_base&Llama_3_8B,emotionality_garrido,39,2,,test_n < 20
BERT_base&Llama_3_8B,emotionality_garrido,39,3,,test_n < 20
BERT_base&Llama_3_8B,emotionality_garrido,39,4,,test_n < 20
BERT_base&Llama_3_8B,emotionality_garrido,39,5,,test_n < 20
BERT_base&EEG_speech,emotionality_garrido,39,1,,test_n < 20
BERT_base&EEG_speech,emotionality_garrido,39,2,,test_n < 20
BERT_base&EEG_speech,emotionality_garrido,39,3,,test_n < 20
BERT_base&EEG_speech,emotionality_garrido,39,4,,test_n < 20
BERT_base&EEG_speech,emotionality_garrido,39,5,,test_n < 20
Llama_3_8B&EEG_speech,emotionality_garrido,39,1,,test_n < 20
Llama_3_8B&EEG_speech,emotionality_garrido,39,2,,test_n < 20
Llama_3_8B&EEG_speech,emotionality_garrido,39,3,,test_n < 20
Llama_3_8B&EEG_speech,emotionality_garrido,39,4,,test_n < 20
Llama_3_8B&EEG_speech,emotionality_garrido,39,5,,test_n < 20
BERT_base&Llama_3_8B,familiarity_garrido,39,1,,test_n < 20
BERT_base&Llama_3_8B,familiarity_garrido,39,2,,test_n < 20
BERT_base&Llama_3_8B,familiarity_garrido,39,3,,test_n < 20
BERT_base&Llama_3_8B,familiarity_garrido,39,4,,test_n < 20
BERT_base&Llama_3_8B,familiarity_garrido,39,5,,test_n < 20
BERT_base&EEG_speech,familiarity_garrido,39,1,,test_n < 20
BERT_base&EEG_speech,familiarity_garrido,39,2,,test_n < 20
BERT_base&EEG_speech,familiarity_garrido,39,3,,test_n < 20
BERT_base&EEG_speech,familiarity_garrido,39,4,,test_n < 20
BERT_base&EEG_speech,familiarity_garrido,39,5,,test_n < 20
Llama_3_8B&EEG_speech,familiarity_garrido,39,1,,test_n < 20
Llama_3_8B&EEG_speech,familiarity_garrido,39,2,,test_n < 20
Llama_3_8B&EEG_speech,familiarity_garrido,39,3,,test_n < 20
Llama_3_8B&EEG_speech,familiarity_garrido,39,4,,test_n < 20
Llama_3_8B&EEG_speech,familiarity_garrido,39,5,,test_n < 20
BERT_base&Llama_3_8B,angry_zupan,36,1,,test_n < 20
BERT_base&Llama_3_8B,angry_zupan,36,2,,test_n < 20
BERT_base&Llama_3_8B,angry_zupan,36,3,,test_n < 20
BERT_base&Llama_3_8B,angry_zupan,36,4,,test_n < 20
BERT_base&Llama_3_8B,angry_zupan,36,5,,test_n < 20
BERT_base&EEG_speech,angry_zupan,36,1,,test_n < 20
BERT_base&EEG_speech,angry_zupan,36,2,,test_n < 20
BERT_base&EEG_speech,angry_zupan,36,3,,test_n < 20
BERT_base&EEG_speech,angry_zupan,36,4,,test_n < 20
BERT_base&EEG_speech,angry_zupan,36,5,,test_n < 20
Llama_3_8B&EEG_speech,angry_zupan,36,1,,test_n < 20
Llama_3_8B&EEG_speech,angry_zupan,36,2,,test_n < 20
Llama_3_8B&EEG_speech,angry_zupan,36,3,,test_n < 20
Llama_3_8B&EEG_speech,angry_zupan,36,4,,test_n < 20
Llama_3_8B&EEG_speech,angry_zupan,36,5,,test_n < 20
BERT_base&Llama_3_8B,fearful_zupan,36,1,,test_n < 20
BERT_base&Llama_3_8B,fearful_zupan,36,2,,test_n < 20
BERT_base&Llama_3_8B,fearful_zupan,36,3,,test_n < 20
BERT_base&Llama_3_8B,fearful_zupan,36,4,,test_n < 20
BERT_base&Llama_3_8B,fearful_zupan,36,5,,test_n < 20
BERT_base&EEG_speech,fearful_zupan,36,1,,test_n < 20
BERT_base&EEG_speech,fearful_zupan,36,2,,test_n < 20
BERT_base&EEG_speech,fearful_zupan,36,3,,test_n < 20
BERT_base&EEG_speech,fearful_zupan,36,4,,test_n < 20
BERT_base&EEG_speech,fearful_zupan,36,5,,test_n < 20
Llama_3_8B&EEG_speech,fearful_zupan,36,1,,test_n < 20
Llama_3_8B&EEG_speech,fearful_zupan,36,2,,test_n < 20
Llama_3_8B&EEG_speech,fearful_zupan,36,3,,test_n < 20
Llama_3_8B&EEG_speech,fearful_zupan,36,4,,test_n < 20
Llama_3_8B&EEG_speech,fearful_zupan,36,5,,test_n < 20
BERT_base&Llama_3_8B,happy_zupan,36,1,,test_n < 20
BERT_base&Llama_3_8B,happy_zupan,36,2,,test_n < 20
BERT_base&Llama_3_8B,happy_zupan,36,3,,test_n < 20
BERT_base&Llama_3_8B,happy_zupan,36,4,,test_n < 20
BERT_base&Llama_3_8B,happy_zupan,36,5,,test_n < 20
BERT_base&EEG_speech,happy_zupan,36,1,,test_n < 20
BERT_base&EEG_speech,happy_zupan,36,2,,test_n < 20
BERT_base&EEG_speech,happy_zupan,36,3,,test_n < 20
BERT_base&EEG_speech,happy_zupan,36,4,,test_n < 20
BERT_base&EEG_speech,happy_zupan,36,5,,test_n < 20
Llama_3_8B&EEG_speech,happy_zupan,36,1,,test_n < 20
Llama_3_8B&EEG_speech,happy_zupan,36,2,,test_n < 20
Llama_3_8B&EEG_speech,happy_zupan,36,3,,test_n < 20
Llama_3_8B&EEG_speech,happy_zupan,36,4,,test_n < 20
Llama_3_8B&EEG_speech,happy_zupan,36,5,,test_n < 20
BERT_base&Llama_3_8B,intensity_zupan,36,1,,test_n < 20
BERT_base&Llama_3_8B,intensity_zupan,36,2,,test_n < 20
BERT_base&Llama_3_8B,intensity_zupan,36,3,,test_n < 20
BERT_base&Llama_3_8B,intensity_zupan,36,4,,test_n < 20
BERT_base&Llama_3_8B,intensity_zupan,36,5,,test_n < 20
BERT_base&EEG_speech,intensity_zupan,36,1,,test_n < 20
BERT_base&EEG_speech,intensity_zupan,36,2,,test_n < 20
BERT_base&EEG_speech,intensity_zupan,36,3,,test_n < 20
BERT_base&EEG_speech,intensity_zupan,36,4,,test_n < 20
BERT_base&EEG_speech,intensity_zupan,36,5,,test_n < 20
Llama_3_8B&EEG_speech,intensity_zupan,36,1,,test_n < 20
Llama_3_8B&EEG_speech,intensity_zupan,36,2,,test_n < 20
Llama_3_8B&EEG_speech,intensity_zupan,36,3,,test_n < 20
Llama_3_8B&EEG_speech,intensity_zupan,36,4,,test_n < 20
Llama_3_8B&EEG_speech,intensity_zupan,36,5,,test_n < 20
BERT_base&Llama_3_8B,neutral_zupan,36,1,,test_n < 20
BERT_base&Llama_3_8B,neutral_zupan,36,2,,test_n < 20
BERT_base&Llama_3_8B,neutral_zupan,36,3,,test_n < 20
BERT_base&Llama_3_8B,neutral_zupan,36,4,,test_n < 20
BERT_base&Llama_3_8B,neutral_zupan,36,5,,test_n < 20
BERT_base&EEG_speech,neutral_zupan,36,1,,test_n < 20
BERT_base&EEG_speech,neutral_zupan,36,2,,test_n < 20
BERT_base&EEG_speech,neutral_zupan,36,3,,test_n < 20
BERT_base&EEG_speech,neutral_zupan,36,4,,test_n < 20
BERT_base&EEG_speech,neutral_zupan,36,5,,test_n < 20
Llama_3_8B&EEG_speech,neutral_zupan,36,1,,test_n < 20
Llama_3_8B&EEG_speech,neutral_zupan,36,2,,test_n < 20
Llama_3_8B&EEG_speech,neutral_zupan,36,3,,test_n < 20
Llama_3_8B&EEG_speech,neutral_zupan,36,4,,test_n < 20
Llama_3_8B&EEG_speech,neutral_zupan,36,5,,test_n < 20
BERT_base&Llama_3_8B,sad_zupan,36,1,,test_n < 20
BERT_base&Llama_3_8B,sad_zupan,36,2,,test_n < 20
BERT_base&Llama_3_8B,sad_zupan,36,3,,test_n < 20
BERT_base&Llama_3_8B,sad_zupan,36,4,,test_n < 20
BERT_base&Llama_3_8B,sad_zupan,36,5,,test_n < 20
BERT_base&EEG_speech,sad_zupan,36,1,,test_n < 20
BERT_base&EEG_speech,sad_zupan,36,2,,test_n < 20
BERT_base&EEG_speech,sad_zupan,36,3,,test_n < 20
BERT_base&EEG_speech,sad_zupan,36,4,,test_n < 20
BERT_base&EEG_speech,sad_zupan,36,5,,test_n < 20
Llama_3_8B&EEG_speech,sad_zupan,36,1,,test_n < 20
Llama_3_8B&EEG_speech,sad_zupan,36,2,,test_n < 20
Llama_3_8B&EEG_speech,sad_zupan,36,3,,test_n < 20
Llama_3_8B&EEG_speech,sad_zupan,36,4,,test_n < 20
Llama_3_8B&EEG_speech,sad_zupan,36,5,,test_n < 20
BERT_base&Llama_3_8B,valence_zupan,36,1,,test_n < 20
BERT_base&Llama_3_8B,valence_zupan,36,2,,test_n < 20
BERT_base&Llama_3_8B,valence_zupan,36,3,,test_n < 20
BERT_base&Llama_3_8B,valence_zupan,36,4,,test_n < 20
BERT_base&Llama_3_8B,valence_zupan,36,5,,test_n < 20
BERT_base&EEG_speech,valence_zupan,36,1,,test_n < 20
BERT_base&EEG_speech,valence_zupan,36,2,,test_n < 20
BERT_base&EEG_speech,valence_zupan,36,3,,test_n < 20
BERT_base&EEG_speech,valence_zupan,36,4,,test_n < 20
BERT_base&EEG_speech,valence_zupan,36,5,,test_n < 20
Llama_3_8B&EEG_speech,valence_zupan,36,1,,test_n < 20
Llama_3_8B&EEG_speech,valence_zupan,36,2,,test_n < 20
Llama_3_8B&EEG_speech,valence_zupan,36,3,,test_n < 20
Llama_3_8B&EEG_speech,valence_zupan,36,4,,test_n < 20
Llama_3_8B&EEG_speech,valence_zupan,36,5,,test_n < 20
BERT_base&Llama_3_8B,aoa_bird,369,1,0.3676243697541638,pass
BERT_base&Llama_3_8B,aoa_bird,369,2,0.42345816088239097,pass
BERT_base&Llama_3_8B,aoa_bird,369,3,0.29886526058904017,pass
BERT_base&Llama_3_8B,aoa_bird,369,4,0.37233052436012093,pass
BERT_base&Llama_3_8B,aoa_bird,369,5,0.4295429660232305,pass
BERT_base&EEG_speech,aoa_bird,369,1,0.42481806469016314,pass
BERT_base&EEG_speech,aoa_bird,369,2,0.4286051332850609,pass
BERT_base&EEG_speech,aoa_bird,369,3,0.35432548587783663,pass
BERT_base&EEG_speech,aoa_bird,369,4,0.2714469430674573,pass
BERT_base&EEG_speech,aoa_bird,369,5,0.38382905212574137,pass
Llama_3_8B&EEG_speech,aoa_bird,369,1,0.3223010458229497,pass
Llama_3_8B&EEG_speech,aoa_bird,369,2,0.3627664896588373,pass
Llama_3_8B&EEG_speech,aoa_bird,369,3,0.23974637697554924,pass
Llama_3_8B&EEG_speech,aoa_bird,369,4,0.33783468396381033,pass
Llama_3_8B&EEG_speech,aoa_bird,369,5,0.3628683118710132,pass
BERT_base&Llama_3_8B,imageability_bird,181,1,0.4613443864570571,pass
BERT_base&Llama_3_8B,imageability_bird,181,2,0.4567827963597606,pass
BERT_base&Llama_3_8B,imageability_bird,181,3,0.4425451954918419,pass
BERT_base&Llama_3_8B,imageability_bird,181,4,0.27208963722778434,pass
BERT_base&Llama_3_8B,imageability_bird,181,5,0.5576015608950777,pass
BERT_base&EEG_speech,imageability_bird,181,1,0.32541022102588457,pass
BERT_base&EEG_speech,imageability_bird,181,2,0.5424414242823187,pass
BERT_base&EEG_speech,imageability_bird,181,3,0.606801865458688,pass
BERT_base&EEG_speech,imageability_bird,181,4,0.28376184634797863,pass
BERT_base&EEG_speech,imageability_bird,181,5,0.5069891280175324,pass
Llama_3_8B&EEG_speech,imageability_bird,181,1,0.47992571937351924,pass
Llama_3_8B&EEG_speech,imageability_bird,181,2,0.42045625722861557,pass
Llama_3_8B&EEG_speech,imageability_bird,181,3,0.502727743592357,pass
Llama_3_8B&EEG_speech,imageability_bird,181,4,0.2450660740571411,pass
Llama_3_8B&EEG_speech,imageability_bird,181,5,0.5285449853678614,pass
BERT_base&Llama_3_8B,association_rt_ley,5,1,,test_n < 20
BERT_base&Llama_3_8B,association_rt_ley,5,2,,test_n < 20
BERT_base&Llama_3_8B,association_rt_ley,5,3,,test_n < 20
BERT_base&Llama_3_8B,association_rt_ley,5,4,,test_n < 20
BERT_base&Llama_3_8B,association_rt_ley,5,5,,test_n < 20
BERT_base&EEG_speech,association_rt_ley,5,1,,test_n < 20
BERT_base&EEG_speech,association_rt_ley,5,2,,test_n < 20
BERT_base&EEG_speech,association_rt_ley,5,3,,test_n < 20
BERT_base&EEG_speech,association_rt_ley,5,4,,test_n < 20
BERT_base&EEG_speech,association_rt_ley,5,5,,test_n < 20
Llama_3_8B&EEG_speech,association_rt_ley,5,1,,test_n < 20
Llama_3_8B&EEG_speech,association_rt_ley,5,2,,test_n < 20
Llama_3_8B&EEG_speech,association_rt_ley,5,3,,test_n < 20
Llama_3_8B&EEG_speech,association_rt_ley,5,4,,test_n < 20
Llama_3_8B&EEG_speech,association_rt_ley,5,5,,test_n < 20
BERT_base&Llama_3_8B,meaningfulness_ley,5,1,,test_n < 20
BERT_base&Llama_3_8B,meaningfulness_ley,5,2,,test_n < 20
BERT_base&Llama_3_8B,meaningfulness_ley,5,3,,test_n < 20
BERT_base&Llama_3_8B,meaningfulness_ley,5,4,,test_n < 20
BERT_base&Llama_3_8B,meaningfulness_ley,5,5,,test_n < 20
BERT_base&EEG_speech,meaningfulness_ley,5,1,,test_n < 20
BERT_base&EEG_speech,meaningfulness_ley,5,2,,test_n < 20
BERT_base&EEG_speech,meaningfulness_ley,5,3,,test_n < 20
BERT_base&EEG_speech,meaningfulness_ley,5,4,,test_n < 20
BERT_base&EEG_speech,meaningfulness_ley,5,5,,test_n < 20
Llama_3_8B&EEG_speech,meaningfulness_ley,5,1,,test_n < 20
Llama_3_8B&EEG_speech,meaningfulness_ley,5,2,,test_n < 20
Llama_3_8B&EEG_speech,meaningfulness_ley,5,3,,test_n < 20
Llama_3_8B&EEG_speech,meaningfulness_ley,5,4,,test_n < 20
Llama_3_8B&EEG_speech,meaningfulness_ley,5,5,,test_n < 20
BERT_base&Llama_3_8B,happiness_stevenson,133,1,0.7808736148923497,pass
BERT_base&Llama_3_8B,happiness_stevenson,133,2,0.8157769690134371,pass
BERT_base&Llama_3_8B,happiness_stevenson,133,3,0.7895470909255728,pass
BERT_base&Llama_3_8B,happiness_stevenson,133,4,0.6536422606360484,pass
BERT_base&Llama_3_8B,happiness_stevenson,133,5,0.6682461795664365,pass
BERT_base&EEG_speech,happiness_stevenson,133,1,0.778394971076732,pass
BERT_base&EEG_speech,happiness_stevenson,133,2,0.7438401843290612,pass
BERT_base&EEG_speech,happiness_stevenson,133,3,0.7421206549473311,pass
BERT_base&EEG_speech,happiness_stevenson,133,4,0.6244207090626923,pass
BERT_base&EEG_speech,happiness_stevenson,133,5,0.6859056806415611,pass
Llama_3_8B&EEG_speech,happiness_stevenson,133,1,0.709194777450969,pass
Llama_3_8B&EEG_speech,happiness_stevenson,133,2,0.7530843367675893,pass
Llama_3_8B&EEG_speech,happiness_stevenson,133,3,0.7618897434828162,pass
Llama_3_8B&EEG_speech,happiness_stevenson,133,4,0.5606056358299347,pass
Llama_3_8B&EEG_speech,happiness_stevenson,133,5,0.6116021519415263,pass
BERT_base&Llama_3_8B,anger_stevenson,133,1,0.7206720083802849,pass
BERT_base&Llama_3_8B,anger_stevenson,133,2,0.7677069506530252,pass
BERT_base&Llama_3_8B,anger_stevenson,133,3,0.5178518986625368,pass
BERT_base&Llama_3_8B,anger_stevenson,133,4,0.606786107824147,pass
BERT_base&Llama_3_8B,anger_stevenson,133,5,0.5788238216966566,pass
BERT_base&EEG_speech,anger_stevenson,133,1,0.7484614277854229,pass
BERT_base&EEG_speech,anger_stevenson,133,2,0.7239962777510924,pass
BERT_base&EEG_speech,anger_stevenson,133,3,0.6765891261519423,pass
BERT_base&EEG_speech,anger_stevenson,133,4,0.6029823720612644,pass
BERT_base&EEG_speech,anger_stevenson,133,5,0.45003616236261257,pass
Llama_3_8B&EEG_speech,anger_stevenson,133,1,0.6615155291722987,pass
Llama_3_8B&EEG_speech,anger_stevenson,133,2,0.7489298562026313,pass
Llama_3_8B&EEG_speech,anger_stevenson,133,3,0.31977680174924217,pass
Llama_3_8B&EEG_speech,anger_stevenson,133,4,0.5668548784200886,pass
Llama_3_8B&EEG_speech,anger_stevenson,133,5,0.5427636922001253,pass
BERT_base&Llama_3_8B,sadness_stevenson,133,1,0.4048512235617947,pass
BERT_base&Llama_3_8B,sadness_stevenson,133,2,0.678661380302078,pass
BERT_base&Llama_3_8B,sadness_stevenson,133,3,0.47613834841337255,pass
BERT_base&Llama_3_8B,sadness_stevenson,133,4,0.625972271302472,pass
BERT_base&Llama_3_8B,sadness_stevenson,133,5,0.5300573361676444,pass
BERT_base&EEG_speech,sadness_stevenson,133,1,0.5333961534202676,pass
BERT_base&EEG_speech,sadness_stevenson,133,2,0.6905526922301464,pass
BERT_base&EEG_speech,sadness_stevenson,133,3,0.5580280044004078,pass
BERT_base&EEG_speech,sadness_stevenson,133,4,0.5728027602978893,pass
BERT_base&EEG_speech,sadness_stevenson,133,5,0.5325648357558713,pass
Llama_3_8B&EEG_speech,sadness_stevenson,133,1,0.3462064858220194,pass
Llama_3_8B&EEG_speech,sadness_stevenson,133,2,0.6684044270198817,pass
Llama_3_8B&EEG_speech,sadness_stevenson,133,3,0.4022769197980528,pass
Llama_3_8B&EEG_speech,sadness_stevenson,133,4,0.5258284632407819,pass
Llama_3_8B&EEG_speech,sadness_stevenson,133,5,0.43850962373219593,pass
BERT_base&Llama_3_8B,fear_stevenson,133,1,0.6089821394922376,pass
BERT_base&Llama_3_8B,fear_stevenson,133,2,0.7548539463884205,pass
BERT_base&Llama_3_8B,fear_stevenson,133,3,0.42266156504203933,pass
BERT_base&Llama_3_8B,fear_stevenson,133,4,0.6465805215274751,pass
BERT_base&Llama_3_8B,fear_stevenson,133,5,0.6509740920427041,pass
BERT_base&EEG_speech,fear_stevenson,133,1,0.7233205111710023,pass
BERT_base&EEG_speech,fear_stevenson,133,2,0.8224510592106444,pass
BERT_base&EEG_speech,fear_stevenson,133,3,0.5915501600677688,pass
BERT_base&EEG_speech,fear_stevenson,133,4,0.6439262754450596,pass
BERT_base&EEG_speech,fear_stevenson,133,5,0.6205778140686055,pass
Llama_3_8B&EEG_speech,fear_stevenson,133,1,0.53889577628072,pass
Llama_3_8B&EEG_speech,fear_stevenson,133,2,0.7248180583490275,pass
Llama_3_8B&EEG_speech,fear_stevenson,133,3,0.2747944291100516,pass
Llama_3_8B&EEG_speech,fear_stevenson,133,4,0.5221522521820936,pass
Llama_3_8B&EEG_speech,fear_stevenson,133,5,0.555481150749914,pass
BERT_base&Llama_3_8B,disgust_stevenson,133,1,0.5614244911619699,pass
BERT_base&Llama_3_8B,disgust_stevenson,133,2,0.4892725097797789,pass
BERT_base&Llama_3_8B,disgust_stevenson,133,3,0.388503053132387,pass
BERT_base&Llama_3_8B,disgust_stevenson,133,4,0.6554344173140456,pass
BERT_base&Llama_3_8B,disgust_stevenson,133,5,0.4121244548892097,pass
BERT_base&EEG_speech,disgust_stevenson,133,1,0.5374389643115197,pass
BERT_base&EEG_speech,disgust_stevenson,133,2,0.4209530237901874,pass
BERT_base&EEG_speech,disgust_stevenson,133,3,0.45643039216663683,pass
BERT_base&EEG_speech,disgust_stevenson,133,4,0.5077917199009288,pass
BERT_base&EEG_speech,disgust_stevenson,133,5,0.44255017836440436,pass
Llama_3_8B&EEG_speech,disgust_stevenson,133,1,0.5225977302386994,pass
Llama_3_8B&EEG_speech,disgust_stevenson,133,2,0.4801927050163203,pass
Llama_3_8B&EEG_speech,disgust_stevenson,133,3,0.3279774055179385,pass
Llama_3_8B&EEG_speech,disgust_stevenson,133,4,0.6507489623606029,pass
Llama_3_8B&EEG_speech,disgust_stevenson,133,5,0.36899392271921505,pass
BERT_base&Llama_3_8B,goodness_brown,118,1,0.6493002224829019,pass
BERT_base&Llama_3_8B,goodness_brown,118,2,0.6693496270793634,pass
BERT_base&Llama_3_8B,goodness_brown,118,3,0.6740008586151693,pass
BERT_base&Llama_3_8B,goodness_brown,118,4,0.6054864550978463,pass
BERT_base&Llama_3_8B,goodness_brown,118,5,0.6392984036375158,pass
BERT_base&EEG_speech,goodness_brown,118,1,0.7363798637896768,pass
BERT_base&EEG_speech,goodness_brown,118,2,0.7472782768575523,pass
BERT_base&EEG_speech,goodness_brown,118,3,0.8161445694376629,pass
BERT_base&EEG_speech,goodness_brown,118,4,0.46798648103986773,pass
BERT_base&EEG_speech,goodness_brown,118,5,0.7068143751627378,pass
Llama_3_8B&EEG_speech,goodness_brown,118,1,0.6126581384045869,pass
Llama_3_8B&EEG_speech,goodness_brown,118,2,0.5770579877173323,pass
Llama_3_8B&EEG_speech,goodness_brown,118,3,0.6175742294067195,pass
Llama_3_8B&EEG_speech,goodness_brown,118,4,0.553385570251525,pass
Llama_3_8B&EEG_speech,goodness_brown,118,5,0.5943777912860078,pass
BERT_base&Llama_3_8B,pleasantness_brown,118,1,0.7074148024171284,pass
BERT_base&Llama_3_8B,pleasantness_brown,118,2,0.7056251071475714,pass
BERT_base&Llama_3_8B,pleasantness_brown,118,3,0.6877734150944251,pass
BERT_base&Llama_3_8B,pleasantness_brown,118,4,0.5082258335356824,pass
BERT_base&Llama_3_8B,pleasantness_brown,118,5,0.7490527715643418,pass
BERT_base&EEG_speech,pleasantness_brown,118,1,0.7746195393571981,pass
BERT_base&EEG_speech,pleasantness_brown,118,2,0.7700377422612019,pass
BERT_base&EEG_speech,pleasantness_brown,118,3,0.7080847322269634,pass
BERT_base&EEG_speech,pleasantness_brown,118,4,0.44612315527219804,pass
BERT_base&EEG_speech,pleasantness_brown,118,5,0.7140221102794677,pass
Llama_3_8B&EEG_speech,pleasantness_brown,118,1,0.657446311814705,pass
Llama_3_8B&EEG_speech,pleasantness_brown,118,2,0.6242186995103305,pass
Llama_3_8B&EEG_speech,pleasantness_brown,118,3,0.6074655403277673,pass
Llama_3_8B&EEG_speech,pleasantness_brown,118,4,0.4757688984490104,pass
Llama_3_8B&EEG_speech,pleasantness_brown,118,5,0.6822152909916334,pass
BERT_base&Llama_3_8B,emotionality_brown,118,1,0.3715016470941953,pass
BERT_base&Llama_3_8B,emotionality_brown,118,2,0.6118938020255604,pass
BERT_base&Llama_3_8B,emotionality_brown,118,3,0.6057364148020505,pass
BERT_base&Llama_3_8B,emotionality_brown,118,4,0.5058840432825549,pass
BERT_base&Llama_3_8B,emotionality_brown,118,5,0.5435085875279114,pass
BERT_base&EEG_speech,emotionality_brown,118,1,0.5668166988115899,pass
BERT_base&EEG_speech,emotionality_brown,118,2,0.5752912266151893,pass
BERT_base&EEG_speech,emotionality_brown,118,3,0.7476455593360171,pass
BERT_base&EEG_speech,emotionality_brown,118,4,0.3817424554043295,pass
BERT_base&EEG_speech,emotionality_brown,118,5,0.4649847162772214,pass
Llama_3_8B&EEG_speech,emotionality_brown,118,1,0.30985143993869313,pass
Llama_3_8B&EEG_speech,emotionality_brown,118,2,0.5885209503371258,pass
Llama_3_8B&EEG_speech,emotionality_brown,118,3,0.558266640446001,pass
Llama_3_8B&EEG_speech,emotionality_brown,118,4,0.4568518651543525,pass
Llama_3_8B&EEG_speech,emotionality_brown,118,5,0.5259976629956815,pass
BERT_base&Llama_3_8B,concreteness_brown,118,1,0.8230289592719088,pass
BERT_base&Llama_3_8B,concreteness_brown,118,2,0.6782230976876555,pass
BERT_base&Llama_3_8B,concreteness_brown,118,3,0.5824567360206334,pass
BERT_base&Llama_3_8B,concreteness_brown,118,4,0.7063508746359386,pass
BERT_base&Llama_3_8B,concreteness_brown,118,5,0.7847787854964609,pass
BERT_base&EEG_speech,concreteness_brown,118,1,0.7740359608432739,pass
BERT_base&EEG_speech,concreteness_brown,118,2,0.6359972810283308,pass
BERT_base&EEG_speech,concreteness_brown,118,3,0.6767519050557351,pass
BERT_base&EEG_speech,concreteness_brown,118,4,0.7212880717371151,pass
BERT_base&EEG_speech,concreteness_brown,118,5,0.7819255707035174,pass
Llama_3_8B&EEG_speech,concreteness_brown,118,1,0.7943110269930491,pass
Llama_3_8B&EEG_speech,concreteness_brown,118,2,0.7018135735704456,pass
Llama_3_8B&EEG_speech,concreteness_brown,118,3,0.5349716938580422,pass
Llama_3_8B&EEG_speech,concreteness_brown,118,4,0.6831511597175773,pass
Llama_3_8B&EEG_speech,concreteness_brown,118,5,0.7605507459418763,pass
BERT_base&Llama_3_8B,meaningfulness_brown,118,1,0.2120317071949982,pass
BERT_base&Llama_3_8B,meaningfulness_brown,118,2,0.19884442653613832,pass
BERT_base&Llama_3_8B,meaningfulness_brown,118,3,0.6414305067807045,pass
BERT_base&Llama_3_8B,meaningfulness_brown,118,4,0.36787243681580173,pass
BERT_base&Llama_3_8B,meaningfulness_brown,118,5,0.5866239398752535,pass
BERT_base&EEG_speech,meaningfulness_brown,118,1,0.34977780010405213,pass
BERT_base&EEG_speech,meaningfulness_brown,118,2,0.09849178052854801,pass
BERT_base&EEG_speech,meaningfulness_brown,118,3,0.5273641257576158,pass
BERT_base&EEG_speech,meaningfulness_brown,118,4,0.3180684541148042,pass
BERT_base&EEG_speech,meaningfulness_brown,118,5,0.47261689147316666,pass
Llama_3_8B&EEG_speech,meaningfulness_brown,118,1,0.14694230622302062,pass
Llama_3_8B&EEG_speech,meaningfulness_brown,118,2,0.16260520841639892,pass
Llama_3_8B&EEG_speech,meaningfulness_brown,118,3,0.5903562770692022,pass
Llama_3_8B&EEG_speech,meaningfulness_brown,118,4,0.321285477516962,pass
Llama_3_8B&EEG_speech,meaningfulness_brown,118,5,0.5721784404167931,pass
BERT_base&Llama_3_8B,difficulty_rudell,116,1,0.2648292871292437,pass
BERT_base&Llama_3_8B,difficulty_rudell,116,2,0.4072324662296679,pass
BERT_base&Llama_3_8B,difficulty_rudell,116,3,0.31612083196652774,pass
BERT_base&Llama_3_8B,difficulty_rudell,116,4,0.4012030920388532,pass
BERT_base&Llama_3_8B,difficulty_rudell,116,5,0.14595450557805156,pass
BERT_base&EEG_speech,difficulty_rudell,116,1,0.451217543708857,pass
BERT_base&EEG_speech,difficulty_rudell,116,2,0.33026366612544744,pass
BERT_base&EEG_speech,difficulty_rudell,116,3,0.2591000382398121,pass
BERT_base&EEG_speech,difficulty_rudell,116,4,0.43886561988263073,pass
BERT_base&EEG_speech,difficulty_rudell,116,5,0.1822775768664736,pass
Llama_3_8B&EEG_speech,difficulty_rudell,116,1,0.15349782121835054,pass
Llama_3_8B&EEG_speech,difficulty_rudell,116,2,0.41055988102481966,pass
Llama_3_8B&EEG_speech,difficulty_rudell,116,3,0.2588699976436797,pass
Llama_3_8B&EEG_speech,difficulty_rudell,116,4,0.35731573741880274,pass
Llama_3_8B&EEG_speech,difficulty_rudell,116,5,0.11531813799191581,pass
BERT_base&Llama_3_8B,imageability_chiarello,83,1,0.6100732616844402,pass
BERT_base&Llama_3_8B,imageability_chiarello,83,2,0.690946242552986,pass
BERT_base&Llama_3_8B,imageability_chiarello,83,3,0.7110301454102278,pass
BERT_base&Llama_3_8B,imageability_chiarello,83,4,0.7193315458153287,pass
BERT_base&Llama_3_8B,imageability_chiarello,83,5,0.60315158815569,pass
BERT_base&EEG_speech,imageability_chiarello,83,1,0.4930218134054414,pass
BERT_base&EEG_speech,imageability_chiarello,83,2,0.6839864140140801,pass
BERT_base&EEG_speech,imageability_chiarello,83,3,0.677495020766378,pass
BERT_base&EEG_speech,imageability_chiarello,83,4,0.7104379917113726,pass
BERT_base&EEG_speech,imageability_chiarello,83,5,0.3186519235494164,pass
Llama_3_8B&EEG_speech,imageability_chiarello,83,1,0.5588939015045906,pass
Llama_3_8B&EEG_speech,imageability_chiarello,83,2,0.649128958905351,pass
Llama_3_8B&EEG_speech,imageability_chiarello,83,3,0.6757826905088281,pass
Llama_3_8B&EEG_speech,imageability_chiarello,83,4,0.7068903652080837,pass
Llama_3_8B&EEG_speech,imageability_chiarello,83,5,0.6283110332370453,pass
BERT_base&Llama_3_8B,imageability_rt_chiarello,83,1,-0.2805497805626187,pass
BERT_base&Llama_3_8B,imageability_rt_chiarello,83,2,0.21261836149991953,pass
BERT_base&Llama_3_8B,imageability_rt_chiarello,83,3,0.3290669089753413,pass
BERT_base&Llama_3_8B,imageability_rt_chiarello,83,4,0.3261092301038525,pass
BERT_base&Llama_3_8B,imageability_rt_chiarello,83,5,0.3418757946021286,pass
BERT_base&EEG_speech,imageability_rt_chiarello,83,1,-0.2381634724456707,pass
BERT_base&EEG_speech,imageability_rt_chiarello,83,2,0.09701528334625953,pass
BERT_base&EEG_speech,imageability_rt_chiarello,83,3,0.4754341924447536,pass
BERT_base&EEG_speech,imageability_rt_chiarello,83,4,0.3164371133078946,pass
BERT_base&EEG_speech,imageability_rt_chiarello,83,5,0.12748889614615688,pass
Llama_3_8B&EEG_speech,imageability_rt_chiarello,83,1,-0.05221774969416737,pass
Llama_3_8B&EEG_speech,imageability_rt_chiarello,83,2,0.20554370904786845,pass
Llama_3_8B&EEG_speech,imageability_rt_chiarello,83,3,0.3018385453652753,pass
Llama_3_8B&EEG_speech,imageability_rt_chiarello,83,4,0.2819482347823421,pass
Llama_3_8B&EEG_speech,imageability_rt_chiarello,83,5,0.21398539121279647,pass
BERT_base&Llama_3_8B,personal_use_janschewitz,43,1,,test_n < 20
BERT_base&Llama_3_8B,personal_use_janschewitz,43,2,,test_n < 20
BERT_base&Llama_3_8B,personal_use_janschewitz,43,3,,test_n < 20
BERT_base&Llama_3_8B,personal_use_janschewitz,43,4,,test_n < 20
BERT_base&Llama_3_8B,personal_use_janschewitz,43,5,,test_n < 20
BERT_base&EEG_speech,personal_use_janschewitz,43,1,,test_n < 20
BERT_base&EEG_speech,personal_use_janschewitz,43,2,,test_n < 20
BERT_base&EEG_speech,personal_use_janschewitz,43,3,,test_n < 20
BERT_base&EEG_speech,personal_use_janschewitz,43,4,,test_n < 20
BERT_base&EEG_speech,personal_use_janschewitz,43,5,,test_n < 20
Llama_3_8B&EEG_speech,personal_use_janschewitz,43,1,,test_n < 20
Llama_3_8B&EEG_speech,personal_use_janschewitz,43,2,,test_n < 20
Llama_3_8B&EEG_speech,personal_use_janschewitz,43,3,,test_n < 20
Llama_3_8B&EEG_speech,personal_use_janschewitz,43,4,,test_n < 20
Llama_3_8B&EEG_speech,personal_use_janschewitz,43,5,,test_n < 20
BERT_base&Llama_3_8B,familiarity_janschewitz,43,1,,test_n < 20
BERT_base&Llama_3_8B,familiarity_janschewitz,43,2,,test_n < 20
BERT_base&Llama_3_8B,familiarity_janschewitz,43,3,,test_n < 20
BERT_base&Llama_3_8B,familiarity_janschewitz,43,4,,test_n < 20
BERT_base&Llama_3_8B,familiarity_janschewitz,43,5,,test_n < 20
BERT_base&EEG_speech,familiarity_janschewitz,43,1,,test_n < 20
BERT_base&EEG_speech,familiarity_janschewitz,43,2,,test_n < 20
BERT_base&EEG_speech,familiarity_janschewitz,43,3,,test_n < 20
BERT_base&EEG_speech,familiarity_janschewitz,43,4,,test_n < 20
BERT_base&EEG_speech,familiarity_janschewitz,43,5,,test_n < 20
Llama_3_8B&EEG_speech,familiarity_janschewitz,43,1,,test_n < 20
Llama_3_8B&EEG_speech,familiarity_janschewitz,43,2,,test_n < 20
Llama_3_8B&EEG_speech,familiarity_janschewitz,43,3,,test_n < 20
Llama_3_8B&EEG_speech,familiarity_janschewitz,43,4,,test_n < 20
Llama_3_8B&EEG_speech,familiarity_janschewitz,43,5,,test_n < 20
BERT_base&Llama_3_8B,offensiveness_janschewitz,43,1,,test_n < 20
BERT_base&Llama_3_8B,offensiveness_janschewitz,43,2,,test_n < 20
BERT_base&Llama_3_8B,offensiveness_janschewitz,43,3,,test_n < 20
BERT_base&Llama_3_8B,offensiveness_janschewitz,43,4,,test_n < 20
BERT_base&Llama_3_8B,offensiveness_janschewitz,43,5,,test_n < 20
BERT_base&EEG_speech,offensiveness_janschewitz,43,1,,test_n < 20
BERT_base&EEG_speech,offensiveness_janschewitz,43,2,,test_n < 20
BERT_base&EEG_speech,offensiveness_janschewitz,43,3,,test_n < 20
BERT_base&EEG_speech,offensiveness_janschewitz,43,4,,test_n < 20
BERT_base&EEG_speech,offensiveness_janschewitz,43,5,,test_n < 20
Llama_3_8B&EEG_speech,offensiveness_janschewitz,43,1,,test_n < 20
Llama_3_8B&EEG_speech,offensiveness_janschewitz,43,2,,test_n < 20
Llama_3_8B&EEG_speech,offensiveness_janschewitz,43,3,,test_n < 20
Llama_3_8B&EEG_speech,offensiveness_janschewitz,43,4,,test_n < 20
Llama_3_8B&EEG_speech,offensiveness_janschewitz,43,5,,test_n < 20
BERT_base&Llama_3_8B,tabooness_janschewitz,43,1,,test_n < 20
BERT_base&Llama_3_8B,tabooness_janschewitz,43,2,,test_n < 20
BERT_base&Llama_3_8B,tabooness_janschewitz,43,3,,test_n < 20
BERT_base&Llama_3_8B,tabooness_janschewitz,43,4,,test_n < 20
BERT_base&Llama_3_8B,tabooness_janschewitz,43,5,,test_n < 20
BERT_base&EEG_speech,tabooness_janschewitz,43,1,,test_n < 20
BERT_base&EEG_speech,tabooness_janschewitz,43,2,,test_n < 20
BERT_base&EEG_speech,tabooness_janschewitz,43,3,,test_n < 20
BERT_base&EEG_speech,tabooness_janschewitz,43,4,,test_n < 20
BERT_base&EEG_speech,tabooness_janschewitz,43,5,,test_n < 20
Llama_3_8B&EEG_speech,tabooness_janschewitz,43,1,,test_n < 20
Llama_3_8B&EEG_speech,tabooness_janschewitz,43,2,,test_n < 20
Llama_3_8B&EEG_speech,tabooness_janschewitz,43,3,,test_n < 20
Llama_3_8B&EEG_speech,tabooness_janschewitz,43,4,,test_n < 20
Llama_3_8B&EEG_speech,tabooness_janschewitz,43,5,,test_n < 20
BERT_base&Llama_3_8B,valence_janschewitz,43,1,,test_n < 20
BERT_base&Llama_3_8B,valence_janschewitz,43,2,,test_n < 20
BERT_base&Llama_3_8B,valence_janschewitz,43,3,,test_n < 20
BERT_base&Llama_3_8B,valence_janschewitz,43,4,,test_n < 20
BERT_base&Llama_3_8B,valence_janschewitz,43,5,,test_n < 20
BERT_base&EEG_speech,valence_janschewitz,43,1,,test_n < 20
BERT_base&EEG_speech,valence_janschewitz,43,2,,test_n < 20
BERT_base&EEG_speech,valence_janschewitz,43,3,,test_n < 20
BERT_base&EEG_speech,valence_janschewitz,43,4,,test_n < 20
BERT_base&EEG_speech,valence_janschewitz,43,5,,test_n < 20
Llama_3_8B&EEG_speech,valence_janschewitz,43,1,,test_n < 20
Llama_3_8B&EEG_speech,valence_janschewitz,43,2,,test_n < 20
Llama_3_8B&EEG_speech,valence_janschewitz,43,3,,test_n < 20
Llama_3_8B&EEG_speech,valence_janschewitz,43,4,,test_n < 20
Llama_3_8B&EEG_speech,valence_janschewitz,43,5,,test_n < 20
BERT_base&Llama_3_8B,arousal_janschewitz,43,1,,test_n < 20
BERT_base&Llama_3_8B,arousal_janschewitz,43,2,,test_n < 20
BERT_base&Llama_3_8B,arousal_janschewitz,43,3,,test_n < 20
BERT_base&Llama_3_8B,arousal_janschewitz,43,4,,test_n < 20
BERT_base&Llama_3_8B,arousal_janschewitz,43,5,,test_n < 20
BERT_base&EEG_speech,arousal_janschewitz,43,1,,test_n < 20
BERT_base&EEG_speech,arousal_janschewitz,43,2,,test_n < 20
BERT_base&EEG_speech,arousal_janschewitz,43,3,,test_n < 20
BERT_base&EEG_speech,arousal_janschewitz,43,4,,test_n < 20
BERT_base&EEG_speech,arousal_janschewitz,43,5,,test_n < 20
Llama_3_8B&EEG_speech,arousal_janschewitz,43,1,,test_n < 20
Llama_3_8B&EEG_speech,arousal_janschewitz,43,2,,test_n < 20
Llama_3_8B&EEG_speech,arousal_janschewitz,43,3,,test_n < 20
Llama_3_8B&EEG_speech,arousal_janschewitz,43,4,,test_n < 20
Llama_3_8B&EEG_speech,arousal_janschewitz,43,5,,test_n < 20
BERT_base&Llama_3_8B,imageability_janschewitz,43,1,,test_n < 20
BERT_base&Llama_3_8B,imageability_janschewitz,43,2,,test_n < 20
BERT_base&Llama_3_8B,imageability_janschewitz,43,3,,test_n < 20
BERT_base&Llama_3_8B,imageability_janschewitz,43,4,,test_n < 20
BERT_base&Llama_3_8B,imageability_janschewitz,43,5,,test_n < 20
BERT_base&EEG_speech,imageability_janschewitz,43,1,,test_n < 20
BERT_base&EEG_speech,imageability_janschewitz,43,2,,test_n < 20
BERT_base&EEG_speech,imageability_janschewitz,43,3,,test_n < 20
BERT_base&EEG_speech,imageability_janschewitz,43,4,,test_n < 20
BERT_base&EEG_speech,imageability_janschewitz,43,5,,test_n < 20
Llama_3_8B&EEG_speech,imageability_janschewitz,43,1,,test_n < 20
Llama_3_8B&EEG_speech,imageability_janschewitz,43,2,,test_n < 20
Llama_3_8B&EEG_speech,imageability_janschewitz,43,3,,test_n < 20
Llama_3_8B&EEG_speech,imageability_janschewitz,43,4,,test_n < 20
Llama_3_8B&EEG_speech,imageability_janschewitz,43,5,,test_n < 20
BERT_base&Llama_3_8B,perc_known_britz,28,1,,test_n < 20
BERT_base&Llama_3_8B,perc_known_britz,28,2,,test_n < 20
BERT_base&Llama_3_8B,perc_known_britz,28,3,,test_n < 20
BERT_base&Llama_3_8B,perc_known_britz,28,4,,test_n < 20
BERT_base&Llama_3_8B,perc_known_britz,28,5,,test_n < 20
BERT_base&EEG_speech,perc_known_britz,28,1,,test_n < 20
BERT_base&EEG_speech,perc_known_britz,28,2,,test_n < 20
BERT_base&EEG_speech,perc_known_britz,28,3,,test_n < 20
BERT_base&EEG_speech,perc_known_britz,28,4,,test_n < 20
BERT_base&EEG_speech,perc_known_britz,28,5,,test_n < 20
Llama_3_8B&EEG_speech,perc_known_britz,28,1,,test_n < 20
Llama_3_8B&EEG_speech,perc_known_britz,28,2,,test_n < 20
Llama_3_8B&EEG_speech,perc_known_britz,28,3,,test_n < 20
Llama_3_8B&EEG_speech,perc_known_britz,28,4,,test_n < 20
Llama_3_8B&EEG_speech,perc_known_britz,28,5,,test_n < 20
BERT_base&Llama_3_8B,valence_britz,28,1,,test_n < 20
BERT_base&Llama_3_8B,valence_britz,28,2,,test_n < 20
BERT_base&Llama_3_8B,valence_britz,28,3,,test_n < 20
BERT_base&Llama_3_8B,valence_britz,28,4,,test_n < 20
BERT_base&Llama_3_8B,valence_britz,28,5,,test_n < 20
BERT_base&EEG_speech,valence_britz,28,1,,test_n < 20
BERT_base&EEG_speech,valence_britz,28,2,,test_n < 20
BERT_base&EEG_speech,valence_britz,28,3,,test_n < 20
BERT_base&EEG_speech,valence_britz,28,4,,test_n < 20
BERT_base&EEG_speech,valence_britz,28,5,,test_n < 20
Llama_3_8B&EEG_speech,valence_britz,28,1,,test_n < 20
Llama_3_8B&EEG_speech,valence_britz,28,2,,test_n < 20
Llama_3_8B&EEG_speech,valence_britz,28,3,,test_n < 20
Llama_3_8B&EEG_speech,valence_britz,28,4,,test_n < 20
Llama_3_8B&EEG_speech,valence_britz,28,5,,test_n < 20
BERT_base&Llama_3_8B,social_des_britz,28,1,,test_n < 20
BERT_base&Llama_3_8B,social_des_britz,28,2,,test_n < 20
BERT_base&Llama_3_8B,social_des_britz,28,3,,test_n < 20
BERT_base&Llama_3_8B,social_des_britz,28,4,,test_n < 20
BERT_base&Llama_3_8B,social_des_britz,28,5,,test_n < 20
BERT_base&EEG_speech,social_des_britz,28,1,,test_n < 20
BERT_base&EEG_speech,social_des_britz,28,2,,test_n < 20
BERT_base&EEG_speech,social_des_britz,28,3,,test_n < 20
BERT_base&EEG_speech,social_des_britz,28,4,,test_n < 20
BERT_base&EEG_speech,social_des_britz,28,5,,test_n < 20
Llama_3_8B&EEG_speech,social_des_britz,28,1,,test_n < 20
Llama_3_8B&EEG_speech,social_des_britz,28,2,,test_n < 20
Llama_3_8B&EEG_speech,social_des_britz,28,3,,test_n < 20
Llama_3_8B&EEG_speech,social_des_britz,28,4,,test_n < 20
Llama_3_8B&EEG_speech,social_des_britz,28,5,,test_n < 20
BERT_base&Llama_3_8B,observability_britz,28,1,,test_n < 20
BERT_base&Llama_3_8B,observability_britz,28,2,,test_n < 20
BERT_base&Llama_3_8B,observability_britz,28,3,,test_n < 20
BERT_base&Llama_3_8B,observability_britz,28,4,,test_n < 20
BERT_base&Llama_3_8B,observability_britz,28,5,,test_n < 20
BERT_base&EEG_speech,observability_britz,28,1,,test_n < 20
BERT_base&EEG_speech,observability_britz,28,2,,test_n < 20
BERT_base&EEG_speech,observability_britz,28,3,,test_n < 20
BERT_base&EEG_speech,observability_britz,28,4,,test_n < 20
BERT_base&EEG_speech,observability_britz,28,5,,test_n < 20
Llama_3_8B&EEG_speech,observability_britz,28,1,,test_n < 20
Llama_3_8B&EEG_speech,observability_britz,28,2,,test_n < 20
Llama_3_8B&EEG_speech,observability_britz,28,3,,test_n < 20
Llama_3_8B&EEG_speech,observability_britz,28,4,,test_n < 20
Llama_3_8B&EEG_speech,observability_britz,28,5,,test_n < 20
BERT_base&Llama_3_8B,aoa_rodriguez,222,1,0.4357682873551397,pass
BERT_base&Llama_3_8B,aoa_rodriguez,222,2,0.3199003674033317,pass
BERT_base&Llama_3_8B,aoa_rodriguez,222,3,0.29274090052011803,pass
BERT_base&Llama_3_8B,aoa_rodriguez,222,4,0.3756177323196839,pass
BERT_base&Llama_3_8B,aoa_rodriguez,222,5,0.4862603086338948,pass
BERT_base&EEG_speech,aoa_rodriguez,222,1,0.368251669779468,pass
BERT_base&EEG_speech,aoa_rodriguez,222,2,0.2999488516323515,pass
BERT_base&EEG_speech,aoa_rodriguez,222,3,0.31521007056366657,pass
BERT_base&EEG_speech,aoa_rodriguez,222,4,0.4429468401866158,pass
BERT_base&EEG_speech,aoa_rodriguez,222,5,0.42113668666801485,pass
Llama_3_8B&EEG_speech,aoa_rodriguez,222,1,0.36719764641354447,pass
Llama_3_8B&EEG_speech,aoa_rodriguez,222,2,0.2897857709929339,pass
Llama_3_8B&EEG_speech,aoa_rodriguez,222,3,0.21978736938983967,pass
Llama_3_8B&EEG_speech,aoa_rodriguez,222,4,0.2966649253079765,pass
Llama_3_8B&EEG_speech,aoa_rodriguez,222,5,0.4556781454529586,pass
BERT_base&Llama_3_8B,perc_known_rodriguez,222,1,0.16752574925834052,pass
BERT_base&Llama_3_8B,perc_known_rodriguez,222,2,0.22754165689862782,pass
BERT_base&Llama_3_8B,perc_known_rodriguez,222,3,0.051129091664211535,pass
BERT_base&Llama_3_8B,perc_known_rodriguez,222,4,0.07972638015945288,pass
BERT_base&Llama_3_8B,perc_known_rodriguez,222,5,0.1638011170891992,pass
BERT_base&EEG_speech,perc_known_rodriguez,222,1,0.18054319324127688,pass
BERT_base&EEG_speech,perc_known_rodriguez,222,2,0.21568788216597112,pass
BERT_base&EEG_speech,perc_known_rodriguez,222,3,-0.1386097463071565,pass
BERT_base&EEG_speech,perc_known_rodriguez,222,4,0.12234221745960272,pass
BERT_base&EEG_speech,perc_known_rodriguez,222,5,0.243469790713287,pass
Llama_3_8B&EEG_speech,perc_known_rodriguez,222,1,0.20994791125165801,pass
Llama_3_8B&EEG_speech,perc_known_rodriguez,222,2,0.20189032709740262,pass
Llama_3_8B&EEG_speech,perc_known_rodriguez,222,3,-0.009944308230743104,pass
Llama_3_8B&EEG_speech,perc_known_rodriguez,222,4,0.05468437687649508,pass
Llama_3_8B&EEG_speech,perc_known_rodriguez,222,5,0.141509802695308,pass
BERT_base&Llama_3_8B,known_rt_chen,55,1,,test_n < 20
BERT_base&Llama_3_8B,known_rt_chen,55,2,,test_n < 20
BERT_base&Llama_3_8B,known_rt_chen,55,3,,test_n < 20
BERT_base&Llama_3_8B,known_rt_chen,55,4,,test_n < 20
BERT_base&Llama_3_8B,known_rt_chen,55,5,,test_n < 20
BERT_base&EEG_speech,known_rt_chen,55,1,,test_n < 20
BERT_base&EEG_speech,known_rt_chen,55,2,,test_n < 20
BERT_base&EEG_speech,known_rt_chen,55,3,,test_n < 20
BERT_base&EEG_speech,known_rt_chen,55,4,,test_n < 20
BERT_base&EEG_speech,known_rt_chen,55,5,,test_n < 20
Llama_3_8B&EEG_speech,known_rt_chen,55,1,,test_n < 20
Llama_3_8B&EEG_speech,known_rt_chen,55,2,,test_n < 20
Llama_3_8B&EEG_speech,known_rt_chen,55,3,,test_n < 20
Llama_3_8B&EEG_speech,known_rt_chen,55,4,,test_n < 20
Llama_3_8B&EEG_speech,known_rt_chen,55,5,,test_n < 20
BERT_base&Llama_3_8B,english_accuracy_chen,55,1,,test_n < 20
BERT_base&Llama_3_8B,english_accuracy_chen,55,2,,test_n < 20
BERT_base&Llama_3_8B,english_accuracy_chen,55,3,,test_n < 20
BERT_base&Llama_3_8B,english_accuracy_chen,55,4,,test_n < 20
BERT_base&Llama_3_8B,english_accuracy_chen,55,5,,test_n < 20
BERT_base&EEG_speech,english_accuracy_chen,55,1,,test_n < 20
BERT_base&EEG_speech,english_accuracy_chen,55,2,,test_n < 20
BERT_base&EEG_speech,english_accuracy_chen,55,3,,test_n < 20
BERT_base&EEG_speech,english_accuracy_chen,55,4,,test_n < 20
BERT_base&EEG_speech,english_accuracy_chen,55,5,,test_n < 20
Llama_3_8B&EEG_speech,english_accuracy_chen,55,1,,test_n < 20
Llama_3_8B&EEG_speech,english_accuracy_chen,55,2,,test_n < 20
Llama_3_8B&EEG_speech,english_accuracy_chen,55,3,,test_n < 20
Llama_3_8B&EEG_speech,english_accuracy_chen,55,4,,test_n < 20
Llama_3_8B&EEG_speech,english_accuracy_chen,55,5,,test_n < 20
BERT_base&Llama_3_8B,subjective_frequency_chen,55,1,,test_n < 20
BERT_base&Llama_3_8B,subjective_frequency_chen,55,2,,test_n < 20
BERT_base&Llama_3_8B,subjective_frequency_chen,55,3,,test_n < 20
BERT_base&Llama_3_8B,subjective_frequency_chen,55,4,,test_n < 20
BERT_base&Llama_3_8B,subjective_frequency_chen,55,5,,test_n < 20
BERT_base&EEG_speech,subjective_frequency_chen,55,1,,test_n < 20
BERT_base&EEG_speech,subjective_frequency_chen,55,2,,test_n < 20
BERT_base&EEG_speech,subjective_frequency_chen,55,3,,test_n < 20
BERT_base&EEG_speech,subjective_frequency_chen,55,4,,test_n < 20
BERT_base&EEG_speech,subjective_frequency_chen,55,5,,test_n < 20
Llama_3_8B&EEG_speech,subjective_frequency_chen,55,1,,test_n < 20
Llama_3_8B&EEG_speech,subjective_frequency_chen,55,2,,test_n < 20
Llama_3_8B&EEG_speech,subjective_frequency_chen,55,3,,test_n < 20
Llama_3_8B&EEG_speech,subjective_frequency_chen,55,4,,test_n < 20
Llama_3_8B&EEG_speech,subjective_frequency_chen,55,5,,test_n < 20
BERT_base&Llama_3_8B,familiarity_juhasz,2,1,,test_n < 20
BERT_base&Llama_3_8B,familiarity_juhasz,2,2,,test_n < 20
BERT_base&Llama_3_8B,familiarity_juhasz,2,3,,test_n < 20
BERT_base&Llama_3_8B,familiarity_juhasz,2,4,,test_n < 20
BERT_base&Llama_3_8B,familiarity_juhasz,2,5,,test_n < 20
BERT_base&EEG_speech,familiarity_juhasz,2,1,,test_n < 20
BERT_base&EEG_speech,familiarity_juhasz,2,2,,test_n < 20
BERT_base&EEG_speech,familiarity_juhasz,2,3,,test_n < 20
BERT_base&EEG_speech,familiarity_juhasz,2,4,,test_n < 20
BERT_base&EEG_speech,familiarity_juhasz,2,5,,test_n < 20
Llama_3_8B&EEG_speech,familiarity_juhasz,2,1,,test_n < 20
Llama_3_8B&EEG_speech,familiarity_juhasz,2,2,,test_n < 20
Llama_3_8B&EEG_speech,familiarity_juhasz,2,3,,test_n < 20
Llama_3_8B&EEG_speech,familiarity_juhasz,2,4,,test_n < 20
Llama_3_8B&EEG_speech,familiarity_juhasz,2,5,,test_n < 20
BERT_base&Llama_3_8B,aoa_juhasz,2,1,,test_n < 20
BERT_base&Llama_3_8B,aoa_juhasz,2,2,,test_n < 20
BERT_base&Llama_3_8B,aoa_juhasz,2,3,,test_n < 20
BERT_base&Llama_3_8B,aoa_juhasz,2,4,,test_n < 20
BERT_base&Llama_3_8B,aoa_juhasz,2,5,,test_n < 20
BERT_base&EEG_speech,aoa_juhasz,2,1,,test_n < 20
BERT_base&EEG_speech,aoa_juhasz,2,2,,test_n < 20
BERT_base&EEG_speech,aoa_juhasz,2,3,,test_n < 20
BERT_base&EEG_speech,aoa_juhasz,2,4,,test_n < 20
BERT_base&EEG_speech,aoa_juhasz,2,5,,test_n < 20
Llama_3_8B&EEG_speech,aoa_juhasz,2,1,,test_n < 20
Llama_3_8B&EEG_speech,aoa_juhasz,2,2,,test_n < 20
Llama_3_8B&EEG_speech,aoa_juhasz,2,3,,test_n < 20
Llama_3_8B&EEG_speech,aoa_juhasz,2,4,,test_n < 20
Llama_3_8B&EEG_speech,aoa_juhasz,2,5,,test_n < 20
BERT_base&Llama_3_8B,transparency_juhasz,2,1,,test_n < 20
BERT_base&Llama_3_8B,transparency_juhasz,2,2,,test_n < 20
BERT_base&Llama_3_8B,transparency_juhasz,2,3,,test_n < 20
BERT_base&Llama_3_8B,transparency_juhasz,2,4,,test_n < 20
BERT_base&Llama_3_8B,transparency_juhasz,2,5,,test_n < 20
BERT_base&EEG_speech,transparency_juhasz,2,1,,test_n < 20
BERT_base&EEG_speech,transparency_juhasz,2,2,,test_n < 20
BERT_base&EEG_speech,transparency_juhasz,2,3,,test_n < 20
BERT_base&EEG_speech,transparency_juhasz,2,4,,test_n < 20
BERT_base&EEG_speech,transparency_juhasz,2,5,,test_n < 20
Llama_3_8B&EEG_speech,transparency_juhasz,2,1,,test_n < 20
Llama_3_8B&EEG_speech,transparency_juhasz,2,2,,test_n < 20
Llama_3_8B&EEG_speech,transparency_juhasz,2,3,,test_n < 20
Llama_3_8B&EEG_speech,transparency_juhasz,2,4,,test_n < 20
Llama_3_8B&EEG_speech,transparency_juhasz,2,5,,test_n < 20
BERT_base&Llama_3_8B,lexeme_dominance_juhasz,2,1,,test_n < 20
BERT_base&Llama_3_8B,lexeme_dominance_juhasz,2,2,,test_n < 20
BERT_base&Llama_3_8B,lexeme_dominance_juhasz,2,3,,test_n < 20
BERT_base&Llama_3_8B,lexeme_dominance_juhasz,2,4,,test_n < 20
BERT_base&Llama_3_8B,lexeme_dominance_juhasz,2,5,,test_n < 20
BERT_base&EEG_speech,lexeme_dominance_juhasz,2,1,,test_n < 20
BERT_base&EEG_speech,lexeme_dominance_juhasz,2,2,,test_n < 20
BERT_base&EEG_speech,lexeme_dominance_juhasz,2,3,,test_n < 20
BERT_base&EEG_speech,lexeme_dominance_juhasz,2,4,,test_n < 20
BERT_base&EEG_speech,lexeme_dominance_juhasz,2,5,,test_n < 20
Llama_3_8B&EEG_speech,lexeme_dominance_juhasz,2,1,,test_n < 20
Llama_3_8B&EEG_speech,lexeme_dominance_juhasz,2,2,,test_n < 20
Llama_3_8B&EEG_speech,lexeme_dominance_juhasz,2,3,,test_n < 20
Llama_3_8B&EEG_speech,lexeme_dominance_juhasz,2,4,,test_n < 20
Llama_3_8B&EEG_speech,lexeme_dominance_juhasz,2,5,,test_n < 20
BERT_base&Llama_3_8B,imageability_juhasz,2,1,,test_n < 20
BERT_base&Llama_3_8B,imageability_juhasz,2,2,,test_n < 20
BERT_base&Llama_3_8B,imageability_juhasz,2,3,,test_n < 20
BERT_base&Llama_3_8B,imageability_juhasz,2,4,,test_n < 20
BERT_base&Llama_3_8B,imageability_juhasz,2,5,,test_n < 20
BERT_base&EEG_speech,imageability_juhasz,2,1,,test_n < 20
BERT_base&EEG_speech,imageability_juhasz,2,2,,test_n < 20
BERT_base&EEG_speech,imageability_juhasz,2,3,,test_n < 20
BERT_base&EEG_speech,imageability_juhasz,2,4,,test_n < 20
BERT_base&EEG_speech,imageability_juhasz,2,5,,test_n < 20
Llama_3_8B&EEG_speech,imageability_juhasz,2,1,,test_n < 20
Llama_3_8B&EEG_speech,imageability_juhasz,2,2,,test_n < 20
Llama_3_8B&EEG_speech,imageability_juhasz,2,3,,test_n < 20
Llama_3_8B&EEG_speech,imageability_juhasz,2,4,,test_n < 20
Llama_3_8B&EEG_speech,imageability_juhasz,2,5,,test_n < 20
BERT_base&Llama_3_8B,sensory_experience_juhasz2015,2,1,,test_n < 20
BERT_base&Llama_3_8B,sensory_experience_juhasz2015,2,2,,test_n < 20
BERT_base&Llama_3_8B,sensory_experience_juhasz2015,2,3,,test_n < 20
BERT_base&Llama_3_8B,sensory_experience_juhasz2015,2,4,,test_n < 20
BERT_base&Llama_3_8B,sensory_experience_juhasz2015,2,5,,test_n < 20
BERT_base&EEG_speech,sensory_experience_juhasz2015,2,1,,test_n < 20
BERT_base&EEG_speech,sensory_experience_juhasz2015,2,2,,test_n < 20
BERT_base&EEG_speech,sensory_experience_juhasz2015,2,3,,test_n < 20
BERT_base&EEG_speech,sensory_experience_juhasz2015,2,4,,test_n < 20
BERT_base&EEG_speech,sensory_experience_juhasz2015,2,5,,test_n < 20
Llama_3_8B&EEG_speech,sensory_experience_juhasz2015,2,1,,test_n < 20
Llama_3_8B&EEG_speech,sensory_experience_juhasz2015,2,2,,test_n < 20
Llama_3_8B&EEG_speech,sensory_experience_juhasz2015,2,3,,test_n < 20
Llama_3_8B&EEG_speech,sensory_experience_juhasz2015,2,4,,test_n < 20
Llama_3_8B&EEG_speech,sensory_experience_juhasz2015,2,5,,test_n < 20
BERT_base&Llama_3_8B,emotion_troche,84,1,0.7651596713382249,pass
BERT_base&Llama_3_8B,emotion_troche,84,2,0.7478333662827814,pass
BERT_base&Llama_3_8B,emotion_troche,84,3,0.7218909245759755,pass
BERT_base&Llama_3_8B,emotion_troche,84,4,-0.9005623649488925,pass
BERT_base&Llama_3_8B,emotion_troche,84,5,0.690181165307551,pass
BERT_base&EEG_speech,emotion_troche,84,1,0.832289204766925,pass
BERT_base&EEG_speech,emotion_troche,84,2,0.7297375343864051,pass
BERT_base&EEG_speech,emotion_troche,84,3,0.7828187417346505,pass
BERT_base&EEG_speech,emotion_troche,84,4,-0.9981852372810032,pass
BERT_base&EEG_speech,emotion_troche,84,5,0.5906849458248078,pass
Llama_3_8B&EEG_speech,emotion_troche,84,1,0.7548632836380592,pass
Llama_3_8B&EEG_speech,emotion_troche,84,2,0.7688008665309257,pass
Llama_3_8B&EEG_speech,emotion_troche,84,3,0.6776380169789773,pass
Llama_3_8B&EEG_speech,emotion_troche,84,4,-0.8878368798972871,pass
Llama_3_8B&EEG_speech,emotion_troche,84,5,0.6800852208889503,pass
BERT_base&Llama_3_8B,polarity_troche,84,1,0.0993900521722606,pass
BERT_base&Llama_3_8B,polarity_troche,84,2,0.7220582452080329,pass
BERT_base&Llama_3_8B,polarity_troche,84,3,0.6836681624786751,pass
BERT_base&Llama_3_8B,polarity_troche,84,4,-0.03995876932056541,pass
BERT_base&Llama_3_8B,polarity_troche,84,5,0.5639488331862192,pass
BERT_base&EEG_speech,polarity_troche,84,1,0.12813495797047536,pass
BERT_base&EEG_speech,polarity_troche,84,2,0.6692246587485418,pass
BERT_base&EEG_speech,polarity_troche,84,3,0.5548147445614409,pass
BERT_base&EEG_speech,polarity_troche,84,4,0.08971429730009084,pass
BERT_base&EEG_speech,polarity_troche,84,5,0.3833799925271082,pass
Llama_3_8B&EEG_speech,polarity_troche,84,1,0.17410210111023727,pass
Llama_3_8B&EEG_speech,polarity_troche,84,2,0.7349095397877607,pass
Llama_3_8B&EEG_speech,polarity_troche,84,3,0.6558535227871646,pass
Llama_3_8B&EEG_speech,polarity_troche,84,4,-0.144745454332879,pass
Llama_3_8B&EEG_speech,polarity_troche,84,5,0.5555742320257853,pass
BERT_base&Llama_3_8B,socialness_troche,84,1,0.5473311874629951,pass
BERT_base&Llama_3_8B,socialness_troche,84,2,0.5025347346621487,pass
BERT_base&Llama_3_8B,socialness_troche,84,3,0.5364083965617457,pass
BERT_base&Llama_3_8B,socialness_troche,84,4,0.14540487379726375,pass
BERT_base&Llama_3_8B,socialness_troche,84,5,0.08558213382543345,pass
BERT_base&EEG_speech,socialness_troche,84,1,0.4178738045060084,pass
BERT_base&EEG_speech,socialness_troche,84,2,0.4586228328383515,pass
BERT_base&EEG_speech,socialness_troche,84,3,0.6418190731515976,pass
BERT_base&EEG_speech,socialness_troche,84,4,0.0639376848766765,pass
BERT_base&EEG_speech,socialness_troche,84,5,0.24576255599418584,pass
Llama_3_8B&EEG_speech,socialness_troche,84,1,0.47100205431145503,pass
Llama_3_8B&EEG_speech,socialness_troche,84,2,0.48948792172421285,pass
Llama_3_8B&EEG_speech,socialness_troche,84,3,0.5027895056966549,pass
Llama_3_8B&EEG_speech,socialness_troche,84,4,0.11372865496719886,pass
Llama_3_8B&EEG_speech,socialness_troche,84,5,0.183615962250825,pass
BERT_base&Llama_3_8B,morality_troche,84,1,0.6407641333229099,pass
BERT_base&Llama_3_8B,morality_troche,84,2,0.7169804744998989,pass
BERT_base&Llama_3_8B,morality_troche,84,3,0.5470288364326406,pass
BERT_base&Llama_3_8B,morality_troche,84,4,-0.14422860987574304,pass
BERT_base&Llama_3_8B,morality_troche,84,5,0.4525091394317764,pass
BERT_base&EEG_speech,morality_troche,84,1,0.6846178082963769,pass
BERT_base&EEG_speech,morality_troche,84,2,0.687344103826038,pass
BERT_base&EEG_speech,morality_troche,84,3,0.76416217441136,pass
BERT_base&EEG_speech,morality_troche,84,4,-0.2836667637509016,pass
BERT_base&EEG_speech,morality_troche,84,5,0.5424085664225482,pass
Llama_3_8B&EEG_speech,morality_troche,84,1,0.6311472393909021,pass
Llama_3_8B&EEG_speech,morality_troche,84,2,0.7274788568856475,pass
Llama_3_8B&EEG_speech,morality_troche,84,3,0.513663392672207,pass
Llama_3_8B&EEG_speech,morality_troche,84,4,-0.30910025362953375,pass
Llama_3_8B&EEG_speech,morality_troche,84,5,0.42649522181655963,pass
BERT_base&Llama_3_8B,visual_troche,84,1,0.8288233714943417,pass
BERT_base&Llama_3_8B,visual_troche,84,2,0.6926283460125762,pass
BERT_base&Llama_3_8B,visual_troche,84,3,0.5765004255598201,pass
BERT_base&Llama_3_8B,visual_troche,84,4,0.6302361393414428,pass
BERT_base&Llama_3_8B,visual_troche,84,5,0.7825061092938996,pass
BERT_base&EEG_speech,visual_troche,84,1,0.7904438156971147,pass
BERT_base&EEG_speech,visual_troche,84,2,0.7418593756887506,pass
BERT_base&EEG_speech,visual_troche,84,3,0.7113571244273988,pass
BERT_base&EEG_speech,visual_troche,84,4,0.5927670973905743,pass
BERT_base&EEG_speech,visual_troche,84,5,0.7836805264784088,pass
Llama_3_8B&EEG_speech,visual_troche,84,1,0.8067521099375448,pass
Llama_3_8B&EEG_speech,visual_troche,84,2,0.666182246824718,pass
Llama_3_8B&EEG_speech,visual_troche,84,3,0.5505565985970287,pass
Llama_3_8B&EEG_speech,visual_troche,84,4,0.5952751461742293,pass
Llama_3_8B&EEG_speech,visual_troche,84,5,0.7528207952701467,pass
BERT_base&Llama_3_8B,motion_self_troche,84,1,0.21879311666266832,pass
BERT_base&Llama_3_8B,motion_self_troche,84,2,0.27654224894471746,pass
BERT_base&Llama_3_8B,motion_self_troche,84,3,0.3484308899629176,pass
BERT_base&Llama_3_8B,motion_self_troche,84,4,0.2585221097314162,pass
BERT_base&Llama_3_8B,motion_self_troche,84,5,0.2332347048867237,pass
BERT_base&EEG_speech,motion_self_troche,84,1,0.3223304780491085,pass
BERT_base&EEG_speech,motion_self_troche,84,2,0.28767663145060285,pass
BERT_base&EEG_speech,motion_self_troche,84,3,0.46916354945509886,pass
BERT_base&EEG_speech,motion_self_troche,84,4,-0.08839451393718578,pass
BERT_base&EEG_speech,motion_self_troche,84,5,0.20136302072691514,pass
Llama_3_8B&EEG_speech,motion_self_troche,84,1,0.15577767109973562,pass
Llama_3_8B&EEG_speech,motion_self_troche,84,2,0.34945445215039517,pass
Llama_3_8B&EEG_speech,motion_self_troche,84,3,0.29396888729765824,pass
Llama_3_8B&EEG_speech,motion_self_troche,84,4,0.18425816308852438,pass
Llama_3_8B&EEG_speech,motion_self_troche,84,5,0.25642009579069525,pass
BERT_base&Llama_3_8B,thought_troche,84,1,0.7637406458525395,pass
BERT_base&Llama_3_8B,thought_troche,84,2,0.8257178355680096,pass
BERT_base&Llama_3_8B,thought_troche,84,3,0.6219761838844153,pass
BERT_base&Llama_3_8B,thought_troche,84,4,0.3778609250235031,pass
BERT_base&Llama_3_8B,thought_troche,84,5,0.6782685984281263,pass
BERT_base&EEG_speech,thought_troche,84,1,0.8078931074596759,pass
BERT_base&EEG_speech,thought_troche,84,2,0.8314813955936052,pass
BERT_base&EEG_speech,thought_troche,84,3,0.7407308843097826,pass
BERT_base&EEG_speech,thought_troche,84,4,0.4012880662742695,pass
BERT_base&EEG_speech,thought_troche,84,5,0.6140304939864887,pass
Llama_3_8B&EEG_speech,thought_troche,84,1,0.7427661217126402,pass
Llama_3_8B&EEG_speech,thought_troche,84,2,0.8140052096648726,pass
Llama_3_8B&EEG_speech,thought_troche,84,3,0.5481277390439262,pass
Llama_3_8B&EEG_speech,thought_troche,84,4,0.2821612851037332,pass
Llama_3_8B&EEG_speech,thought_troche,84,5,0.6684094799238028,pass
BERT_base&Llama_3_8B,color_troche,84,1,0.3539552507993542,pass
BERT_base&Llama_3_8B,color_troche,84,2,0.24454760315016366,pass
BERT_base&Llama_3_8B,color_troche,84,3,0.4100738531729672,pass
BERT_base&Llama_3_8B,color_troche,84,4,0.2751344914191379,pass
BERT_base&Llama_3_8B,color_troche,84,5,0.7055573119091558,pass
BERT_base&EEG_speech,color_troche,84,1,0.3012697530188786,pass
BERT_base&EEG_speech,color_troche,84,2,0.23334209587462018,pass
BERT_base&EEG_speech,color_troche,84,3,0.43881206188917266,pass
BERT_base&EEG_speech,color_troche,84,4,0.20022041679659763,pass
BERT_base&EEG_speech,color_troche,84,5,0.5653884103231486,pass
Llama_3_8B&EEG_speech,color_troche,84,1,0.41111910427133946,pass
Llama_3_8B&EEG_speech,color_troche,84,2,0.18160705346891193,pass
Llama_3_8B&EEG_speech,color_troche,84,3,0.34413123239133825,pass
Llama_3_8B&EEG_speech,color_troche,84,4,0.3200723497141472,pass
Llama_3_8B&EEG_speech,color_troche,84,5,0.7626653288395286,pass
BERT_base&Llama_3_8B,taste_smell_troche,84,1,0.5129859940669733,pass
BERT_base&Llama_3_8B,taste_smell_troche,84,2,0.5455973491823611,pass
BERT_base&Llama_3_8B,taste_smell_troche,84,3,0.5635956135754712,pass
BERT_base&Llama_3_8B,taste_smell_troche,84,4,0.7628460743751261,pass
BERT_base&Llama_3_8B,taste_smell_troche,84,5,0.6695692364751304,pass
BERT_base&EEG_speech,taste_smell_troche,84,1,0.3705108847220414,pass
BERT_base&EEG_speech,taste_smell_troche,84,2,0.5238473536623826,pass
BERT_base&EEG_speech,taste_smell_troche,84,3,0.5652300427900737,pass
BERT_base&EEG_speech,taste_smell_troche,84,4,0.584671576899413,pass
BERT_base&EEG_speech,taste_smell_troche,84,5,0.6655433667945756,pass
Llama_3_8B&EEG_speech,taste_smell_troche,84,1,0.5874372249131523,pass
Llama_3_8B&EEG_speech,taste_smell_troche,84,2,0.5535064972842509,pass
Llama_3_8B&EEG_speech,taste_smell_troche,84,3,0.5863428682454761,pass
Llama_3_8B&EEG_speech,taste_smell_troche,84,4,0.7601970886662897,pass
Llama_3_8B&EEG_speech,taste_smell_troche,84,5,0.6913383599847942,pass
BERT_base&Llama_3_8B,tactile_troche,84,1,0.5318799981455906,pass
BERT_base&Llama_3_8B,tactile_troche,84,2,0.4542856403799084,pass
BERT_base&Llama_3_8B,tactile_troche,84,3,0.5916175015080438,pass
BERT_base&Llama_3_8B,tactile_troche,84,4,0.39367475050264855,pass
BERT_base&Llama_3_8B,tactile_troche,84,5,0.7181702543250152,pass
BERT_base&EEG_speech,tactile_troche,84,1,0.21493429214095483,pass
BERT_base&EEG_speech,tactile_troche,84,2,0.19990516727114527,pass
BERT_base&EEG_speech,tactile_troche,84,3,0.6588695821390567,pass
BERT_base&EEG_speech,tactile_troche,84,4,0.3031391263276553,pass
BERT_base&EEG_speech,tactile_troche,84,5,0.6702388293727725,pass
Llama_3_8B&EEG_speech,tactile_troche,84,1,0.43708471995771825,pass
Llama_3_8B&EEG_speech,tactile_troche,84,2,0.32272127056325184,pass
Llama_3_8B&EEG_speech,tactile_troche,84,3,0.5473462066287496,pass
Llama_3_8B&EEG_speech,tactile_troche,84,4,0.2992461988427775,pass
Llama_3_8B&EEG_speech,tactile_troche,84,5,0.7111404374827666,pass
BERT_base&Llama_3_8B,auditory_troche,84,1,0.2963568581300078,pass
BERT_base&Llama_3_8B,auditory_troche,84,2,0.33518794688340003,pass
BERT_base&Llama_3_8B,auditory_troche,84,3,0.48047869658272757,pass
BERT_base&Llama_3_8B,auditory_troche,84,4,0.397028395274735,pass
BERT_base&Llama_3_8B,auditory_troche,84,5,0.5232358506464093,pass
BERT_base&EEG_speech,auditory_troche,84,1,0.20256152957148854,pass
BERT_base&EEG_speech,auditory_troche,84,2,0.2938804365810872,pass
BERT_base&EEG_speech,auditory_troche,84,3,0.41695470278897173,pass
BERT_base&EEG_speech,auditory_troche,84,4,0.2578486748400819,pass
BERT_base&EEG_speech,auditory_troche,84,5,0.44619993965089266,pass
Llama_3_8B&EEG_speech,auditory_troche,84,1,0.05218350880829936,pass
Llama_3_8B&EEG_speech,auditory_troche,84,2,0.24858851929264314,pass
Llama_3_8B&EEG_speech,auditory_troche,84,3,0.39294290900069073,pass
Llama_3_8B&EEG_speech,auditory_troche,84,4,0.3291485124854623,pass
Llama_3_8B&EEG_speech,auditory_troche,84,5,0.5277795395906875,pass
BERT_base&Llama_3_8B,space_troche,84,1,0.27587076154521106,pass
BERT_base&Llama_3_8B,space_troche,84,2,0.2549384243591126,pass
BERT_base&Llama_3_8B,space_troche,84,3,0.42879489152528105,pass
BERT_base&Llama_3_8B,space_troche,84,4,-0.12976760836664547,pass
BERT_base&Llama_3_8B,space_troche,84,5,0.4271821866657245,pass
BERT_base&EEG_speech,space_troche,84,1,-0.25309752773658833,pass
BERT_base&EEG_speech,space_troche,84,2,-0.022530374502907957,pass
BERT_base&EEG_speech,space_troche,84,3,0.4388530686349942,pass
BERT_base&EEG_speech,space_troche,84,4,-0.08272590276257086,pass
BERT_base&EEG_speech,space_troche,84,5,0.31921432329238963,pass
Llama_3_8B&EEG_speech,space_troche,84,1,0.3209063507209421,pass
Llama_3_8B&EEG_speech,space_troche,84,2,0.1962351606604218,pass
Llama_3_8B&EEG_speech,space_troche,84,3,0.3247638811683189,pass
Llama_3_8B&EEG_speech,space_troche,84,4,-0.34167794213030533,pass
Llama_3_8B&EEG_speech,space_troche,84,5,0.41993731417285063,pass
BERT_base&Llama_3_8B,time_troche,84,1,0.3935928727898288,pass
BERT_base&Llama_3_8B,time_troche,84,2,0.31422805717314695,pass
BERT_base&Llama_3_8B,time_troche,84,3,0.7372751939489735,pass
BERT_base&Llama_3_8B,time_troche,84,4,0.5563036976413811,pass
BERT_base&Llama_3_8B,time_troche,84,5,0.10387953108885117,pass
BERT_base&EEG_speech,time_troche,84,1,0.18713594965995461,pass
BERT_base&EEG_speech,time_troche,84,2,0.30481405152066043,pass
BERT_base&EEG_speech,time_troche,84,3,0.7047021863473462,pass
BERT_base&EEG_speech,time_troche,84,4,0.4683937522334609,pass
BERT_base&EEG_speech,time_troche,84,5,0.29895740741913257,pass
Llama_3_8B&EEG_speech,time_troche,84,1,0.383118848441128,pass
Llama_3_8B&EEG_speech,time_troche,84,2,0.16458485724232763,pass
Llama_3_8B&EEG_speech,time_troche,84,3,0.6791060605186086,pass
Llama_3_8B&EEG_speech,time_troche,84,4,0.3773887774596185,pass
Llama_3_8B&EEG_speech,time_troche,84,5,0.1622838437134667,pass
BERT_base&Llama_3_8B,quantity_troche,84,1,0.3705326698236163,pass
BERT_base&Llama_3_8B,quantity_troche,84,2,0.5205465473398666,pass
BERT_base&Llama_3_8B,quantity_troche,84,3,0.54712942372582,pass
BERT_base&Llama_3_8B,quantity_troche,84,4,0.5016158697171902,pass
BERT_base&Llama_3_8B,quantity_troche,84,5,0.15840332023387993,pass
BERT_base&EEG_speech,quantity_troche,84,1,0.0786784361838575,pass
BERT_base&EEG_speech,quantity_troche,84,2,0.42549938028032597,pass
BERT_base&EEG_speech,quantity_troche,84,3,0.3847184475617462,pass
BERT_base&EEG_speech,quantity_troche,84,4,0.2924629960442824,pass
BERT_base&EEG_speech,quantity_troche,84,5,0.20179825136234386,pass
Llama_3_8B&EEG_speech,quantity_troche,84,1,0.3511800427452981,pass
Llama_3_8B&EEG_speech,quantity_troche,84,2,0.46100007620344596,pass
Llama_3_8B&EEG_speech,quantity_troche,84,3,0.5338177423891597,pass
Llama_3_8B&EEG_speech,quantity_troche,84,4,0.5210043673806197,pass
Llama_3_8B&EEG_speech,quantity_troche,84,5,0.06797948228743089,pass
BERT_base&Llama_3_8B,familiarity_morrow,32,1,,test_n < 20
BERT_base&Llama_3_8B,familiarity_morrow,32,2,,test_n < 20
BERT_base&Llama_3_8B,familiarity_morrow,32,3,,test_n < 20
BERT_base&Llama_3_8B,familiarity_morrow,32,4,,test_n < 20
BERT_base&Llama_3_8B,familiarity_morrow,32,5,,test_n < 20
BERT_base&EEG_speech,familiarity_morrow,32,1,,test_n < 20
BERT_base&EEG_speech,familiarity_morrow,32,2,,test_n < 20
BERT_base&EEG_speech,familiarity_morrow,32,3,,test_n < 20
BERT_base&EEG_speech,familiarity_morrow,32,4,,test_n < 20
BERT_base&EEG_speech,familiarity_morrow,32,5,,test_n < 20
Llama_3_8B&EEG_speech,familiarity_morrow,32,1,,test_n < 20
Llama_3_8B&EEG_speech,familiarity_morrow,32,2,,test_n < 20
Llama_3_8B&EEG_speech,familiarity_morrow,32,3,,test_n < 20
Llama_3_8B&EEG_speech,familiarity_morrow,32,4,,test_n < 20
Llama_3_8B&EEG_speech,familiarity_morrow,32,5,,test_n < 20
BERT_base&Llama_3_8B,perc_known_morrow,32,1,,test_n < 20
BERT_base&Llama_3_8B,perc_known_morrow,32,2,,test_n < 20
BERT_base&Llama_3_8B,perc_known_morrow,32,3,,test_n < 20
BERT_base&Llama_3_8B,perc_known_morrow,32,4,,test_n < 20
BERT_base&Llama_3_8B,perc_known_morrow,32,5,,test_n < 20
BERT_base&EEG_speech,perc_known_morrow,32,1,,test_n < 20
BERT_base&EEG_speech,perc_known_morrow,32,2,,test_n < 20
BERT_base&EEG_speech,perc_known_morrow,32,3,,test_n < 20
BERT_base&EEG_speech,perc_known_morrow,32,4,,test_n < 20
BERT_base&EEG_speech,perc_known_morrow,32,5,,test_n < 20
Llama_3_8B&EEG_speech,perc_known_morrow,32,1,,test_n < 20
Llama_3_8B&EEG_speech,perc_known_morrow,32,2,,test_n < 20
Llama_3_8B&EEG_speech,perc_known_morrow,32,3,,test_n < 20
Llama_3_8B&EEG_speech,perc_known_morrow,32,4,,test_n < 20
Llama_3_8B&EEG_speech,perc_known_morrow,32,5,,test_n < 20
BERT_base&Llama_3_8B,subjective_frequency_morrow,32,1,,test_n < 20
BERT_base&Llama_3_8B,subjective_frequency_morrow,32,2,,test_n < 20
BERT_base&Llama_3_8B,subjective_frequency_morrow,32,3,,test_n < 20
BERT_base&Llama_3_8B,subjective_frequency_morrow,32,4,,test_n < 20
BERT_base&Llama_3_8B,subjective_frequency_morrow,32,5,,test_n < 20
BERT_base&EEG_speech,subjective_frequency_morrow,32,1,,test_n < 20
BERT_base&EEG_speech,subjective_frequency_morrow,32,2,,test_n < 20
BERT_base&EEG_speech,subjective_frequency_morrow,32,3,,test_n < 20
BERT_base&EEG_speech,subjective_frequency_morrow,32,4,,test_n < 20
BERT_base&EEG_speech,subjective_frequency_morrow,32,5,,test_n < 20
Llama_3_8B&EEG_speech,subjective_frequency_morrow,32,1,,test_n < 20
Llama_3_8B&EEG_speech,subjective_frequency_morrow,32,2,,test_n < 20
Llama_3_8B&EEG_speech,subjective_frequency_morrow,32,3,,test_n < 20
Llama_3_8B&EEG_speech,subjective_frequency_morrow,32,4,,test_n < 20
Llama_3_8B&EEG_speech,subjective_frequency_morrow,32,5,,test_n < 20
BERT_base&Llama_3_8B,visual_complexity_marrow,32,1,,test_n < 20
BERT_base&Llama_3_8B,visual_complexity_marrow,32,2,,test_n < 20
BERT_base&Llama_3_8B,visual_complexity_marrow,32,3,,test_n < 20
BERT_base&Llama_3_8B,visual_complexity_marrow,32,4,,test_n < 20
BERT_base&Llama_3_8B,visual_complexity_marrow,32,5,,test_n < 20
BERT_base&EEG_speech,visual_complexity_marrow,32,1,,test_n < 20
BERT_base&EEG_speech,visual_complexity_marrow,32,2,,test_n < 20
BERT_base&EEG_speech,visual_complexity_marrow,32,3,,test_n < 20
BERT_base&EEG_speech,visual_complexity_marrow,32,4,,test_n < 20
BERT_base&EEG_speech,visual_complexity_marrow,32,5,,test_n < 20
Llama_3_8B&EEG_speech,visual_complexity_marrow,32,1,,test_n < 20
Llama_3_8B&EEG_speech,visual_complexity_marrow,32,2,,test_n < 20
Llama_3_8B&EEG_speech,visual_complexity_marrow,32,3,,test_n < 20
Llama_3_8B&EEG_speech,visual_complexity_marrow,32,4,,test_n < 20
Llama_3_8B&EEG_speech,visual_complexity_marrow,32,5,,test_n < 20
BERT_base&Llama_3_8B,imageability_morrow,32,1,,test_n < 20
BERT_base&Llama_3_8B,imageability_morrow,32,2,,test_n < 20
BERT_base&Llama_3_8B,imageability_morrow,32,3,,test_n < 20
BERT_base&Llama_3_8B,imageability_morrow,32,4,,test_n < 20
BERT_base&Llama_3_8B,imageability_morrow,32,5,,test_n < 20
BERT_base&EEG_speech,imageability_morrow,32,1,,test_n < 20
BERT_base&EEG_speech,imageability_morrow,32,2,,test_n < 20
BERT_base&EEG_speech,imageability_morrow,32,3,,test_n < 20
BERT_base&EEG_speech,imageability_morrow,32,4,,test_n < 20
BERT_base&EEG_speech,imageability_morrow,32,5,,test_n < 20
Llama_3_8B&EEG_speech,imageability_morrow,32,1,,test_n < 20
Llama_3_8B&EEG_speech,imageability_morrow,32,2,,test_n < 20
Llama_3_8B&EEG_speech,imageability_morrow,32,3,,test_n < 20
Llama_3_8B&EEG_speech,imageability_morrow,32,4,,test_n < 20
Llama_3_8B&EEG_speech,imageability_morrow,32,5,,test_n < 20
BERT_base&Llama_3_8B,aoa_marrow,32,1,,test_n < 20
BERT_base&Llama_3_8B,aoa_marrow,32,2,,test_n < 20
BERT_base&Llama_3_8B,aoa_marrow,32,3,,test_n < 20
BERT_base&Llama_3_8B,aoa_marrow,32,4,,test_n < 20
BERT_base&Llama_3_8B,aoa_marrow,32,5,,test_n < 20
BERT_base&EEG_speech,aoa_marrow,32,1,,test_n < 20
BERT_base&EEG_speech,aoa_marrow,32,2,,test_n < 20
BERT_base&EEG_speech,aoa_marrow,32,3,,test_n < 20
BERT_base&EEG_speech,aoa_marrow,32,4,,test_n < 20
BERT_base&EEG_speech,aoa_marrow,32,5,,test_n < 20
Llama_3_8B&EEG_speech,aoa_marrow,32,1,,test_n < 20
Llama_3_8B&EEG_speech,aoa_marrow,32,2,,test_n < 20
Llama_3_8B&EEG_speech,aoa_marrow,32,3,,test_n < 20
Llama_3_8B&EEG_speech,aoa_marrow,32,4,,test_n < 20
Llama_3_8B&EEG_speech,aoa_marrow,32,5,,test_n < 20
BERT_base&Llama_3_8B,aoa_cortese,469,1,0.5739893709726959,pass
BERT_base&Llama_3_8B,aoa_cortese,469,2,0.6887800807402255,pass
BERT_base&Llama_3_8B,aoa_cortese,469,3,0.6017863146208148,pass
BERT_base&Llama_3_8B,aoa_cortese,469,4,0.6569820684528321,pass
BERT_base&Llama_3_8B,aoa_cortese,469,5,0.6272887015715618,pass
BERT_base&EEG_speech,aoa_cortese,469,1,0.4206209332270877,pass
BERT_base&EEG_speech,aoa_cortese,469,2,0.6392158926622805,pass
BERT_base&EEG_speech,aoa_cortese,469,3,0.5190688509945515,pass
BERT_base&EEG_speech,aoa_cortese,469,4,0.4726362324993293,pass
BERT_base&EEG_speech,aoa_cortese,469,5,0.526553323395728,pass
Llama_3_8B&EEG_speech,aoa_cortese,469,1,0.4869128013646158,pass
Llama_3_8B&EEG_speech,aoa_cortese,469,2,0.5928607534353352,pass
Llama_3_8B&EEG_speech,aoa_cortese,469,3,0.5214429328905219,pass
Llama_3_8B&EEG_speech,aoa_cortese,469,4,0.6200108024475295,pass
Llama_3_8B&EEG_speech,aoa_cortese,469,5,0.5610610054456491,pass
BERT_base&Llama_3_8B,aoa_rt_cortese,469,1,0.06604748162905338,pass
BERT_base&Llama_3_8B,aoa_rt_cortese,469,2,0.14394909648930865,pass
BERT_base&Llama_3_8B,aoa_rt_cortese,469,3,0.10373310051586515,pass
BERT_base&Llama_3_8B,aoa_rt_cortese,469,4,0.08523930356843479,pass
BERT_base&Llama_3_8B,aoa_rt_cortese,469,5,0.041432647813564594,pass
BERT_base&EEG_speech,aoa_rt_cortese,469,1,0.08978275516890077,pass
BERT_base&EEG_speech,aoa_rt_cortese,469,2,0.11992314732937659,pass
BERT_base&EEG_speech,aoa_rt_cortese,469,3,0.09369811966534969,pass
BERT_base&EEG_speech,aoa_rt_cortese,469,4,-0.003975750363946817,pass
BERT_base&EEG_speech,aoa_rt_cortese,469,5,0.061786440656232844,pass
Llama_3_8B&EEG_speech,aoa_rt_cortese,469,1,0.05491727854142103,pass
Llama_3_8B&EEG_speech,aoa_rt_cortese,469,2,0.13092899401792024,pass
Llama_3_8B&EEG_speech,aoa_rt_cortese,469,3,0.10786875558237163,pass
Llama_3_8B&EEG_speech,aoa_rt_cortese,469,4,0.08601534476378281,pass
Llama_3_8B&EEG_speech,aoa_rt_cortese,469,5,0.02519485829811019,pass
BERT_base&Llama_3_8B,imagery_vanderveur,341,1,0.8620607708967425,pass
BERT_base&Llama_3_8B,imagery_vanderveur,341,2,0.842740547872955,pass
BERT_base&Llama_3_8B,imagery_vanderveur,341,3,0.7644278177462562,pass
BERT_base&Llama_3_8B,imagery_vanderveur,341,4,0.7269328715051373,pass
BERT_base&Llama_3_8B,imagery_vanderveur,341,5,0.860806432369638,pass
BERT_base&EEG_speech,imagery_vanderveur,341,1,0.8410488408528307,pass
BERT_base&EEG_speech,imagery_vanderveur,341,2,0.8243423668724075,pass
BERT_base&EEG_speech,imagery_vanderveur,341,3,0.7375585122882761,pass
BERT_base&EEG_speech,imagery_vanderveur,341,4,0.7390069165255171,pass
BERT_base&EEG_speech,imagery_vanderveur,341,5,0.8716072492905398,pass
Llama_3_8B&EEG_speech,imagery_vanderveur,341,1,0.8430885480032108,pass
Llama_3_8B&EEG_speech,imagery_vanderveur,341,2,0.8141569659683523,pass
Llama_3_8B&EEG_speech,imagery_vanderveur,341,3,0.7403432191907584,pass
Llama_3_8B&EEG_speech,imagery_vanderveur,341,4,0.713245717226042,pass
Llama_3_8B&EEG_speech,imagery_vanderveur,341,5,0.8316560517722786,pass
BERT_base&Llama_3_8B,likableness_chandler,31,1,,test_n < 20
BERT_base&Llama_3_8B,likableness_chandler,31,2,,test_n < 20
BERT_base&Llama_3_8B,likableness_chandler,31,3,,test_n < 20
BERT_base&Llama_3_8B,likableness_chandler,31,4,,test_n < 20
BERT_base&Llama_3_8B,likableness_chandler,31,5,,test_n < 20
BERT_base&EEG_speech,likableness_chandler,31,1,,test_n < 20
BERT_base&EEG_speech,likableness_chandler,31,2,,test_n < 20
BERT_base&EEG_speech,likableness_chandler,31,3,,test_n < 20
BERT_base&EEG_speech,likableness_chandler,31,4,,test_n < 20
BERT_base&EEG_speech,likableness_chandler,31,5,,test_n < 20
Llama_3_8B&EEG_speech,likableness_chandler,31,1,,test_n < 20
Llama_3_8B&EEG_speech,likableness_chandler,31,2,,test_n < 20
Llama_3_8B&EEG_speech,likableness_chandler,31,3,,test_n < 20
Llama_3_8B&EEG_speech,likableness_chandler,31,4,,test_n < 20
Llama_3_8B&EEG_speech,likableness_chandler,31,5,,test_n < 20
BERT_base&Llama_3_8B,meaningfulness_chandler,31,1,,test_n < 20
BERT_base&Llama_3_8B,meaningfulness_chandler,31,2,,test_n < 20
BERT_base&Llama_3_8B,meaningfulness_chandler,31,3,,test_n < 20
BERT_base&Llama_3_8B,meaningfulness_chandler,31,4,,test_n < 20
BERT_base&Llama_3_8B,meaningfulness_chandler,31,5,,test_n < 20
BERT_base&EEG_speech,meaningfulness_chandler,31,1,,test_n < 20
BERT_base&EEG_speech,meaningfulness_chandler,31,2,,test_n < 20
BERT_base&EEG_speech,meaningfulness_chandler,31,3,,test_n < 20
BERT_base&EEG_speech,meaningfulness_chandler,31,4,,test_n < 20
BERT_base&EEG_speech,meaningfulness_chandler,31,5,,test_n < 20
Llama_3_8B&EEG_speech,meaningfulness_chandler,31,1,,test_n < 20
Llama_3_8B&EEG_speech,meaningfulness_chandler,31,2,,test_n < 20
Llama_3_8B&EEG_speech,meaningfulness_chandler,31,3,,test_n < 20
Llama_3_8B&EEG_speech,meaningfulness_chandler,31,4,,test_n < 20
Llama_3_8B&EEG_speech,meaningfulness_chandler,31,5,,test_n < 20
BERT_base&Llama_3_8B,emotionality_chandler,31,1,,test_n < 20
BERT_base&Llama_3_8B,emotionality_chandler,31,2,,test_n < 20
BERT_base&Llama_3_8B,emotionality_chandler,31,3,,test_n < 20
BERT_base&Llama_3_8B,emotionality_chandler,31,4,,test_n < 20
BERT_base&Llama_3_8B,emotionality_chandler,31,5,,test_n < 20
BERT_base&EEG_speech,emotionality_chandler,31,1,,test_n < 20
BERT_base&EEG_speech,emotionality_chandler,31,2,,test_n < 20
BERT_base&EEG_speech,emotionality_chandler,31,3,,test_n < 20
BERT_base&EEG_speech,emotionality_chandler,31,4,,test_n < 20
BERT_base&EEG_speech,emotionality_chandler,31,5,,test_n < 20
Llama_3_8B&EEG_speech,emotionality_chandler,31,1,,test_n < 20
Llama_3_8B&EEG_speech,emotionality_chandler,31,2,,test_n < 20
Llama_3_8B&EEG_speech,emotionality_chandler,31,3,,test_n < 20
Llama_3_8B&EEG_speech,emotionality_chandler,31,4,,test_n < 20
Llama_3_8B&EEG_speech,emotionality_chandler,31,5,,test_n < 20
BERT_base&Llama_3_8B,gender_assoc_crawford,70,1,,test_n < 20
BERT_base&Llama_3_8B,gender_assoc_crawford,70,2,,test_n < 20
BERT_base&Llama_3_8B,gender_assoc_crawford,70,3,,test_n < 20
BERT_base&Llama_3_8B,gender_assoc_crawford,70,4,,test_n < 20
BERT_base&Llama_3_8B,gender_assoc_crawford,70,5,,test_n < 20
BERT_base&EEG_speech,gender_assoc_crawford,70,1,,test_n < 20
BERT_base&EEG_speech,gender_assoc_crawford,70,2,,test_n < 20
BERT_base&EEG_speech,gender_assoc_crawford,70,3,,test_n < 20
BERT_base&EEG_speech,gender_assoc_crawford,70,4,,test_n < 20
BERT_base&EEG_speech,gender_assoc_crawford,70,5,,test_n < 20
Llama_3_8B&EEG_speech,gender_assoc_crawford,70,1,,test_n < 20
Llama_3_8B&EEG_speech,gender_assoc_crawford,70,2,,test_n < 20
Llama_3_8B&EEG_speech,gender_assoc_crawford,70,3,,test_n < 20
Llama_3_8B&EEG_speech,gender_assoc_crawford,70,4,,test_n < 20
Llama_3_8B&EEG_speech,gender_assoc_crawford,70,5,,test_n < 20
BERT_base&Llama_3_8B,polysemy_armstrong,48,1,,test_n < 20
BERT_base&Llama_3_8B,polysemy_armstrong,48,2,,test_n < 20
BERT_base&Llama_3_8B,polysemy_armstrong,48,3,,test_n < 20
BERT_base&Llama_3_8B,polysemy_armstrong,48,4,,test_n < 20
BERT_base&Llama_3_8B,polysemy_armstrong,48,5,,test_n < 20
BERT_base&EEG_speech,polysemy_armstrong,48,1,,test_n < 20
BERT_base&EEG_speech,polysemy_armstrong,48,2,,test_n < 20
BERT_base&EEG_speech,polysemy_armstrong,48,3,,test_n < 20
BERT_base&EEG_speech,polysemy_armstrong,48,4,,test_n < 20
BERT_base&EEG_speech,polysemy_armstrong,48,5,,test_n < 20
Llama_3_8B&EEG_speech,polysemy_armstrong,48,1,,test_n < 20
Llama_3_8B&EEG_speech,polysemy_armstrong,48,2,,test_n < 20
Llama_3_8B&EEG_speech,polysemy_armstrong,48,3,,test_n < 20
Llama_3_8B&EEG_speech,polysemy_armstrong,48,4,,test_n < 20
Llama_3_8B&EEG_speech,polysemy_armstrong,48,5,,test_n < 20
BERT_base&Llama_3_8B,imageability_rt_cortese,469,1,0.337163831282413,pass
BERT_base&Llama_3_8B,imageability_rt_cortese,469,2,0.283995801187254,pass
BERT_base&Llama_3_8B,imageability_rt_cortese,469,3,0.1281716271272535,pass
BERT_base&Llama_3_8B,imageability_rt_cortese,469,4,0.26334987197137005,pass
BERT_base&Llama_3_8B,imageability_rt_cortese,469,5,0.15660780321191992,pass
BERT_base&EEG_speech,imageability_rt_cortese,469,1,0.3537252568676261,pass
BERT_base&EEG_speech,imageability_rt_cortese,469,2,0.26991569793087933,pass
BERT_base&EEG_speech,imageability_rt_cortese,469,3,0.1134515169639354,pass
BERT_base&EEG_speech,imageability_rt_cortese,469,4,0.22325255986029124,pass
BERT_base&EEG_speech,imageability_rt_cortese,469,5,0.10772613303944645,pass
Llama_3_8B&EEG_speech,imageability_rt_cortese,469,1,0.2783969430800647,pass
Llama_3_8B&EEG_speech,imageability_rt_cortese,469,2,0.25697348658965835,pass
Llama_3_8B&EEG_speech,imageability_rt_cortese,469,3,0.10773202251359937,pass
Llama_3_8B&EEG_speech,imageability_rt_cortese,469,4,0.23602552688024825,pass
Llama_3_8B&EEG_speech,imageability_rt_cortese,469,5,0.1665516518011083,pass
BERT_base&Llama_3_8B,imageability_cortese,469,1,0.8491430934012548,pass
BERT_base&Llama_3_8B,imageability_cortese,469,2,0.7492995568581631,pass
BERT_base&Llama_3_8B,imageability_cortese,469,3,0.7777035076894234,pass
BERT_base&Llama_3_8B,imageability_cortese,469,4,0.7815018027649078,pass
BERT_base&Llama_3_8B,imageability_cortese,469,5,0.8381325619588736,pass
BERT_base&EEG_speech,imageability_cortese,469,1,0.8276156039462783,pass
BERT_base&EEG_speech,imageability_cortese,469,2,0.734879262823705,pass
BERT_base&EEG_speech,imageability_cortese,469,3,0.7100907945658715,pass
BERT_base&EEG_speech,imageability_cortese,469,4,0.6940914812297327,pass
BERT_base&EEG_speech,imageability_cortese,469,5,0.7947302449516463,pass
Llama_3_8B&EEG_speech,imageability_cortese,469,1,0.8117959946085451,pass
Llama_3_8B&EEG_speech,imageability_cortese,469,2,0.7235034986854074,pass
Llama_3_8B&EEG_speech,imageability_cortese,469,3,0.7460363549781104,pass
Llama_3_8B&EEG_speech,imageability_cortese,469,4,0.7772910478130303,pass
Llama_3_8B&EEG_speech,imageability_cortese,469,5,0.8130405483326829,pass
BERT_base&Llama_3_8B,valence_citron,44,1,,test_n < 20
BERT_base&Llama_3_8B,valence_citron,44,2,,test_n < 20
BERT_base&Llama_3_8B,valence_citron,44,3,,test_n < 20
BERT_base&Llama_3_8B,valence_citron,44,4,,test_n < 20
BERT_base&Llama_3_8B,valence_citron,44,5,,test_n < 20
BERT_base&EEG_speech,valence_citron,44,1,,test_n < 20
BERT_base&EEG_speech,valence_citron,44,2,,test_n < 20
BERT_base&EEG_speech,valence_citron,44,3,,test_n < 20
BERT_base&EEG_speech,valence_citron,44,4,,test_n < 20
BERT_base&EEG_speech,valence_citron,44,5,,test_n < 20
Llama_3_8B&EEG_speech,valence_citron,44,1,,test_n < 20
Llama_3_8B&EEG_speech,valence_citron,44,2,,test_n < 20
Llama_3_8B&EEG_speech,valence_citron,44,3,,test_n < 20
Llama_3_8B&EEG_speech,valence_citron,44,4,,test_n < 20
Llama_3_8B&EEG_speech,valence_citron,44,5,,test_n < 20
BERT_base&Llama_3_8B,arousal_citron,44,1,,test_n < 20
BERT_base&Llama_3_8B,arousal_citron,44,2,,test_n < 20
BERT_base&Llama_3_8B,arousal_citron,44,3,,test_n < 20
BERT_base&Llama_3_8B,arousal_citron,44,4,,test_n < 20
BERT_base&Llama_3_8B,arousal_citron,44,5,,test_n < 20
BERT_base&EEG_speech,arousal_citron,44,1,,test_n < 20
BERT_base&EEG_speech,arousal_citron,44,2,,test_n < 20
BERT_base&EEG_speech,arousal_citron,44,3,,test_n < 20
BERT_base&EEG_speech,arousal_citron,44,4,,test_n < 20
BERT_base&EEG_speech,arousal_citron,44,5,,test_n < 20
Llama_3_8B&EEG_speech,arousal_citron,44,1,,test_n < 20
Llama_3_8B&EEG_speech,arousal_citron,44,2,,test_n < 20
Llama_3_8B&EEG_speech,arousal_citron,44,3,,test_n < 20
Llama_3_8B&EEG_speech,arousal_citron,44,4,,test_n < 20
Llama_3_8B&EEG_speech,arousal_citron,44,5,,test_n < 20
BERT_base&Llama_3_8B,familiarity_citron,44,1,,test_n < 20
BERT_base&Llama_3_8B,familiarity_citron,44,2,,test_n < 20
BERT_base&Llama_3_8B,familiarity_citron,44,3,,test_n < 20
BERT_base&Llama_3_8B,familiarity_citron,44,4,,test_n < 20
BERT_base&Llama_3_8B,familiarity_citron,44,5,,test_n < 20
BERT_base&EEG_speech,familiarity_citron,44,1,,test_n < 20
BERT_base&EEG_speech,familiarity_citron,44,2,,test_n < 20
BERT_base&EEG_speech,familiarity_citron,44,3,,test_n < 20
BERT_base&EEG_speech,familiarity_citron,44,4,,test_n < 20
BERT_base&EEG_speech,familiarity_citron,44,5,,test_n < 20
Llama_3_8B&EEG_speech,familiarity_citron,44,1,,test_n < 20
Llama_3_8B&EEG_speech,familiarity_citron,44,2,,test_n < 20
Llama_3_8B&EEG_speech,familiarity_citron,44,3,,test_n < 20
Llama_3_8B&EEG_speech,familiarity_citron,44,4,,test_n < 20
Llama_3_8B&EEG_speech,familiarity_citron,44,5,,test_n < 20
BERT_base&Llama_3_8B,aoa_citron,44,1,,test_n < 20
BERT_base&Llama_3_8B,aoa_citron,44,2,,test_n < 20
BERT_base&Llama_3_8B,aoa_citron,44,3,,test_n < 20
BERT_base&Llama_3_8B,aoa_citron,44,4,,test_n < 20
BERT_base&Llama_3_8B,aoa_citron,44,5,,test_n < 20
BERT_base&EEG_speech,aoa_citron,44,1,,test_n < 20
BERT_base&EEG_speech,aoa_citron,44,2,,test_n < 20
BERT_base&EEG_speech,aoa_citron,44,3,,test_n < 20
BERT_base&EEG_speech,aoa_citron,44,4,,test_n < 20
BERT_base&EEG_speech,aoa_citron,44,5,,test_n < 20
Llama_3_8B&EEG_speech,aoa_citron,44,1,,test_n < 20
Llama_3_8B&EEG_speech,aoa_citron,44,2,,test_n < 20
Llama_3_8B&EEG_speech,aoa_citron,44,3,,test_n < 20
Llama_3_8B&EEG_speech,aoa_citron,44,4,,test_n < 20
Llama_3_8B&EEG_speech,aoa_citron,44,5,,test_n < 20
BERT_base&Llama_3_8B,imageability_citron,44,1,,test_n < 20
BERT_base&Llama_3_8B,imageability_citron,44,2,,test_n < 20
BERT_base&Llama_3_8B,imageability_citron,44,3,,test_n < 20
BERT_base&Llama_3_8B,imageability_citron,44,4,,test_n < 20
BERT_base&Llama_3_8B,imageability_citron,44,5,,test_n < 20
BERT_base&EEG_speech,imageability_citron,44,1,,test_n < 20
BERT_base&EEG_speech,imageability_citron,44,2,,test_n < 20
BERT_base&EEG_speech,imageability_citron,44,3,,test_n < 20
BERT_base&EEG_speech,imageability_citron,44,4,,test_n < 20
BERT_base&EEG_speech,imageability_citron,44,5,,test_n < 20
Llama_3_8B&EEG_speech,imageability_citron,44,1,,test_n < 20
Llama_3_8B&EEG_speech,imageability_citron,44,2,,test_n < 20
Llama_3_8B&EEG_speech,imageability_citron,44,3,,test_n < 20
Llama_3_8B&EEG_speech,imageability_citron,44,4,,test_n < 20
Llama_3_8B&EEG_speech,imageability_citron,44,5,,test_n < 20
BERT_base&Llama_3_8B,valence_imbault,183,1,0.33670527443309817,pass
BERT_base&Llama_3_8B,valence_imbault,183,2,0.6777147754584519,pass
BERT_base&Llama_3_8B,valence_imbault,183,3,0.5530673326546414,pass
BERT_base&Llama_3_8B,valence_imbault,183,4,0.4006777040632533,pass
BERT_base&Llama_3_8B,valence_imbault,183,5,0.39819970682325556,pass
BERT_base&EEG_speech,valence_imbault,183,1,0.3536619508311448,pass
BERT_base&EEG_speech,valence_imbault,183,2,0.6161280019459545,pass
BERT_base&EEG_speech,valence_imbault,183,3,0.5345100675729906,pass
BERT_base&EEG_speech,valence_imbault,183,4,0.4073569330877429,pass
BERT_base&EEG_speech,valence_imbault,183,5,0.4511795876246101,pass
Llama_3_8B&EEG_speech,valence_imbault,183,1,0.32848589952805374,pass
Llama_3_8B&EEG_speech,valence_imbault,183,2,0.6354558890639788,pass
Llama_3_8B&EEG_speech,valence_imbault,183,3,0.5215452164683687,pass
Llama_3_8B&EEG_speech,valence_imbault,183,4,0.32011099995103753,pass
Llama_3_8B&EEG_speech,valence_imbault,183,5,0.32484062052301943,pass
BERT_base&Llama_3_8B,arousal_imbault,181,1,0.16826738489664195,pass
BERT_base&Llama_3_8B,arousal_imbault,181,2,0.46790495043100955,pass
BERT_base&Llama_3_8B,arousal_imbault,181,3,0.4411086995257283,pass
BERT_base&Llama_3_8B,arousal_imbault,181,4,0.2982818154627772,pass
BERT_base&Llama_3_8B,arousal_imbault,181,5,0.06086832543395515,pass
BERT_base&EEG_speech,arousal_imbault,181,1,0.22818387543849217,pass
BERT_base&EEG_speech,arousal_imbault,181,2,0.4228421017105336,pass
BERT_base&EEG_speech,arousal_imbault,181,3,0.4498274676632321,pass
BERT_base&EEG_speech,arousal_imbault,181,4,0.2406692872758207,pass
BERT_base&EEG_speech,arousal_imbault,181,5,-0.05820784659272338,pass
Llama_3_8B&EEG_speech,arousal_imbault,181,1,0.09002049160493542,pass
Llama_3_8B&EEG_speech,arousal_imbault,181,2,0.33367894570592416,pass
Llama_3_8B&EEG_speech,arousal_imbault,181,3,0.3397046847987928,pass
Llama_3_8B&EEG_speech,arousal_imbault,181,4,0.24213514378067968,pass
Llama_3_8B&EEG_speech,arousal_imbault,181,5,-0.07476669143598969,pass
BERT_base&Llama_3_8B,likableness_anderson,28,1,,test_n < 20
BERT_base&Llama_3_8B,likableness_anderson,28,2,,test_n < 20
BERT_base&Llama_3_8B,likableness_anderson,28,3,,test_n < 20
BERT_base&Llama_3_8B,likableness_anderson,28,4,,test_n < 20
BERT_base&Llama_3_8B,likableness_anderson,28,5,,test_n < 20
BERT_base&EEG_speech,likableness_anderson,28,1,,test_n < 20
BERT_base&EEG_speech,likableness_anderson,28,2,,test_n < 20
BERT_base&EEG_speech,likableness_anderson,28,3,,test_n < 20
BERT_base&EEG_speech,likableness_anderson,28,4,,test_n < 20
BERT_base&EEG_speech,likableness_anderson,28,5,,test_n < 20
Llama_3_8B&EEG_speech,likableness_anderson,28,1,,test_n < 20
Llama_3_8B&EEG_speech,likableness_anderson,28,2,,test_n < 20
Llama_3_8B&EEG_speech,likableness_anderson,28,3,,test_n < 20
Llama_3_8B&EEG_speech,likableness_anderson,28,4,,test_n < 20
Llama_3_8B&EEG_speech,likableness_anderson,28,5,,test_n < 20
BERT_base&Llama_3_8B,meaningfulness_anderson,28,1,,test_n < 20
BERT_base&Llama_3_8B,meaningfulness_anderson,28,2,,test_n < 20
BERT_base&Llama_3_8B,meaningfulness_anderson,28,3,,test_n < 20
BERT_base&Llama_3_8B,meaningfulness_anderson,28,4,,test_n < 20
BERT_base&Llama_3_8B,meaningfulness_anderson,28,5,,test_n < 20
BERT_base&EEG_speech,meaningfulness_anderson,28,1,,test_n < 20
BERT_base&EEG_speech,meaningfulness_anderson,28,2,,test_n < 20
BERT_base&EEG_speech,meaningfulness_anderson,28,3,,test_n < 20
BERT_base&EEG_speech,meaningfulness_anderson,28,4,,test_n < 20
BERT_base&EEG_speech,meaningfulness_anderson,28,5,,test_n < 20
Llama_3_8B&EEG_speech,meaningfulness_anderson,28,1,,test_n < 20
Llama_3_8B&EEG_speech,meaningfulness_anderson,28,2,,test_n < 20
Llama_3_8B&EEG_speech,meaningfulness_anderson,28,3,,test_n < 20
Llama_3_8B&EEG_speech,meaningfulness_anderson,28,4,,test_n < 20
Llama_3_8B&EEG_speech,meaningfulness_anderson,28,5,,test_n < 20
BERT_base&Llama_3_8B,perc_known_winter,732,1,-0.006194424079045913,pass
BERT_base&Llama_3_8B,perc_known_winter,732,2,-0.011049758558858036,pass
BERT_base&Llama_3_8B,perc_known_winter,732,3,-0.004912930372977353,pass
BERT_base&Llama_3_8B,perc_known_winter,732,4,-0.0383035068879638,pass
BERT_base&Llama_3_8B,perc_known_winter,732,5,-0.017610818453265065,pass
BERT_base&EEG_speech,perc_known_winter,732,1,-0.001466298221382667,pass
BERT_base&EEG_speech,perc_known_winter,732,2,-0.0031828505612840896,pass
BERT_base&EEG_speech,perc_known_winter,732,3,-0.00014164735629473846,pass
BERT_base&EEG_speech,perc_known_winter,732,4,-0.013287732427078591,pass
BERT_base&EEG_speech,perc_known_winter,732,5,-0.024115205251408645,pass
Llama_3_8B&EEG_speech,perc_known_winter,732,1,-0.002731016203279424,pass
Llama_3_8B&EEG_speech,perc_known_winter,732,2,-0.006130789183934171,pass
Llama_3_8B&EEG_speech,perc_known_winter,732,3,-0.0032230071831858,pass
Llama_3_8B&EEG_speech,perc_known_winter,732,4,-0.03452523639498928,pass
Llama_3_8B&EEG_speech,perc_known_winter,732,5,-0.013560052577633597,pass
BERT_base&Llama_3_8B,iconicity_winter2023,732,1,0.35667088488939036,pass
BERT_base&Llama_3_8B,iconicity_winter2023,732,2,0.3039448214625965,pass
BERT_base&Llama_3_8B,iconicity_winter2023,732,3,0.2746117219577191,pass
BERT_base&Llama_3_8B,iconicity_winter2023,732,4,0.25597691820943624,pass
BERT_base&Llama_3_8B,iconicity_winter2023,732,5,0.3283519034074527,pass
BERT_base&EEG_speech,iconicity_winter2023,732,1,0.36145570334947175,pass
BERT_base&EEG_speech,iconicity_winter2023,732,2,0.2533897061625835,pass
BERT_base&EEG_speech,iconicity_winter2023,732,3,0.24028858093835326,pass
BERT_base&EEG_speech,iconicity_winter2023,732,4,0.24675352583256316,pass
BERT_base&EEG_speech,iconicity_winter2023,732,5,0.3409193061560659,pass
Llama_3_8B&EEG_speech,iconicity_winter2023,732,1,0.3203522315678874,pass
Llama_3_8B&EEG_speech,iconicity_winter2023,732,2,0.28717942423074305,pass
Llama_3_8B&EEG_speech,iconicity_winter2023,732,3,0.23030387693448784,pass
Llama_3_8B&EEG_speech,iconicity_winter2023,732,4,0.22828778201592026,pass
Llama_3_8B&EEG_speech,iconicity_winter2023,732,5,0.28648140797496235,pass
BERT_base&Llama_3_8B,body_object_miklashevsky,188,1,0.6744159707533319,pass
BERT_base&Llama_3_8B,body_object_miklashevsky,188,2,0.6868468039321551,pass
BERT_base&Llama_3_8B,body_object_miklashevsky,188,3,0.608536225203159,pass
BERT_base&Llama_3_8B,body_object_miklashevsky,188,4,0.7508229302163396,pass
BERT_base&Llama_3_8B,body_object_miklashevsky,188,5,0.6358835463941366,pass
BERT_base&EEG_speech,body_object_miklashevsky,188,1,0.5370774468806296,pass
BERT_base&EEG_speech,body_object_miklashevsky,188,2,0.5369325108113849,pass
BERT_base&EEG_speech,body_object_miklashevsky,188,3,0.45152607140249257,pass
BERT_base&EEG_speech,body_object_miklashevsky,188,4,0.6331330430288005,pass
BERT_base&EEG_speech,body_object_miklashevsky,188,5,0.6127965710212924,pass
Llama_3_8B&EEG_speech,body_object_miklashevsky,188,1,0.6658256671421372,pass
Llama_3_8B&EEG_speech,body_object_miklashevsky,188,2,0.684116616861185,pass
Llama_3_8B&EEG_speech,body_object_miklashevsky,188,3,0.620539039563954,pass
Llama_3_8B&EEG_speech,body_object_miklashevsky,188,4,0.7445881103003622,pass
Llama_3_8B&EEG_speech,body_object_miklashevsky,188,5,0.62456409093348,pass
BERT_base&Llama_3_8B,aoa_schock,189,1,0.5283259446731734,pass
BERT_base&Llama_3_8B,aoa_schock,189,2,0.530594393642406,pass
BERT_base&Llama_3_8B,aoa_schock,189,3,0.36174696824319996,pass
BERT_base&Llama_3_8B,aoa_schock,189,4,0.6273477902930289,pass
BERT_base&Llama_3_8B,aoa_schock,189,5,0.44798941543187865,pass
BERT_base&EEG_speech,aoa_schock,189,1,0.23606229621214714,pass
BERT_base&EEG_speech,aoa_schock,189,2,0.4911716038974332,pass
BERT_base&EEG_speech,aoa_schock,189,3,0.403407461668711,pass
BERT_base&EEG_speech,aoa_schock,189,4,0.6156144547769093,pass
BERT_base&EEG_speech,aoa_schock,189,5,0.4547256887497435,pass
Llama_3_8B&EEG_speech,aoa_schock,189,1,0.34818268461544866,pass
Llama_3_8B&EEG_speech,aoa_schock,189,2,0.4723635152936745,pass
Llama_3_8B&EEG_speech,aoa_schock,189,3,0.39640146375166885,pass
Llama_3_8B&EEG_speech,aoa_schock,189,4,0.5391766767573276,pass
Llama_3_8B&EEG_speech,aoa_schock,189,5,0.3674960276057673,pass
BERT_base&Llama_3_8B,aoa_rt_schock,189,1,-0.022612408596929257,pass
BERT_base&Llama_3_8B,aoa_rt_schock,189,2,-0.02566356309525175,pass
BERT_base&Llama_3_8B,aoa_rt_schock,189,3,-0.002862031856337932,pass
BERT_base&Llama_3_8B,aoa_rt_schock,189,4,0.0016696966655888046,pass
BERT_base&Llama_3_8B,aoa_rt_schock,189,5,0.0075901453436976185,pass
BERT_base&EEG_speech,aoa_rt_schock,189,1,-0.0425944894855399,pass
BERT_base&EEG_speech,aoa_rt_schock,189,2,-0.00454165465479095,pass
BERT_base&EEG_speech,aoa_rt_schock,189,3,-0.004009407097580464,pass
BERT_base&EEG_speech,aoa_rt_schock,189,4,0.002794400559740007,pass
BERT_base&EEG_speech,aoa_rt_schock,189,5,-0.004284276078182492,pass
Llama_3_8B&EEG_speech,aoa_rt_schock,189,1,-0.02320631493537406,pass
Llama_3_8B&EEG_speech,aoa_rt_schock,189,2,-0.02762194749576219,pass
Llama_3_8B&EEG_speech,aoa_rt_schock,189,3,-0.0010300109945939884,pass
Llama_3_8B&EEG_speech,aoa_rt_schock,189,4,0.0015767408297419072,pass
Llama_3_8B&EEG_speech,aoa_rt_schock,189,5,0.003943851175352009,pass
BERT_base&Llama_3_8B,aoa_davies,100,1,0.32546745769654306,pass
BERT_base&Llama_3_8B,aoa_davies,100,2,0.6466009570888465,pass
BERT_base&Llama_3_8B,aoa_davies,100,3,0.22930190484408852,pass
BERT_base&Llama_3_8B,aoa_davies,100,4,0.720977275092916,pass
BERT_base&Llama_3_8B,aoa_davies,100,5,0.4051802140079668,pass
BERT_base&EEG_speech,aoa_davies,100,1,0.258036989721091,pass
BERT_base&EEG_speech,aoa_davies,100,2,0.6472040520306688,pass
BERT_base&EEG_speech,aoa_davies,100,3,0.3638436476654243,pass
BERT_base&EEG_speech,aoa_davies,100,4,0.6093995037262137,pass
BERT_base&EEG_speech,aoa_davies,100,5,0.36414492076184035,pass
Llama_3_8B&EEG_speech,aoa_davies,100,1,0.261266013646417,pass
Llama_3_8B&EEG_speech,aoa_davies,100,2,0.5596149170548176,pass
Llama_3_8B&EEG_speech,aoa_davies,100,3,0.08893160488216267,pass
Llama_3_8B&EEG_speech,aoa_davies,100,4,0.607127726059706,pass
Llama_3_8B&EEG_speech,aoa_davies,100,5,0.3626614915330072,pass
BERT_base&Llama_3_8B,imageability_davies,100,1,0.4079440040762844,pass
BERT_base&Llama_3_8B,imageability_davies,100,2,0.6146721466196896,pass
BERT_base&Llama_3_8B,imageability_davies,100,3,0.3384311530071987,pass
BERT_base&Llama_3_8B,imageability_davies,100,4,0.40473659949483587,pass
BERT_base&Llama_3_8B,imageability_davies,100,5,0.5710114227315015,pass
BERT_base&EEG_speech,imageability_davies,100,1,0.35800943502530924,pass
BERT_base&EEG_speech,imageability_davies,100,2,0.511593839555681,pass
BERT_base&EEG_speech,imageability_davies,100,3,0.40442739220258594,pass
BERT_base&EEG_speech,imageability_davies,100,4,0.29825391828298065,pass
BERT_base&EEG_speech,imageability_davies,100,5,0.44036446260809037,pass
Llama_3_8B&EEG_speech,imageability_davies,100,1,0.3887748202982231,pass
Llama_3_8B&EEG_speech,imageability_davies,100,2,0.5955986609923929,pass
Llama_3_8B&EEG_speech,imageability_davies,100,3,0.2996446082866203,pass
Llama_3_8B&EEG_speech,imageability_davies,100,4,0.33377781361127923,pass
Llama_3_8B&EEG_speech,imageability_davies,100,5,0.5253135894130135,pass
BERT_base&Llama_3_8B,this_that_rocca,83,1,0.25741556158708656,pass
BERT_base&Llama_3_8B,this_that_rocca,83,2,0.6506016521016967,pass
BERT_base&Llama_3_8B,this_that_rocca,83,3,0.35617323716650784,pass
BERT_base&Llama_3_8B,this_that_rocca,83,4,0.094832278940153,pass
BERT_base&Llama_3_8B,this_that_rocca,83,5,0.06698012854656332,pass
BERT_base&EEG_speech,this_that_rocca,83,1,0.28556420998140963,pass
BERT_base&EEG_speech,this_that_rocca,83,2,0.460579100441298,pass
BERT_base&EEG_speech,this_that_rocca,83,3,0.24813886340888547,pass
BERT_base&EEG_speech,this_that_rocca,83,4,0.08908784745237419,pass
BERT_base&EEG_speech,this_that_rocca,83,5,-0.17455158647523206,pass
Llama_3_8B&EEG_speech,this_that_rocca,83,1,0.21923684341160932,pass
Llama_3_8B&EEG_speech,this_that_rocca,83,2,0.6557770751765717,pass
Llama_3_8B&EEG_speech,this_that_rocca,83,3,0.31340233123773187,pass
Llama_3_8B&EEG_speech,this_that_rocca,83,4,0.09351282665761895,pass
Llama_3_8B&EEG_speech,this_that_rocca,83,5,0.02148777405034774,pass
BERT_base&Llama_3_8B,iconicity_winter2017,410,1,0.23239457624011284,pass
BERT_base&Llama_3_8B,iconicity_winter2017,410,2,0.06807727541416031,pass
BERT_base&Llama_3_8B,iconicity_winter2017,410,3,0.006722002335455279,pass
BERT_base&Llama_3_8B,iconicity_winter2017,410,4,0.19314870734431544,pass
BERT_base&Llama_3_8B,iconicity_winter2017,410,5,0.1822292362502721,pass
BERT_base&EEG_speech,iconicity_winter2017,410,1,0.1771082177544635,pass
BERT_base&EEG_speech,iconicity_winter2017,410,2,0.09904757541876696,pass
BERT_base&EEG_speech,iconicity_winter2017,410,3,-0.014362462912567597,pass
BERT_base&EEG_speech,iconicity_winter2017,410,4,0.16613977795270163,pass
BERT_base&EEG_speech,iconicity_winter2017,410,5,0.2588329728662394,pass
Llama_3_8B&EEG_speech,iconicity_winter2017,410,1,0.1827629900369716,pass
Llama_3_8B&EEG_speech,iconicity_winter2017,410,2,0.048260160219930626,pass
Llama_3_8B&EEG_speech,iconicity_winter2017,410,3,-0.03474084481106221,pass
Llama_3_8B&EEG_speech,iconicity_winter2017,410,4,0.16743923526230975,pass
Llama_3_8B&EEG_speech,iconicity_winter2017,410,5,0.1343104346752474,pass
BERT_base&Llama_3_8B,living_vanarsdall,126,1,0.7810380013275694,pass
BERT_base&Llama_3_8B,living_vanarsdall,126,2,0.8024709183486639,pass
BERT_base&Llama_3_8B,living_vanarsdall,126,3,0.7931757872380119,pass
BERT_base&Llama_3_8B,living_vanarsdall,126,4,0.7633577432899117,pass
BERT_base&Llama_3_8B,living_vanarsdall,126,5,0.7718777136711549,pass
BERT_base&EEG_speech,living_vanarsdall,126,1,0.6834994405809701,pass
BERT_base&EEG_speech,living_vanarsdall,126,2,0.7475426195288533,pass
BERT_base&EEG_speech,living_vanarsdall,126,3,0.7961519968389945,pass
BERT_base&EEG_speech,living_vanarsdall,126,4,0.7227309233434972,pass
BERT_base&EEG_speech,living_vanarsdall,126,5,0.7206584735488254,pass
Llama_3_8B&EEG_speech,living_vanarsdall,126,1,0.7915176557588345,pass
Llama_3_8B&EEG_speech,living_vanarsdall,126,2,0.772648490318035,pass
Llama_3_8B&EEG_speech,living_vanarsdall,126,3,0.7501182275664585,pass
Llama_3_8B&EEG_speech,living_vanarsdall,126,4,0.7492130869420548,pass
Llama_3_8B&EEG_speech,living_vanarsdall,126,5,0.7263222662932166,pass
BERT_base&Llama_3_8B,thought_vanarsdall,126,1,0.7916050307318062,pass
BERT_base&Llama_3_8B,thought_vanarsdall,126,2,0.8893580170172694,pass
BERT_base&Llama_3_8B,thought_vanarsdall,126,3,0.8415918644522007,pass
BERT_base&Llama_3_8B,thought_vanarsdall,126,4,0.8314151731027302,pass
BERT_base&Llama_3_8B,thought_vanarsdall,126,5,0.7489038631452971,pass
BERT_base&EEG_speech,thought_vanarsdall,126,1,0.6882621514198018,pass
BERT_base&EEG_speech,thought_vanarsdall,126,2,0.8219433323504318,pass
BERT_base&EEG_speech,thought_vanarsdall,126,3,0.8755148602817266,pass
BERT_base&EEG_speech,thought_vanarsdall,126,4,0.7690014059496866,pass
BERT_base&EEG_speech,thought_vanarsdall,126,5,0.7306896341013771,pass
Llama_3_8B&EEG_speech,thought_vanarsdall,126,1,0.7752986953023805,pass
Llama_3_8B&EEG_speech,thought_vanarsdall,126,2,0.862121759298785,pass
Llama_3_8B&EEG_speech,thought_vanarsdall,126,3,0.821898545277848,pass
Llama_3_8B&EEG_speech,thought_vanarsdall,126,4,0.7977461636017315,pass
Llama_3_8B&EEG_speech,thought_vanarsdall,126,5,0.6639595802085475,pass
BERT_base&Llama_3_8B,reproduction_vanarsdall,126,1,0.6214440547481235,pass
BERT_base&Llama_3_8B,reproduction_vanarsdall,126,2,0.8324329023410102,pass
BERT_base&Llama_3_8B,reproduction_vanarsdall,126,3,0.7971442529151502,pass
BERT_base&Llama_3_8B,reproduction_vanarsdall,126,4,0.7688733391492882,pass
BERT_base&Llama_3_8B,reproduction_vanarsdall,126,5,0.8264716706687086,pass
BERT_base&EEG_speech,reproduction_vanarsdall,126,1,0.45985573009624714,pass
BERT_base&EEG_speech,reproduction_vanarsdall,126,2,0.7691846644962907,pass
BERT_base&EEG_speech,reproduction_vanarsdall,126,3,0.7792100993231792,pass
BERT_base&EEG_speech,reproduction_vanarsdall,126,4,0.6881177890263981,pass
BERT_base&EEG_speech,reproduction_vanarsdall,126,5,0.746902433338076,pass
Llama_3_8B&EEG_speech,reproduction_vanarsdall,126,1,0.6166487916165877,pass
Llama_3_8B&EEG_speech,reproduction_vanarsdall,126,2,0.830468685806313,pass
Llama_3_8B&EEG_speech,reproduction_vanarsdall,126,3,0.7369538338003971,pass
Llama_3_8B&EEG_speech,reproduction_vanarsdall,126,4,0.7326226958964608,pass
Llama_3_8B&EEG_speech,reproduction_vanarsdall,126,5,0.7993246981008425,pass
BERT_base&Llama_3_8B,person_vanarsdall,126,1,0.79634067197502,pass
BERT_base&Llama_3_8B,person_vanarsdall,126,2,0.8298829598885613,pass
BERT_base&Llama_3_8B,person_vanarsdall,126,3,0.8898735487891837,pass
BERT_base&Llama_3_8B,person_vanarsdall,126,4,0.8141878111066284,pass
BERT_base&Llama_3_8B,person_vanarsdall,126,5,0.7582256580072053,pass
BERT_base&EEG_speech,person_vanarsdall,126,1,0.7666262396248436,pass
BERT_base&EEG_speech,person_vanarsdall,126,2,0.7405608488226341,pass
BERT_base&EEG_speech,person_vanarsdall,126,3,0.8653913306349901,pass
BERT_base&EEG_speech,person_vanarsdall,126,4,0.743466753666999,pass
BERT_base&EEG_speech,person_vanarsdall,126,5,0.6517951876691984,pass
Llama_3_8B&EEG_speech,person_vanarsdall,126,1,0.7621296372843542,pass
Llama_3_8B&EEG_speech,person_vanarsdall,126,2,0.8110173970305028,pass
Llama_3_8B&EEG_speech,person_vanarsdall,126,3,0.8883791660724608,pass
Llama_3_8B&EEG_speech,person_vanarsdall,126,4,0.7960166293941596,pass
Llama_3_8B&EEG_speech,person_vanarsdall,126,5,0.7161005040595121,pass
BERT_base&Llama_3_8B,goals_vanarsdall,126,1,0.7659245144729092,pass
BERT_base&Llama_3_8B,goals_vanarsdall,126,2,0.8616115076229884,pass
BERT_base&Llama_3_8B,goals_vanarsdall,126,3,0.7849114471351804,pass
BERT_base&Llama_3_8B,goals_vanarsdall,126,4,0.77570523192463,pass
BERT_base&Llama_3_8B,goals_vanarsdall,126,5,0.7209351137370277,pass
BERT_base&EEG_speech,goals_vanarsdall,126,1,0.5924180113276172,pass
BERT_base&EEG_speech,goals_vanarsdall,126,2,0.7984790480432419,pass
BERT_base&EEG_speech,goals_vanarsdall,126,3,0.8050593690029875,pass
BERT_base&EEG_speech,goals_vanarsdall,126,4,0.785837101515203,pass
BERT_base&EEG_speech,goals_vanarsdall,126,5,0.7388952990557218,pass
Llama_3_8B&EEG_speech,goals_vanarsdall,126,1,0.7443267048928199,pass
Llama_3_8B&EEG_speech,goals_vanarsdall,126,2,0.8686537788707801,pass
Llama_3_8B&EEG_speech,goals_vanarsdall,126,3,0.7654046430463698,pass
Llama_3_8B&EEG_speech,goals_vanarsdall,126,4,0.7587387098443552,pass
Llama_3_8B&EEG_speech,goals_vanarsdall,126,5,0.701002140637998,pass
BERT_base&Llama_3_8B,movement_vanarsdall,126,1,0.4622622131641012,pass
BERT_base&Llama_3_8B,movement_vanarsdall,126,2,0.5674861864005003,pass
BERT_base&Llama_3_8B,movement_vanarsdall,126,3,0.5937572524484565,pass
BERT_base&Llama_3_8B,movement_vanarsdall,126,4,0.4942325469512703,pass
BERT_base&Llama_3_8B,movement_vanarsdall,126,5,0.5444994787114688,pass
BERT_base&EEG_speech,movement_vanarsdall,126,1,0.2706951431652771,pass
BERT_base&EEG_speech,movement_vanarsdall,126,2,0.5182307213271635,pass
BERT_base&EEG_speech,movement_vanarsdall,126,3,0.5523374638715663,pass
BERT_base&EEG_speech,movement_vanarsdall,126,4,0.462375604438379,pass
BERT_base&EEG_speech,movement_vanarsdall,126,5,0.5959089125790846,pass
Llama_3_8B&EEG_speech,movement_vanarsdall,126,1,0.5082891937503284,pass
Llama_3_8B&EEG_speech,movement_vanarsdall,126,2,0.5684450688635558,pass
Llama_3_8B&EEG_speech,movement_vanarsdall,126,3,0.5841276900003345,pass
Llama_3_8B&EEG_speech,movement_vanarsdall,126,4,0.46407224427035354,pass
Llama_3_8B&EEG_speech,movement_vanarsdall,126,5,0.5084702226902349,pass
BERT_base&Llama_3_8B,concreteness_vanarsdall,126,1,0.3624132317007781,pass
BERT_base&Llama_3_8B,concreteness_vanarsdall,126,2,0.2285351918161761,pass
BERT_base&Llama_3_8B,concreteness_vanarsdall,126,3,0.32686232702389084,pass
BERT_base&Llama_3_8B,concreteness_vanarsdall,126,4,0.14300533307623253,pass
BERT_base&Llama_3_8B,concreteness_vanarsdall,126,5,0.4247003909589153,pass
BERT_base&EEG_speech,concreteness_vanarsdall,126,1,0.3880562585393925,pass
BERT_base&EEG_speech,concreteness_vanarsdall,126,2,0.19269025948795737,pass
BERT_base&EEG_speech,concreteness_vanarsdall,126,3,0.2508591192135984,pass
BERT_base&EEG_speech,concreteness_vanarsdall,126,4,0.2431914977227747,pass
BERT_base&EEG_speech,concreteness_vanarsdall,126,5,0.23779760805729533,pass
Llama_3_8B&EEG_speech,concreteness_vanarsdall,126,1,0.2838706295755945,pass
Llama_3_8B&EEG_speech,concreteness_vanarsdall,126,2,0.2552466627121105,pass
Llama_3_8B&EEG_speech,concreteness_vanarsdall,126,3,0.3261344006394754,pass
Llama_3_8B&EEG_speech,concreteness_vanarsdall,126,4,0.07450258967887458,pass
Llama_3_8B&EEG_speech,concreteness_vanarsdall,126,5,0.43919643616283555,pass
BERT_base&Llama_3_8B,familiarity_vanarsdall,126,1,0.28698291953157906,pass
BERT_base&Llama_3_8B,familiarity_vanarsdall,126,2,0.2524830934230714,pass
BERT_base&Llama_3_8B,familiarity_vanarsdall,126,3,0.25636548986548824,pass
BERT_base&Llama_3_8B,familiarity_vanarsdall,126,4,0.08952010773502428,pass
BERT_base&Llama_3_8B,familiarity_vanarsdall,126,5,0.02948483100117172,pass
BERT_base&EEG_speech,familiarity_vanarsdall,126,1,0.2746876246880252,pass
BERT_base&EEG_speech,familiarity_vanarsdall,126,2,0.2746899577579107,pass
BERT_base&EEG_speech,familiarity_vanarsdall,126,3,0.3538351401136899,pass
BERT_base&EEG_speech,familiarity_vanarsdall,126,4,0.24068377813457942,pass
BERT_base&EEG_speech,familiarity_vanarsdall,126,5,-0.05434931565687462,pass
Llama_3_8B&EEG_speech,familiarity_vanarsdall,126,1,0.23321367051161135,pass
Llama_3_8B&EEG_speech,familiarity_vanarsdall,126,2,0.21633630664239933,pass
Llama_3_8B&EEG_speech,familiarity_vanarsdall,126,3,0.2700792131889125,pass
Llama_3_8B&EEG_speech,familiarity_vanarsdall,126,4,0.11318619054420642,pass
Llama_3_8B&EEG_speech,familiarity_vanarsdall,126,5,-0.0838115580886154,pass
BERT_base&Llama_3_8B,imageability_vanarsdall,126,1,0.20045587468649817,pass
BERT_base&Llama_3_8B,imageability_vanarsdall,126,2,-0.022137667277274398,pass
BERT_base&Llama_3_8B,imageability_vanarsdall,126,3,0.3578627632190604,pass
BERT_base&Llama_3_8B,imageability_vanarsdall,126,4,0.3552267032474763,pass
BERT_base&Llama_3_8B,imageability_vanarsdall,126,5,0.2226226659599727,pass
BERT_base&EEG_speech,imageability_vanarsdall,126,1,0.33772508490008224,pass
BERT_base&EEG_speech,imageability_vanarsdall,126,2,0.26081893183433613,pass
BERT_base&EEG_speech,imageability_vanarsdall,126,3,0.3063374289267976,pass
BERT_base&EEG_speech,imageability_vanarsdall,126,4,0.2964121493885772,pass
BERT_base&EEG_speech,imageability_vanarsdall,126,5,-0.06132729501233314,pass
Llama_3_8B&EEG_speech,imageability_vanarsdall,126,1,0.10151160116479407,pass
Llama_3_8B&EEG_speech,imageability_vanarsdall,126,2,0.08445165553779543,pass
Llama_3_8B&EEG_speech,imageability_vanarsdall,126,3,0.34786881504070677,pass
Llama_3_8B&EEG_speech,imageability_vanarsdall,126,4,0.2572612548006088,pass
Llama_3_8B&EEG_speech,imageability_vanarsdall,126,5,0.2001322322621676,pass
BERT_base&Llama_3_8B,familiarity_fear,101,1,0.3759091368083991,pass
BERT_base&Llama_3_8B,familiarity_fear,101,2,0.5388923086380457,pass
BERT_base&Llama_3_8B,familiarity_fear,101,3,0.3590265216596503,pass
BERT_base&Llama_3_8B,familiarity_fear,101,4,0.4951777425143019,pass
BERT_base&Llama_3_8B,familiarity_fear,101,5,0.34958762363868845,pass
BERT_base&EEG_speech,familiarity_fear,101,1,0.5242108294149117,pass
BERT_base&EEG_speech,familiarity_fear,101,2,0.5173425828962276,pass
BERT_base&EEG_speech,familiarity_fear,101,3,0.5479643804317633,pass
BERT_base&EEG_speech,familiarity_fear,101,4,0.4520399156204242,pass
BERT_base&EEG_speech,familiarity_fear,101,5,0.4093810599655793,pass
Llama_3_8B&EEG_speech,familiarity_fear,101,1,0.2522259875859184,pass
Llama_3_8B&EEG_speech,familiarity_fear,101,2,0.4604683600394047,pass
Llama_3_8B&EEG_speech,familiarity_fear,101,3,0.25886201590334335,pass
Llama_3_8B&EEG_speech,familiarity_fear,101,4,0.39314734369863436,pass
Llama_3_8B&EEG_speech,familiarity_fear,101,5,0.2578035328589443,pass
BERT_base&Llama_3_8B,aoa_fear,101,1,0.2529668484692196,pass
BERT_base&Llama_3_8B,aoa_fear,101,2,0.19242522626440794,pass
BERT_base&Llama_3_8B,aoa_fear,101,3,0.42513746925460116,pass
BERT_base&Llama_3_8B,aoa_fear,101,4,0.11317643058726956,pass
BERT_base&Llama_3_8B,aoa_fear,101,5,0.4665423252620834,pass
BERT_base&EEG_speech,aoa_fear,101,1,0.17964261194253783,pass
BERT_base&EEG_speech,aoa_fear,101,2,0.16990750456388914,pass
BERT_base&EEG_speech,aoa_fear,101,3,0.2921508421888721,pass
BERT_base&EEG_speech,aoa_fear,101,4,-0.5415501850256284,pass
BERT_base&EEG_speech,aoa_fear,101,5,0.2557481314648894,pass
Llama_3_8B&EEG_speech,aoa_fear,101,1,0.25204661203284884,pass
Llama_3_8B&EEG_speech,aoa_fear,101,2,0.1503261618834153,pass
Llama_3_8B&EEG_speech,aoa_fear,101,3,0.4116210314885884,pass
Llama_3_8B&EEG_speech,aoa_fear,101,4,0.18927093883114288,pass
Llama_3_8B&EEG_speech,aoa_fear,101,5,0.3707230252735868,pass
BERT_base&Llama_3_8B,imageability_fear,101,1,0.34677349862445683,pass
BERT_base&Llama_3_8B,imageability_fear,101,2,0.45436628532139434,pass
BERT_base&Llama_3_8B,imageability_fear,101,3,0.671030104497207,pass
BERT_base&Llama_3_8B,imageability_fear,101,4,0.610013219779154,pass
BERT_base&Llama_3_8B,imageability_fear,101,5,0.5420106251576173,pass
BERT_base&EEG_speech,imageability_fear,101,1,0.23546250744907848,pass
BERT_base&EEG_speech,imageability_fear,101,2,0.3685964325581168,pass
BERT_base&EEG_speech,imageability_fear,101,3,0.5577565134631542,pass
BERT_base&EEG_speech,imageability_fear,101,4,0.44962615316352883,pass
BERT_base&EEG_speech,imageability_fear,101,5,0.3619435123791842,pass
Llama_3_8B&EEG_speech,imageability_fear,101,1,0.2674985865556828,pass
Llama_3_8B&EEG_speech,imageability_fear,101,2,0.4289179423258854,pass
Llama_3_8B&EEG_speech,imageability_fear,101,3,0.6098441126981198,pass
Llama_3_8B&EEG_speech,imageability_fear,101,4,0.5757787603010416,pass
Llama_3_8B&EEG_speech,imageability_fear,101,5,0.4317016291535376,pass
BERT_base&Llama_3_8B,sensory_experience_juhasz2013,638,1,0.5323282040460472,pass
BERT_base&Llama_3_8B,sensory_experience_juhasz2013,638,2,0.49220200035167494,pass
BERT_base&Llama_3_8B,sensory_experience_juhasz2013,638,3,0.4463876533501543,pass
BERT_base&Llama_3_8B,sensory_experience_juhasz2013,638,4,0.42009326117470214,pass
BERT_base&Llama_3_8B,sensory_experience_juhasz2013,638,5,0.5872783578163241,pass
BERT_base&EEG_speech,sensory_experience_juhasz2013,638,1,0.5571423934402797,pass
BERT_base&EEG_speech,sensory_experience_juhasz2013,638,2,0.5223472589567124,pass
BERT_base&EEG_speech,sensory_experience_juhasz2013,638,3,0.47133143224258445,pass
BERT_base&EEG_speech,sensory_experience_juhasz2013,638,4,0.37108387304798185,pass
BERT_base&EEG_speech,sensory_experience_juhasz2013,638,5,0.6129162804261696,pass
Llama_3_8B&EEG_speech,sensory_experience_juhasz2013,638,1,0.47263731579809465,pass
Llama_3_8B&EEG_speech,sensory_experience_juhasz2013,638,2,0.46292839814857134,pass
Llama_3_8B&EEG_speech,sensory_experience_juhasz2013,638,3,0.42349512676547774,pass
Llama_3_8B&EEG_speech,sensory_experience_juhasz2013,638,4,0.3365121633411903,pass
Llama_3_8B&EEG_speech,sensory_experience_juhasz2013,638,5,0.5546182045819128,pass
