embed,norm,train_n,fold,r2,check
BERT_base&CBOW_GoogleNews,frequency_lund,5815,1,0.8356336762475804,pass
BERT_base&CBOW_GoogleNews,frequency_lund,5815,2,0.8155482272253707,pass
BERT_base&CBOW_GoogleNews,frequency_lund,5815,3,0.8402739106654201,pass
BERT_base&CBOW_GoogleNews,frequency_lund,5815,4,0.8389876519651984,pass
BERT_base&CBOW_GoogleNews,frequency_lund,5815,5,0.8386005632753727,pass
BERT_base&CBOW_GoogleNews,frequency_kucera,5273,1,0.7781764507828577,pass
BERT_base&CBOW_GoogleNews,frequency_kucera,5273,2,0.7495747277277442,pass
BERT_base&CBOW_GoogleNews,frequency_kucera,5273,3,0.7841872213656711,pass
BERT_base&CBOW_GoogleNews,frequency_kucera,5273,4,0.7751432856306638,pass
BERT_base&CBOW_GoogleNews,frequency_kucera,5273,5,0.7927493926175677,pass
BERT_base&CBOW_GoogleNews,frequency_subtlexus,5852,1,0.8363108821454714,pass
BERT_base&CBOW_GoogleNews,frequency_subtlexus,5852,2,0.8238239947240549,pass
BERT_base&CBOW_GoogleNews,frequency_subtlexus,5852,3,0.8517983473580013,pass
BERT_base&CBOW_GoogleNews,frequency_subtlexus,5852,4,0.8285857218936759,pass
BERT_base&CBOW_GoogleNews,frequency_subtlexus,5852,5,0.8438196470958506,pass
BERT_base&CBOW_GoogleNews,frequency_subtlexuk,5840,1,0.7839818449203235,pass
BERT_base&CBOW_GoogleNews,frequency_subtlexuk,5840,2,0.7864497772249825,pass
BERT_base&CBOW_GoogleNews,frequency_subtlexuk,5840,3,0.8283206594935151,pass
BERT_base&CBOW_GoogleNews,frequency_subtlexuk,5840,4,0.8018323361383678,pass
BERT_base&CBOW_GoogleNews,frequency_subtlexuk,5840,5,0.8284432829469158,pass
BERT_base&CBOW_GoogleNews,frequency_blog_gimenes,5852,1,0.8592426422789795,pass
BERT_base&CBOW_GoogleNews,frequency_blog_gimenes,5852,2,0.8452482046000523,pass
BERT_base&CBOW_GoogleNews,frequency_blog_gimenes,5852,3,0.865497709948045,pass
BERT_base&CBOW_GoogleNews,frequency_blog_gimenes,5852,4,0.8483588375575545,pass
BERT_base&CBOW_GoogleNews,frequency_blog_gimenes,5852,5,0.8601697375781735,pass
BERT_base&CBOW_GoogleNews,frequency_twitter_gimenes,5852,1,0.8432227167975047,pass
BERT_base&CBOW_GoogleNews,frequency_twitter_gimenes,5852,2,0.8236008889687094,pass
BERT_base&CBOW_GoogleNews,frequency_twitter_gimenes,5852,3,0.8494284979474952,pass
BERT_base&CBOW_GoogleNews,frequency_twitter_gimenes,5852,4,0.8391827758127403,pass
BERT_base&CBOW_GoogleNews,frequency_twitter_gimenes,5852,5,0.845327393474489,pass
BERT_base&CBOW_GoogleNews,frequency_news_gimenes,5852,1,0.8673410094233771,pass
BERT_base&CBOW_GoogleNews,frequency_news_gimenes,5852,2,0.8536199158252145,pass
BERT_base&CBOW_GoogleNews,frequency_news_gimenes,5852,3,0.8695053418020346,pass
BERT_base&CBOW_GoogleNews,frequency_news_gimenes,5852,4,0.8747187138090582,pass
BERT_base&CBOW_GoogleNews,frequency_news_gimenes,5852,5,0.8626893302102596,pass
BERT_base&CBOW_GoogleNews,frequency_written_cobuild,5764,1,0.5910748160433613,pass
BERT_base&CBOW_GoogleNews,frequency_written_cobuild,5764,2,0.601983499013671,pass
BERT_base&CBOW_GoogleNews,frequency_written_cobuild,5764,3,0.6091859316867364,pass
BERT_base&CBOW_GoogleNews,frequency_written_cobuild,5764,4,0.5785501775072563,pass
BERT_base&CBOW_GoogleNews,frequency_written_cobuild,5764,5,0.6425951729295527,pass
BERT_base&CBOW_GoogleNews,frequency_spoken_cobuild,5764,1,0.6029588818472156,pass
BERT_base&CBOW_GoogleNews,frequency_spoken_cobuild,5764,2,0.6155184037615185,pass
BERT_base&CBOW_GoogleNews,frequency_spoken_cobuild,5764,3,0.6102915537512662,pass
BERT_base&CBOW_GoogleNews,frequency_spoken_cobuild,5764,4,0.605689445181471,pass
BERT_base&CBOW_GoogleNews,frequency_spoken_cobuild,5764,5,0.6485673786442676,pass
BERT_base&CBOW_GoogleNews,context_diversity_subtlexus,5852,1,0.8427019196766767,pass
BERT_base&CBOW_GoogleNews,context_diversity_subtlexus,5852,2,0.8235617315497716,pass
BERT_base&CBOW_GoogleNews,context_diversity_subtlexus,5852,3,0.8465115814447167,pass
BERT_base&CBOW_GoogleNews,context_diversity_subtlexus,5852,4,0.8331295269861714,pass
BERT_base&CBOW_GoogleNews,context_diversity_subtlexus,5852,5,0.8442615720892255,pass
BERT_base&CBOW_GoogleNews,context_diversity_subtlexuk,5840,1,0.7938203633389972,pass
BERT_base&CBOW_GoogleNews,context_diversity_subtlexuk,5840,2,0.7931643897532361,pass
BERT_base&CBOW_GoogleNews,context_diversity_subtlexuk,5840,3,0.8328959698867706,pass
BERT_base&CBOW_GoogleNews,context_diversity_subtlexuk,5840,4,0.8121310804491874,pass
BERT_base&CBOW_GoogleNews,context_diversity_subtlexuk,5840,5,0.8354123209666714,pass
BERT_base&CBOW_GoogleNews,context_diversity_blog_gimenes,5852,1,0.861018922704784,pass
BERT_base&CBOW_GoogleNews,context_diversity_blog_gimenes,5852,2,0.8500383494878715,pass
BERT_base&CBOW_GoogleNews,context_diversity_blog_gimenes,5852,3,0.8706773427178114,pass
BERT_base&CBOW_GoogleNews,context_diversity_blog_gimenes,5852,4,0.8527075177770073,pass
BERT_base&CBOW_GoogleNews,context_diversity_blog_gimenes,5852,5,0.8655311265733447,pass
BERT_base&CBOW_GoogleNews,context_diversity_twitter_gimenes,5852,1,0.8442956921603647,pass
BERT_base&CBOW_GoogleNews,context_diversity_twitter_gimenes,5852,2,0.8246407093991177,pass
BERT_base&CBOW_GoogleNews,context_diversity_twitter_gimenes,5852,3,0.8504603284474181,pass
BERT_base&CBOW_GoogleNews,context_diversity_twitter_gimenes,5852,4,0.8396912617896654,pass
BERT_base&CBOW_GoogleNews,context_diversity_twitter_gimenes,5852,5,0.8459408069065734,pass
BERT_base&CBOW_GoogleNews,context_diversity_news_gimenes,5852,1,0.8695519368649299,pass
BERT_base&CBOW_GoogleNews,context_diversity_news_gimenes,5852,2,0.8557477981816096,pass
BERT_base&CBOW_GoogleNews,context_diversity_news_gimenes,5852,3,0.8719309566130204,pass
BERT_base&CBOW_GoogleNews,context_diversity_news_gimenes,5852,4,0.8766244976188543,pass
BERT_base&CBOW_GoogleNews,context_diversity_news_gimenes,5852,5,0.8655603657776078,pass
BERT_base&CBOW_GoogleNews,familiarity_glasgow,2762,1,0.6245071611546136,pass
BERT_base&CBOW_GoogleNews,familiarity_glasgow,2762,2,0.5850780499828288,pass
BERT_base&CBOW_GoogleNews,familiarity_glasgow,2762,3,0.6021148656846703,pass
BERT_base&CBOW_GoogleNews,familiarity_glasgow,2762,4,0.5568985915539582,pass
BERT_base&CBOW_GoogleNews,familiarity_glasgow,2762,5,0.6289334820558858,pass
BERT_base&CBOW_GoogleNews,familiarity_brysbaert,5832,1,0.10460589678761778,pass
BERT_base&CBOW_GoogleNews,familiarity_brysbaert,5832,2,0.10989488511215528,pass
BERT_base&CBOW_GoogleNews,familiarity_brysbaert,5832,3,0.12327287126930786,pass
BERT_base&CBOW_GoogleNews,familiarity_brysbaert,5832,4,0.10528726215602247,pass
BERT_base&CBOW_GoogleNews,familiarity_brysbaert,5832,5,0.09503458331237624,pass
BERT_base&CBOW_GoogleNews,prevalence_brysbaert,5845,1,0.25156361882094447,pass
BERT_base&CBOW_GoogleNews,prevalence_brysbaert,5845,2,0.2719987360698194,pass
BERT_base&CBOW_GoogleNews,prevalence_brysbaert,5845,3,0.2539956909521781,pass
BERT_base&CBOW_GoogleNews,prevalence_brysbaert,5845,4,0.2820469597129186,pass
BERT_base&CBOW_GoogleNews,prevalence_brysbaert,5845,5,0.2409263778322659,pass
BERT_base&CBOW_GoogleNews,aoa_kuperman,5742,1,0.6801343393159074,pass
BERT_base&CBOW_GoogleNews,aoa_kuperman,5742,2,0.6665047799136024,pass
BERT_base&CBOW_GoogleNews,aoa_kuperman,5742,3,0.7074978297525032,pass
BERT_base&CBOW_GoogleNews,aoa_kuperman,5742,4,0.6725156672263979,pass
BERT_base&CBOW_GoogleNews,aoa_kuperman,5742,5,0.6634175535059804,pass
BERT_base&CBOW_GoogleNews,aoa_brysbaert,5533,1,0.7266589682378621,pass
BERT_base&CBOW_GoogleNews,aoa_brysbaert,5533,2,0.7209649092987933,pass
BERT_base&CBOW_GoogleNews,aoa_brysbaert,5533,3,0.7419774008901019,pass
BERT_base&CBOW_GoogleNews,aoa_brysbaert,5533,4,0.7178256573146646,pass
BERT_base&CBOW_GoogleNews,aoa_brysbaert,5533,5,0.7136598946083788,pass
BERT_base&CBOW_GoogleNews,aoa_glasgow,2762,1,0.7057298695518164,pass
BERT_base&CBOW_GoogleNews,aoa_glasgow,2762,2,0.7309261833787225,pass
BERT_base&CBOW_GoogleNews,aoa_glasgow,2762,3,0.7004295588273358,pass
BERT_base&CBOW_GoogleNews,aoa_glasgow,2762,4,0.7121108897222206,pass
BERT_base&CBOW_GoogleNews,aoa_glasgow,2762,5,0.7204576471038938,pass
BERT_base&CBOW_GoogleNews,frequency_trajectory_brysbaert,4892,1,0.7639007399203054,pass
BERT_base&CBOW_GoogleNews,frequency_trajectory_brysbaert,4892,2,0.7778788691539262,pass
BERT_base&CBOW_GoogleNews,frequency_trajectory_brysbaert,4892,3,0.7646602554790108,pass
BERT_base&CBOW_GoogleNews,frequency_trajectory_brysbaert,4892,4,0.773269713888402,pass
BERT_base&CBOW_GoogleNews,frequency_trajectory_brysbaert,4892,5,0.7479284520368972,pass
BERT_base&CBOW_GoogleNews,pos_brysbaert,5788,1,0.8089442671868741,pass
BERT_base&CBOW_GoogleNews,pos_brysbaert,5788,2,0.7897345635939212,pass
BERT_base&CBOW_GoogleNews,pos_brysbaert,5788,3,0.7882662923637642,pass
BERT_base&CBOW_GoogleNews,pos_brysbaert,5788,4,0.7955168566197276,pass
BERT_base&CBOW_GoogleNews,pos_brysbaert,5788,5,0.7730551987129997,pass
BERT_base&CBOW_GoogleNews,pos_vanheuven,5787,1,0.6771073808706323,pass
BERT_base&CBOW_GoogleNews,pos_vanheuven,5787,2,0.7014562054419382,pass
BERT_base&CBOW_GoogleNews,pos_vanheuven,5787,3,0.6606780476484422,pass
BERT_base&CBOW_GoogleNews,pos_vanheuven,5787,4,0.6991951949059381,pass
BERT_base&CBOW_GoogleNews,pos_vanheuven,5787,5,0.6559193015222451,pass
BERT_base&CBOW_GoogleNews,concreteness_brysbaert,5832,1,0.8416229259786341,pass
BERT_base&CBOW_GoogleNews,concreteness_brysbaert,5832,2,0.821617982565055,pass
BERT_base&CBOW_GoogleNews,concreteness_brysbaert,5832,3,0.8430239654270657,pass
BERT_base&CBOW_GoogleNews,concreteness_brysbaert,5832,4,0.8376114901937577,pass
BERT_base&CBOW_GoogleNews,concreteness_brysbaert,5832,5,0.8220881967896646,pass
BERT_base&CBOW_GoogleNews,concreteness_glasgow,2762,1,0.8615203689534892,pass
BERT_base&CBOW_GoogleNews,concreteness_glasgow,2762,2,0.8384154356825272,pass
BERT_base&CBOW_GoogleNews,concreteness_glasgow,2762,3,0.852560859943081,pass
BERT_base&CBOW_GoogleNews,concreteness_glasgow,2762,4,0.8494295946165433,pass
BERT_base&CBOW_GoogleNews,concreteness_glasgow,2762,5,0.8254222380201286,pass
BERT_base&CBOW_GoogleNews,imageability_glasgow,2762,1,0.8014739398369964,pass
BERT_base&CBOW_GoogleNews,imageability_glasgow,2762,2,0.7786495601729244,pass
BERT_base&CBOW_GoogleNews,imageability_glasgow,2762,3,0.7829020000101719,pass
BERT_base&CBOW_GoogleNews,imageability_glasgow,2762,4,0.7968110631498785,pass
BERT_base&CBOW_GoogleNews,imageability_glasgow,2762,5,0.753966114121057,pass
BERT_base&CBOW_GoogleNews,n_senses_wordnet_miller,5803,1,0.46422666633573817,pass
BERT_base&CBOW_GoogleNews,n_senses_wordnet_miller,5803,2,0.5065394558127665,pass
BERT_base&CBOW_GoogleNews,n_senses_wordnet_miller,5803,3,0.4478564738804106,pass
BERT_base&CBOW_GoogleNews,n_senses_wordnet_miller,5803,4,0.4902850180820598,pass
BERT_base&CBOW_GoogleNews,n_senses_wordnet_miller,5803,5,0.47845901666658863,pass
BERT_base&CBOW_GoogleNews,n_senses_wordsmyth_rice,365,1,0.3409543857536321,pass
BERT_base&CBOW_GoogleNews,n_senses_wordsmyth_rice,365,2,0.14725457683073373,pass
BERT_base&CBOW_GoogleNews,n_senses_wordsmyth_rice,365,3,0.2673846990723677,pass
BERT_base&CBOW_GoogleNews,n_senses_wordsmyth_rice,365,4,0.2841554225438876,pass
BERT_base&CBOW_GoogleNews,n_senses_wordsmyth_rice,365,5,0.32275916543169314,pass
BERT_base&CBOW_GoogleNews,n_meanings_wordsmyth_rice,365,1,-0.02023828287732532,pass
BERT_base&CBOW_GoogleNews,n_meanings_wordsmyth_rice,365,2,-0.008382968993260409,pass
BERT_base&CBOW_GoogleNews,n_meanings_wordsmyth_rice,365,3,-0.07463379793177394,pass
BERT_base&CBOW_GoogleNews,n_meanings_wordsmyth_rice,365,4,-0.012021678278065773,pass
BERT_base&CBOW_GoogleNews,n_meanings_wordsmyth_rice,365,5,-0.03441698087213463,pass
BERT_base&CBOW_GoogleNews,n_meanings_websters_gao,5596,1,0.30010440327483123,pass
BERT_base&CBOW_GoogleNews,n_meanings_websters_gao,5596,2,0.2988452220379636,pass
BERT_base&CBOW_GoogleNews,n_meanings_websters_gao,5596,3,0.2925722803377545,pass
BERT_base&CBOW_GoogleNews,n_meanings_websters_gao,5596,4,0.3271696572609232,pass
BERT_base&CBOW_GoogleNews,n_meanings_websters_gao,5596,5,0.35642914429451034,pass
BERT_base&CBOW_GoogleNews,n_features_buchanan,2787,1,0.23520149779256172,pass
BERT_base&CBOW_GoogleNews,n_features_buchanan,2787,2,0.184738312193092,pass
BERT_base&CBOW_GoogleNews,n_features_buchanan,2787,3,0.22326389785137457,pass
BERT_base&CBOW_GoogleNews,n_features_buchanan,2787,4,0.22332687673291873,pass
BERT_base&CBOW_GoogleNews,n_features_buchanan,2787,5,0.18296002271026623,pass
BERT_base&CBOW_GoogleNews,visual_lancaster,5828,1,0.5391480510303394,pass
BERT_base&CBOW_GoogleNews,visual_lancaster,5828,2,0.48447907649783695,pass
BERT_base&CBOW_GoogleNews,visual_lancaster,5828,3,0.5513687893197838,pass
BERT_base&CBOW_GoogleNews,visual_lancaster,5828,4,0.5365775030428981,pass
BERT_base&CBOW_GoogleNews,visual_lancaster,5828,5,0.52081935821138,pass
BERT_base&CBOW_GoogleNews,auditory_lancaster,5828,1,0.6343305486681201,pass
BERT_base&CBOW_GoogleNews,auditory_lancaster,5828,2,0.5636884801009978,pass
BERT_base&CBOW_GoogleNews,auditory_lancaster,5828,3,0.6254061355759647,pass
BERT_base&CBOW_GoogleNews,auditory_lancaster,5828,4,0.6283946878394315,pass
BERT_base&CBOW_GoogleNews,auditory_lancaster,5828,5,0.616174514935079,pass
BERT_base&CBOW_GoogleNews,haptic_lancaster,5828,1,0.6288857145283375,pass
BERT_base&CBOW_GoogleNews,haptic_lancaster,5828,2,0.5987599879044809,pass
BERT_base&CBOW_GoogleNews,haptic_lancaster,5828,3,0.6331065289998659,pass
BERT_base&CBOW_GoogleNews,haptic_lancaster,5828,4,0.6357841662836725,pass
BERT_base&CBOW_GoogleNews,haptic_lancaster,5828,5,0.6379277766748516,pass
BERT_base&CBOW_GoogleNews,olfactory_lancaster,5828,1,0.638252328408428,pass
BERT_base&CBOW_GoogleNews,olfactory_lancaster,5828,2,0.5759263341330523,pass
BERT_base&CBOW_GoogleNews,olfactory_lancaster,5828,3,0.565117581078282,pass
BERT_base&CBOW_GoogleNews,olfactory_lancaster,5828,4,0.6246469430587023,pass
BERT_base&CBOW_GoogleNews,olfactory_lancaster,5828,5,0.5614207965710005,pass
BERT_base&CBOW_GoogleNews,gustatory_lancaster,5828,1,0.7649708787004715,pass
BERT_base&CBOW_GoogleNews,gustatory_lancaster,5828,2,0.6386774677105997,pass
BERT_base&CBOW_GoogleNews,gustatory_lancaster,5828,3,0.7038053369375793,pass
BERT_base&CBOW_GoogleNews,gustatory_lancaster,5828,4,0.739853314708655,pass
BERT_base&CBOW_GoogleNews,gustatory_lancaster,5828,5,0.717258845718918,pass
BERT_base&CBOW_GoogleNews,interoceptive_lancaster,5828,1,0.649393877174065,pass
BERT_base&CBOW_GoogleNews,interoceptive_lancaster,5828,2,0.6659459684046531,pass
BERT_base&CBOW_GoogleNews,interoceptive_lancaster,5828,3,0.6875150687606906,pass
BERT_base&CBOW_GoogleNews,interoceptive_lancaster,5828,4,0.6311992660647395,pass
BERT_base&CBOW_GoogleNews,interoceptive_lancaster,5828,5,0.6512224838458059,pass
BERT_base&CBOW_GoogleNews,head_lancaster,5828,1,0.403400406466075,pass
BERT_base&CBOW_GoogleNews,head_lancaster,5828,2,0.35691500143718957,pass
BERT_base&CBOW_GoogleNews,head_lancaster,5828,3,0.40446581209378163,pass
BERT_base&CBOW_GoogleNews,head_lancaster,5828,4,0.38856823449779176,pass
BERT_base&CBOW_GoogleNews,head_lancaster,5828,5,0.385352638455171,pass
BERT_base&CBOW_GoogleNews,torso_lancaster,5828,1,0.5179238357027962,pass
BERT_base&CBOW_GoogleNews,torso_lancaster,5828,2,0.4581808779498807,pass
BERT_base&CBOW_GoogleNews,torso_lancaster,5828,3,0.43691009018982596,pass
BERT_base&CBOW_GoogleNews,torso_lancaster,5828,4,0.460982012483774,pass
BERT_base&CBOW_GoogleNews,torso_lancaster,5828,5,0.49011934865877815,pass
BERT_base&CBOW_GoogleNews,mouth_throat_lancaster,5828,1,0.6112755033485291,pass
BERT_base&CBOW_GoogleNews,mouth_throat_lancaster,5828,2,0.5377431941528673,pass
BERT_base&CBOW_GoogleNews,mouth_throat_lancaster,5828,3,0.5374507489146609,pass
BERT_base&CBOW_GoogleNews,mouth_throat_lancaster,5828,4,0.5871165379203336,pass
BERT_base&CBOW_GoogleNews,mouth_throat_lancaster,5828,5,0.6307537598271369,pass
BERT_base&CBOW_GoogleNews,hand_arm_lancaster,5828,1,0.524932261676656,pass
BERT_base&CBOW_GoogleNews,hand_arm_lancaster,5828,2,0.5365885027061695,pass
BERT_base&CBOW_GoogleNews,hand_arm_lancaster,5828,3,0.5107723793989336,pass
BERT_base&CBOW_GoogleNews,hand_arm_lancaster,5828,4,0.5418110960537479,pass
BERT_base&CBOW_GoogleNews,hand_arm_lancaster,5828,5,0.5499526822838379,pass
BERT_base&CBOW_GoogleNews,foot_leg_lancaster,5828,1,0.5400549917078301,pass
BERT_base&CBOW_GoogleNews,foot_leg_lancaster,5828,2,0.5285334753643947,pass
BERT_base&CBOW_GoogleNews,foot_leg_lancaster,5828,3,0.5178191030890211,pass
BERT_base&CBOW_GoogleNews,foot_leg_lancaster,5828,4,0.5159627292147302,pass
BERT_base&CBOW_GoogleNews,foot_leg_lancaster,5828,5,0.5713864417614041,pass
BERT_base&CBOW_GoogleNews,body_object_interact_pexman,3920,1,0.7541698743651,pass
BERT_base&CBOW_GoogleNews,body_object_interact_pexman,3920,2,0.7515678029535809,pass
BERT_base&CBOW_GoogleNews,body_object_interact_pexman,3920,3,0.7299039734476517,pass
BERT_base&CBOW_GoogleNews,body_object_interact_pexman,3920,4,0.7318584598449523,pass
BERT_base&CBOW_GoogleNews,body_object_interact_pexman,3920,5,0.7361352855199128,pass
BERT_base&CBOW_GoogleNews,child_body_object_interact,2105,1,0.642547285714465,pass
BERT_base&CBOW_GoogleNews,child_body_object_interact,2105,2,0.6326054493586628,pass
BERT_base&CBOW_GoogleNews,child_body_object_interact,2105,3,0.6360788734085321,pass
BERT_base&CBOW_GoogleNews,child_body_object_interact,2105,4,0.632525945995599,pass
BERT_base&CBOW_GoogleNews,child_body_object_interact,2105,5,0.614796515003421,pass
BERT_base&CBOW_GoogleNews,semantic_size_glasgow,2762,1,0.7246279250252412,pass
BERT_base&CBOW_GoogleNews,semantic_size_glasgow,2762,2,0.7199159140255598,pass
BERT_base&CBOW_GoogleNews,semantic_size_glasgow,2762,3,0.7289683693208165,pass
BERT_base&CBOW_GoogleNews,semantic_size_glasgow,2762,4,0.7554231736515311,pass
BERT_base&CBOW_GoogleNews,semantic_size_glasgow,2762,5,0.7482575859812279,pass
BERT_base&CBOW_GoogleNews,gender_association_glasgow,2762,1,0.7257598229885268,pass
BERT_base&CBOW_GoogleNews,gender_association_glasgow,2762,2,0.7134304952498403,pass
BERT_base&CBOW_GoogleNews,gender_association_glasgow,2762,3,0.7238897808141188,pass
BERT_base&CBOW_GoogleNews,gender_association_glasgow,2762,4,0.6578449828417317,pass
BERT_base&CBOW_GoogleNews,gender_association_glasgow,2762,5,0.6453658125982815,pass
BERT_base&CBOW_GoogleNews,feature_visual_vinson,726,1,0.1904549591844007,pass
BERT_base&CBOW_GoogleNews,feature_visual_vinson,726,2,0.1982130313386239,pass
BERT_base&CBOW_GoogleNews,feature_visual_vinson,726,3,0.3732973266183468,pass
BERT_base&CBOW_GoogleNews,feature_visual_vinson,726,4,0.11188269719113109,pass
BERT_base&CBOW_GoogleNews,feature_visual_vinson,726,5,0.25303379286848415,pass
BERT_base&CBOW_GoogleNews,feature_perceptual_vinson,726,1,0.12200722088117077,pass
BERT_base&CBOW_GoogleNews,feature_perceptual_vinson,726,2,-0.06762521912289521,pass
BERT_base&CBOW_GoogleNews,feature_perceptual_vinson,726,3,0.0006942749962788319,pass
BERT_base&CBOW_GoogleNews,feature_perceptual_vinson,726,4,0.32854413580606867,pass
BERT_base&CBOW_GoogleNews,feature_perceptual_vinson,726,5,0.09852924387547046,pass
BERT_base&CBOW_GoogleNews,feature_functional_vinson,726,1,0.1704613459302533,pass
BERT_base&CBOW_GoogleNews,feature_functional_vinson,726,2,0.11592049403441607,pass
BERT_base&CBOW_GoogleNews,feature_functional_vinson,726,3,0.2472024129331013,pass
BERT_base&CBOW_GoogleNews,feature_functional_vinson,726,4,-0.059443365979441776,pass
BERT_base&CBOW_GoogleNews,feature_functional_vinson,726,5,0.1431650850444952,pass
BERT_base&CBOW_GoogleNews,feature_motoric_vinson,726,1,0.156630563413648,pass
BERT_base&CBOW_GoogleNews,feature_motoric_vinson,726,2,0.14498094775120252,pass
BERT_base&CBOW_GoogleNews,feature_motoric_vinson,726,3,0.24440863053330752,pass
BERT_base&CBOW_GoogleNews,feature_motoric_vinson,726,4,0.21586811989550347,pass
BERT_base&CBOW_GoogleNews,feature_motoric_vinson,726,5,0.12719042471763753,pass
BERT_base&CBOW_GoogleNews,socialness_diveica,3423,1,0.7437930774823531,pass
BERT_base&CBOW_GoogleNews,socialness_diveica,3423,2,0.7512320243630066,pass
BERT_base&CBOW_GoogleNews,socialness_diveica,3423,3,0.7574898577812481,pass
BERT_base&CBOW_GoogleNews,socialness_diveica,3423,4,0.7462720452556825,pass
BERT_base&CBOW_GoogleNews,socialness_diveica,3423,5,0.7403357471984903,pass
BERT_base&CBOW_GoogleNews,valence_warriner,5384,1,0.6990482734441388,pass
BERT_base&CBOW_GoogleNews,valence_warriner,5384,2,0.7536051609346466,pass
BERT_base&CBOW_GoogleNews,valence_warriner,5384,3,0.7246016398782631,pass
BERT_base&CBOW_GoogleNews,valence_warriner,5384,4,0.670960611772984,pass
BERT_base&CBOW_GoogleNews,valence_warriner,5384,5,0.7132851914666246,pass
BERT_base&CBOW_GoogleNews,valence_glasgow,2762,1,0.7505943339335592,pass
BERT_base&CBOW_GoogleNews,valence_glasgow,2762,2,0.8158302070797794,pass
BERT_base&CBOW_GoogleNews,valence_glasgow,2762,3,0.801923963728814,pass
BERT_base&CBOW_GoogleNews,valence_glasgow,2762,4,0.7696397199886377,pass
BERT_base&CBOW_GoogleNews,valence_glasgow,2762,5,0.8228305382746035,pass
BERT_base&CBOW_GoogleNews,valence_mohammad,5592,1,0.6936311491638616,pass
BERT_base&CBOW_GoogleNews,valence_mohammad,5592,2,0.7405718577828707,pass
BERT_base&CBOW_GoogleNews,valence_mohammad,5592,3,0.7550463513456069,pass
BERT_base&CBOW_GoogleNews,valence_mohammad,5592,4,0.6565897697222574,pass
BERT_base&CBOW_GoogleNews,valence_mohammad,5592,5,0.6904515855164681,pass
BERT_base&CBOW_GoogleNews,valence_older_kyrolainen,1935,1,0.7551835853958426,pass
BERT_base&CBOW_GoogleNews,valence_older_kyrolainen,1935,2,0.7723472282212241,pass
BERT_base&CBOW_GoogleNews,valence_older_kyrolainen,1935,3,0.7423940505090401,pass
BERT_base&CBOW_GoogleNews,valence_older_kyrolainen,1935,4,0.7142458438121818,pass
BERT_base&CBOW_GoogleNews,valence_older_kyrolainen,1935,5,0.7541790612241492,pass
BERT_base&CBOW_GoogleNews,valence_younger_kyrolainen,1935,1,0.767533086061067,pass
BERT_base&CBOW_GoogleNews,valence_younger_kyrolainen,1935,2,0.8125584728796718,pass
BERT_base&CBOW_GoogleNews,valence_younger_kyrolainen,1935,3,0.7529044252083443,pass
BERT_base&CBOW_GoogleNews,valence_younger_kyrolainen,1935,4,0.755705059101901,pass
BERT_base&CBOW_GoogleNews,valence_younger_kyrolainen,1935,5,0.7729703941272661,pass
BERT_base&CBOW_GoogleNews,arousal_warriner,5384,1,0.44164617605215917,pass
BERT_base&CBOW_GoogleNews,arousal_warriner,5384,2,0.44197506847657975,pass
BERT_base&CBOW_GoogleNews,arousal_warriner,5384,3,0.4661595745383392,pass
BERT_base&CBOW_GoogleNews,arousal_warriner,5384,4,0.4399297568155889,pass
BERT_base&CBOW_GoogleNews,arousal_warriner,5384,5,0.4486461360719337,pass
BERT_base&CBOW_GoogleNews,arousal_glasgow,2762,1,0.6287779359402245,pass
BERT_base&CBOW_GoogleNews,arousal_glasgow,2762,2,0.6623575341022765,pass
BERT_base&CBOW_GoogleNews,arousal_glasgow,2762,3,0.6638226473161993,pass
BERT_base&CBOW_GoogleNews,arousal_glasgow,2762,4,0.6090904792051928,pass
BERT_base&CBOW_GoogleNews,arousal_glasgow,2762,5,0.6536166687277204,pass
BERT_base&CBOW_GoogleNews,arousal_mohammad,5592,1,0.6018018527167858,pass
BERT_base&CBOW_GoogleNews,arousal_mohammad,5592,2,0.5896067376369339,pass
BERT_base&CBOW_GoogleNews,arousal_mohammad,5592,3,0.6258788888708304,pass
BERT_base&CBOW_GoogleNews,arousal_mohammad,5592,4,0.5804213098404017,pass
BERT_base&CBOW_GoogleNews,arousal_mohammad,5592,5,0.5947935277717269,pass
BERT_base&CBOW_GoogleNews,dominance_warriner,5384,1,0.4928600785624726,pass
BERT_base&CBOW_GoogleNews,dominance_warriner,5384,2,0.5495389545958125,pass
BERT_base&CBOW_GoogleNews,dominance_warriner,5384,3,0.5297851522966691,pass
BERT_base&CBOW_GoogleNews,dominance_warriner,5384,4,0.5035440510029998,pass
BERT_base&CBOW_GoogleNews,dominance_warriner,5384,5,0.4933374009116457,pass
BERT_base&CBOW_GoogleNews,dominance_glasgow,2762,1,0.5777552180022383,pass
BERT_base&CBOW_GoogleNews,dominance_glasgow,2762,2,0.6360618312278492,pass
BERT_base&CBOW_GoogleNews,dominance_glasgow,2762,3,0.5840796264073267,pass
BERT_base&CBOW_GoogleNews,dominance_glasgow,2762,4,0.5924019743073834,pass
BERT_base&CBOW_GoogleNews,dominance_glasgow,2762,5,0.6321762506770953,pass
BERT_base&CBOW_GoogleNews,dominance_mohammad,5592,1,0.6096604798194396,pass
BERT_base&CBOW_GoogleNews,dominance_mohammad,5592,2,0.6458473641315037,pass
BERT_base&CBOW_GoogleNews,dominance_mohammad,5592,3,0.6383358201310912,pass
BERT_base&CBOW_GoogleNews,dominance_mohammad,5592,4,0.6057545694673243,pass
BERT_base&CBOW_GoogleNews,dominance_mohammad,5592,5,0.6025663707665332,pass
BERT_base&CBOW_GoogleNews,humor_engelthaler,2682,1,0.47744274289843514,pass
BERT_base&CBOW_GoogleNews,humor_engelthaler,2682,2,0.5546012594779808,pass
BERT_base&CBOW_GoogleNews,humor_engelthaler,2682,3,0.49003784743270695,pass
BERT_base&CBOW_GoogleNews,humor_engelthaler,2682,4,0.43200111060620694,pass
BERT_base&CBOW_GoogleNews,humor_engelthaler,2682,5,0.4910317269422533,pass
BERT_base&CBOW_GoogleNews,anger_mohammad,4946,1,0.3971340154434343,pass
BERT_base&CBOW_GoogleNews,anger_mohammad,4946,2,0.367235668219409,pass
BERT_base&CBOW_GoogleNews,anger_mohammad,4946,3,0.37417815711642977,pass
BERT_base&CBOW_GoogleNews,anger_mohammad,4946,4,0.3444519196553236,pass
BERT_base&CBOW_GoogleNews,anger_mohammad,4946,5,0.3869385855937024,pass
BERT_base&CBOW_GoogleNews,anticipation_mohammad,4946,1,0.18886989788783237,pass
BERT_base&CBOW_GoogleNews,anticipation_mohammad,4946,2,0.10164404067678623,pass
BERT_base&CBOW_GoogleNews,anticipation_mohammad,4946,3,0.1787807006229999,pass
BERT_base&CBOW_GoogleNews,anticipation_mohammad,4946,4,0.1866871784053632,pass
BERT_base&CBOW_GoogleNews,anticipation_mohammad,4946,5,0.1830317039658662,pass
BERT_base&CBOW_GoogleNews,disgust_mohammad,4946,1,0.39767709689566977,pass
BERT_base&CBOW_GoogleNews,disgust_mohammad,4946,2,0.4067925435979455,pass
BERT_base&CBOW_GoogleNews,disgust_mohammad,4946,3,0.35487753416994405,pass
BERT_base&CBOW_GoogleNews,disgust_mohammad,4946,4,0.4321109700838315,pass
BERT_base&CBOW_GoogleNews,disgust_mohammad,4946,5,0.4616320247566571,pass
BERT_base&CBOW_GoogleNews,fear_mohammad,4946,1,0.35409080747718336,pass
BERT_base&CBOW_GoogleNews,fear_mohammad,4946,2,0.36275908048651306,pass
BERT_base&CBOW_GoogleNews,fear_mohammad,4946,3,0.398608709026675,pass
BERT_base&CBOW_GoogleNews,fear_mohammad,4946,4,0.4051953980920341,pass
BERT_base&CBOW_GoogleNews,fear_mohammad,4946,5,0.372083606294507,pass
BERT_base&CBOW_GoogleNews,joy_mohammad,4946,1,0.3950029208281599,pass
BERT_base&CBOW_GoogleNews,joy_mohammad,4946,2,0.2749451983185802,pass
BERT_base&CBOW_GoogleNews,joy_mohammad,4946,3,0.4150316873495661,pass
BERT_base&CBOW_GoogleNews,joy_mohammad,4946,4,0.36843593284706166,pass
BERT_base&CBOW_GoogleNews,joy_mohammad,4946,5,0.4011249401806001,pass
BERT_base&CBOW_GoogleNews,negative_emotion_mohammad,4946,1,0.5021430234608645,pass
BERT_base&CBOW_GoogleNews,negative_emotion_mohammad,4946,2,0.5332415003399322,pass
BERT_base&CBOW_GoogleNews,negative_emotion_mohammad,4946,3,0.5258746249674846,pass
BERT_base&CBOW_GoogleNews,negative_emotion_mohammad,4946,4,0.4772553068953449,pass
BERT_base&CBOW_GoogleNews,negative_emotion_mohammad,4946,5,0.43489717045600795,pass
BERT_base&CBOW_GoogleNews,positive_emotion_mohammad,4946,1,0.325909400400344,pass
BERT_base&CBOW_GoogleNews,positive_emotion_mohammad,4946,2,0.3541963311579963,pass
BERT_base&CBOW_GoogleNews,positive_emotion_mohammad,4946,3,0.3834187157667882,pass
BERT_base&CBOW_GoogleNews,positive_emotion_mohammad,4946,4,0.2607487866587965,pass
BERT_base&CBOW_GoogleNews,positive_emotion_mohammad,4946,5,0.3497578164636218,pass
BERT_base&CBOW_GoogleNews,sadness_mohammad,4946,1,0.40978725880565825,pass
BERT_base&CBOW_GoogleNews,sadness_mohammad,4946,2,0.3603773597542551,pass
BERT_base&CBOW_GoogleNews,sadness_mohammad,4946,3,0.3767883743685029,pass
BERT_base&CBOW_GoogleNews,sadness_mohammad,4946,4,0.34872529209321024,pass
BERT_base&CBOW_GoogleNews,sadness_mohammad,4946,5,0.32509356311655035,pass
BERT_base&CBOW_GoogleNews,surprise_mohammad,4946,1,0.2314952488590467,pass
BERT_base&CBOW_GoogleNews,surprise_mohammad,4946,2,0.24322564314112471,pass
BERT_base&CBOW_GoogleNews,surprise_mohammad,4946,3,0.1827142432423693,pass
BERT_base&CBOW_GoogleNews,surprise_mohammad,4946,4,0.1912052918118562,pass
BERT_base&CBOW_GoogleNews,surprise_mohammad,4946,5,0.07466016450365587,pass
BERT_base&CBOW_GoogleNews,trust_mohammad,4946,1,0.2581270693568837,pass
BERT_base&CBOW_GoogleNews,trust_mohammad,4946,2,0.15140246345408337,pass
BERT_base&CBOW_GoogleNews,trust_mohammad,4946,3,0.23433521572369553,pass
BERT_base&CBOW_GoogleNews,trust_mohammad,4946,4,0.23884540534009657,pass
BERT_base&CBOW_GoogleNews,trust_mohammad,4946,5,0.2613814316903017,pass
BERT_base&CBOW_GoogleNews,semantic_diversity_hoffman,5580,1,0.7419870178308338,pass
BERT_base&CBOW_GoogleNews,semantic_diversity_hoffman,5580,2,0.7170183990474903,pass
BERT_base&CBOW_GoogleNews,semantic_diversity_hoffman,5580,3,0.7195849509777241,pass
BERT_base&CBOW_GoogleNews,semantic_diversity_hoffman,5580,4,0.7452438979338054,pass
BERT_base&CBOW_GoogleNews,semantic_diversity_hoffman,5580,5,0.7182308551253456,pass
BERT_base&CBOW_GoogleNews,n_semantic_neighbors_shaoul,5828,1,0.6873003048282758,pass
BERT_base&CBOW_GoogleNews,n_semantic_neighbors_shaoul,5828,2,0.6906609745545593,pass
BERT_base&CBOW_GoogleNews,n_semantic_neighbors_shaoul,5828,3,0.6879312640673196,pass
BERT_base&CBOW_GoogleNews,n_semantic_neighbors_shaoul,5828,4,0.7000273126066552,pass
BERT_base&CBOW_GoogleNews,n_semantic_neighbors_shaoul,5828,5,0.7223740886967983,pass
BERT_base&CBOW_GoogleNews,distance_semantic_neighbors_shaoul,5828,1,0.8443483354103187,pass
BERT_base&CBOW_GoogleNews,distance_semantic_neighbors_shaoul,5828,2,0.8563432096169918,pass
BERT_base&CBOW_GoogleNews,distance_semantic_neighbors_shaoul,5828,3,0.8492034496652513,pass
BERT_base&CBOW_GoogleNews,distance_semantic_neighbors_shaoul,5828,4,0.8579327770742773,pass
BERT_base&CBOW_GoogleNews,distance_semantic_neighbors_shaoul,5828,5,0.8695057243621793,pass
BERT_base&CBOW_GoogleNews,association_frequency_dedeyne,5791,1,0.6291706531884966,pass
BERT_base&CBOW_GoogleNews,association_frequency_dedeyne,5791,2,0.6072281466983117,pass
BERT_base&CBOW_GoogleNews,association_frequency_dedeyne,5791,3,0.6238647333571068,pass
BERT_base&CBOW_GoogleNews,association_frequency_dedeyne,5791,4,0.6173973723687352,pass
BERT_base&CBOW_GoogleNews,association_frequency_dedeyne,5791,5,0.6258373674027062,pass
BERT_base&CBOW_GoogleNews,cue_setsize_nelson,3287,1,0.10074059342288866,pass
BERT_base&CBOW_GoogleNews,cue_setsize_nelson,3287,2,0.10529393697003309,pass
BERT_base&CBOW_GoogleNews,cue_setsize_nelson,3287,3,0.11362016787697038,pass
BERT_base&CBOW_GoogleNews,cue_setsize_nelson,3287,4,0.10787086272855118,pass
BERT_base&CBOW_GoogleNews,cue_setsize_nelson,3287,5,0.11423261398485873,pass
BERT_base&CBOW_GoogleNews,cue_connectedness_nelson,3287,1,0.14736301691255738,pass
BERT_base&CBOW_GoogleNews,cue_connectedness_nelson,3287,2,0.12373290327516218,pass
BERT_base&CBOW_GoogleNews,cue_connectedness_nelson,3287,3,0.14782339100879338,pass
BERT_base&CBOW_GoogleNews,cue_connectedness_nelson,3287,4,0.1398857456535152,pass
BERT_base&CBOW_GoogleNews,cue_connectedness_nelson,3287,5,0.17306333182689349,pass
BERT_base&CBOW_GoogleNews,cue_probability_nelson,3287,1,0.23819770933857154,pass
BERT_base&CBOW_GoogleNews,cue_probability_nelson,3287,2,0.317349427358798,pass
BERT_base&CBOW_GoogleNews,cue_probability_nelson,3287,3,0.33456743021204005,pass
BERT_base&CBOW_GoogleNews,cue_probability_nelson,3287,4,0.2693331235613037,pass
BERT_base&CBOW_GoogleNews,cue_probability_nelson,3287,5,0.31933564051957064,pass
BERT_base&CBOW_GoogleNews,cue_resonance_strength_nelson,3287,1,0.2209105636935883,pass
BERT_base&CBOW_GoogleNews,cue_resonance_strength_nelson,3287,2,0.34145038633117675,pass
BERT_base&CBOW_GoogleNews,cue_resonance_strength_nelson,3287,3,0.29195524610354695,pass
BERT_base&CBOW_GoogleNews,cue_resonance_strength_nelson,3287,4,0.17932101244884424,pass
BERT_base&CBOW_GoogleNews,cue_resonance_strength_nelson,3287,5,0.2763255183727782,pass
BERT_base&CBOW_GoogleNews,visual_lexical_rt_balota,5803,1,0.41453300862132414,pass
BERT_base&CBOW_GoogleNews,visual_lexical_rt_balota,5803,2,0.42370503050714137,pass
BERT_base&CBOW_GoogleNews,visual_lexical_rt_balota,5803,3,0.44296928987271156,pass
BERT_base&CBOW_GoogleNews,visual_lexical_rt_balota,5803,4,0.41890903793346024,pass
BERT_base&CBOW_GoogleNews,visual_lexical_rt_balota,5803,5,0.40559358940723234,pass
BERT_base&CBOW_GoogleNews,visual_lexical_rt_mandera,5845,1,0.3988173684904216,pass
BERT_base&CBOW_GoogleNews,visual_lexical_rt_mandera,5845,2,0.43385038568676415,pass
BERT_base&CBOW_GoogleNews,visual_lexical_rt_mandera,5845,3,0.3994440819745134,pass
BERT_base&CBOW_GoogleNews,visual_lexical_rt_mandera,5845,4,0.4334056787718902,pass
BERT_base&CBOW_GoogleNews,visual_lexical_rt_mandera,5845,5,0.39855530375623927,pass
BERT_base&CBOW_GoogleNews,visual_lexical_rt_keuleers,4422,1,0.4612824490920122,pass
BERT_base&CBOW_GoogleNews,visual_lexical_rt_keuleers,4422,2,0.50180436757615,pass
BERT_base&CBOW_GoogleNews,visual_lexical_rt_keuleers,4422,3,0.5129236549263912,pass
BERT_base&CBOW_GoogleNews,visual_lexical_rt_keuleers,4422,4,0.4863173907455641,pass
BERT_base&CBOW_GoogleNews,visual_lexical_rt_keuleers,4422,5,0.46261929548244973,pass
BERT_base&CBOW_GoogleNews,visual_lexical_accuracy_balota,5803,1,0.24549300167768695,pass
BERT_base&CBOW_GoogleNews,visual_lexical_accuracy_balota,5803,2,0.28397383077353155,pass
BERT_base&CBOW_GoogleNews,visual_lexical_accuracy_balota,5803,3,0.2781856147060022,pass
BERT_base&CBOW_GoogleNews,visual_lexical_accuracy_balota,5803,4,0.29880263585346833,pass
BERT_base&CBOW_GoogleNews,visual_lexical_accuracy_balota,5803,5,0.27092730295572465,pass
BERT_base&CBOW_GoogleNews,visual_lexical_accuracy_mandera,5845,1,0.22712197730981487,pass
BERT_base&CBOW_GoogleNews,visual_lexical_accuracy_mandera,5845,2,0.29887218096112045,pass
BERT_base&CBOW_GoogleNews,visual_lexical_accuracy_mandera,5845,3,0.2576490483689895,pass
BERT_base&CBOW_GoogleNews,visual_lexical_accuracy_mandera,5845,4,0.2960836158858692,pass
BERT_base&CBOW_GoogleNews,visual_lexical_accuracy_mandera,5845,5,0.2714186934905576,pass
BERT_base&CBOW_GoogleNews,visual_lexical_accuracy_keuleers,4422,1,0.23359580466504648,pass
BERT_base&CBOW_GoogleNews,visual_lexical_accuracy_keuleers,4422,2,0.2686337739263521,pass
BERT_base&CBOW_GoogleNews,visual_lexical_accuracy_keuleers,4422,3,0.30325958816747434,pass
BERT_base&CBOW_GoogleNews,visual_lexical_accuracy_keuleers,4422,4,0.293601308057694,pass
BERT_base&CBOW_GoogleNews,visual_lexical_accuracy_keuleers,4422,5,0.3120247939481633,pass
BERT_base&CBOW_GoogleNews,auditory_lexical_rt_tucker,5133,1,0.06377672536684198,pass
BERT_base&CBOW_GoogleNews,auditory_lexical_rt_tucker,5133,2,0.0691567511785347,pass
BERT_base&CBOW_GoogleNews,auditory_lexical_rt_tucker,5133,3,0.061889414221373285,pass
BERT_base&CBOW_GoogleNews,auditory_lexical_rt_tucker,5133,4,0.031544422503351655,pass
BERT_base&CBOW_GoogleNews,auditory_lexical_rt_tucker,5133,5,0.0016669093123280465,pass
BERT_base&CBOW_GoogleNews,auditory_lexical_rt_goh,4544,1,0.12480010774802819,pass
BERT_base&CBOW_GoogleNews,auditory_lexical_rt_goh,4544,2,0.1229132685024984,pass
BERT_base&CBOW_GoogleNews,auditory_lexical_rt_goh,4544,3,0.18213296668651435,pass
BERT_base&CBOW_GoogleNews,auditory_lexical_rt_goh,4544,4,0.13197252763474565,pass
BERT_base&CBOW_GoogleNews,auditory_lexical_rt_goh,4544,5,0.010591828171000794,pass
BERT_base&CBOW_GoogleNews,auditory_lexical_accuracy_tucker,5140,1,0.028849692376189173,pass
BERT_base&CBOW_GoogleNews,auditory_lexical_accuracy_tucker,5140,2,0.025816937579504096,pass
BERT_base&CBOW_GoogleNews,auditory_lexical_accuracy_tucker,5140,3,0.023436126978270133,pass
BERT_base&CBOW_GoogleNews,auditory_lexical_accuracy_tucker,5140,4,0.02537339098503799,pass
BERT_base&CBOW_GoogleNews,auditory_lexical_accuracy_tucker,5140,5,0.019792091677533485,pass
BERT_base&CBOW_GoogleNews,auditory_lexical_accuracy_goh,4544,1,0.22643437216527862,pass
BERT_base&CBOW_GoogleNews,auditory_lexical_accuracy_goh,4544,2,0.24879426357829781,pass
BERT_base&CBOW_GoogleNews,auditory_lexical_accuracy_goh,4544,3,0.19908935601643474,pass
BERT_base&CBOW_GoogleNews,auditory_lexical_accuracy_goh,4544,4,0.255047453419219,pass
BERT_base&CBOW_GoogleNews,auditory_lexical_accuracy_goh,4544,5,0.2250794185811258,pass
BERT_base&CBOW_GoogleNews,naming_rt_balota,5803,1,0.3153428323468169,pass
BERT_base&CBOW_GoogleNews,naming_rt_balota,5803,2,0.3035301800078345,pass
BERT_base&CBOW_GoogleNews,naming_rt_balota,5803,3,0.31320640283023427,pass
BERT_base&CBOW_GoogleNews,naming_rt_balota,5803,4,0.3094039786553925,pass
BERT_base&CBOW_GoogleNews,naming_rt_balota,5803,5,0.10629210417802049,pass
BERT_base&CBOW_GoogleNews,naming_accuracy_balota,5803,1,0.07824654080942017,pass
BERT_base&CBOW_GoogleNews,naming_accuracy_balota,5803,2,0.07079057244439502,pass
BERT_base&CBOW_GoogleNews,naming_accuracy_balota,5803,3,0.08608772316755775,pass
BERT_base&CBOW_GoogleNews,naming_accuracy_balota,5803,4,0.10687304495544758,pass
BERT_base&CBOW_GoogleNews,naming_accuracy_balota,5803,5,0.0547733328978921,pass
BERT_base&CBOW_GoogleNews,concreteness_rt_pexman,2364,1,0.3837424088501389,pass
BERT_base&CBOW_GoogleNews,concreteness_rt_pexman,2364,2,0.2998620804616112,pass
BERT_base&CBOW_GoogleNews,concreteness_rt_pexman,2364,3,0.32733024570031866,pass
BERT_base&CBOW_GoogleNews,concreteness_rt_pexman,2364,4,0.37014923170603287,pass
BERT_base&CBOW_GoogleNews,concreteness_rt_pexman,2364,5,0.39691638781181215,pass
BERT_base&CBOW_GoogleNews,concreteness_accuracy_pexman,2365,1,0.17115644816219688,pass
BERT_base&CBOW_GoogleNews,concreteness_accuracy_pexman,2365,2,0.17449793898274357,pass
BERT_base&CBOW_GoogleNews,concreteness_accuracy_pexman,2365,3,0.17968021818463953,pass
BERT_base&CBOW_GoogleNews,concreteness_accuracy_pexman,2365,4,0.1959173812745174,pass
BERT_base&CBOW_GoogleNews,concreteness_accuracy_pexman,2365,5,0.1517595818803611,pass
BERT_base&CBOW_GoogleNews,recognition_memory_accuracy_cortese,3278,1,0.4556158753842344,pass
BERT_base&CBOW_GoogleNews,recognition_memory_accuracy_cortese,3278,2,0.4222414757897891,pass
BERT_base&CBOW_GoogleNews,recognition_memory_accuracy_cortese,3278,3,0.39649042915477795,pass
BERT_base&CBOW_GoogleNews,recognition_memory_accuracy_cortese,3278,4,0.4616142356682962,pass
BERT_base&CBOW_GoogleNews,recognition_memory_accuracy_cortese,3278,5,0.37566155454779915,pass
BERT_base&CBOW_GoogleNews,vision_binder,342,1,0.7637240973940853,pass
BERT_base&CBOW_GoogleNews,vision_binder,342,2,0.7326247900273324,pass
BERT_base&CBOW_GoogleNews,vision_binder,342,3,0.7426670335807641,pass
BERT_base&CBOW_GoogleNews,vision_binder,342,4,0.682327018451014,pass
BERT_base&CBOW_GoogleNews,vision_binder,342,5,0.715701453189955,pass
BERT_base&CBOW_GoogleNews,bright_binder,342,1,0.3607582855831388,pass
BERT_base&CBOW_GoogleNews,bright_binder,342,2,0.5121374005444932,pass
BERT_base&CBOW_GoogleNews,bright_binder,342,3,0.5116192944791592,pass
BERT_base&CBOW_GoogleNews,bright_binder,342,4,0.4270019594728075,pass
BERT_base&CBOW_GoogleNews,bright_binder,342,5,0.5078207153498138,pass
BERT_base&CBOW_GoogleNews,dark_binder,342,1,0.2385109783346998,pass
BERT_base&CBOW_GoogleNews,dark_binder,342,2,0.34361811586300206,pass
BERT_base&CBOW_GoogleNews,dark_binder,342,3,0.11129601288646085,pass
BERT_base&CBOW_GoogleNews,dark_binder,342,4,0.3784466716945458,pass
BERT_base&CBOW_GoogleNews,dark_binder,342,5,0.31576979715618314,pass
BERT_base&CBOW_GoogleNews,color_binder,342,1,0.7297424241307664,pass
BERT_base&CBOW_GoogleNews,color_binder,342,2,0.6656675445363509,pass
BERT_base&CBOW_GoogleNews,color_binder,342,3,0.7152059712825924,pass
BERT_base&CBOW_GoogleNews,color_binder,342,4,0.7788285458264127,pass
BERT_base&CBOW_GoogleNews,color_binder,342,5,0.7573519175435413,pass
BERT_base&CBOW_GoogleNews,pattern_binder,342,1,0.6658782111522015,pass
BERT_base&CBOW_GoogleNews,pattern_binder,342,2,0.7351548296890039,pass
BERT_base&CBOW_GoogleNews,pattern_binder,342,3,0.7067806834125724,pass
BERT_base&CBOW_GoogleNews,pattern_binder,342,4,0.7066178261593008,pass
BERT_base&CBOW_GoogleNews,pattern_binder,342,5,0.7126320267184982,pass
BERT_base&CBOW_GoogleNews,large_binder,342,1,0.725282129321287,pass
BERT_base&CBOW_GoogleNews,large_binder,342,2,0.6568225789012996,pass
BERT_base&CBOW_GoogleNews,large_binder,342,3,0.7216931435581343,pass
BERT_base&CBOW_GoogleNews,large_binder,342,4,0.6386754694955108,pass
BERT_base&CBOW_GoogleNews,large_binder,342,5,0.6953665424643305,pass
BERT_base&CBOW_GoogleNews,small_binder,342,1,0.5912918708623839,pass
BERT_base&CBOW_GoogleNews,small_binder,342,2,0.5789071834135,pass
BERT_base&CBOW_GoogleNews,small_binder,342,3,0.5911389046946196,pass
BERT_base&CBOW_GoogleNews,small_binder,342,4,0.5723265899673777,pass
BERT_base&CBOW_GoogleNews,small_binder,342,5,0.48929151780835445,pass
BERT_base&CBOW_GoogleNews,motion_binder,342,1,0.6775235693700143,pass
BERT_base&CBOW_GoogleNews,motion_binder,342,2,0.6096764577070573,pass
BERT_base&CBOW_GoogleNews,motion_binder,342,3,0.7209481466489214,pass
BERT_base&CBOW_GoogleNews,motion_binder,342,4,0.6693690496103792,pass
BERT_base&CBOW_GoogleNews,motion_binder,342,5,0.6067261797104624,pass
BERT_base&CBOW_GoogleNews,biomotion_binder,342,1,0.8013059931078865,pass
BERT_base&CBOW_GoogleNews,biomotion_binder,342,2,0.778734990804022,pass
BERT_base&CBOW_GoogleNews,biomotion_binder,342,3,0.8499917987436187,pass
BERT_base&CBOW_GoogleNews,biomotion_binder,342,4,0.7996087348706644,pass
BERT_base&CBOW_GoogleNews,biomotion_binder,342,5,0.7867799989814906,pass
BERT_base&CBOW_GoogleNews,fast_binder,342,1,0.6839377053079567,pass
BERT_base&CBOW_GoogleNews,fast_binder,342,2,0.6186008539197029,pass
BERT_base&CBOW_GoogleNews,fast_binder,342,3,0.7686729403975878,pass
BERT_base&CBOW_GoogleNews,fast_binder,342,4,0.6733736085026643,pass
BERT_base&CBOW_GoogleNews,fast_binder,342,5,0.5956263365122807,pass
BERT_base&CBOW_GoogleNews,slow_binder,342,1,0.43301728252030325,pass
BERT_base&CBOW_GoogleNews,slow_binder,342,2,0.2745758646916766,pass
BERT_base&CBOW_GoogleNews,slow_binder,342,3,0.3100052007233509,pass
BERT_base&CBOW_GoogleNews,slow_binder,342,4,0.45331636791296825,pass
BERT_base&CBOW_GoogleNews,slow_binder,342,5,0.34957317940859467,pass
BERT_base&CBOW_GoogleNews,shape_binder,342,1,0.7091805687451547,pass
BERT_base&CBOW_GoogleNews,shape_binder,342,2,0.7980659936216054,pass
BERT_base&CBOW_GoogleNews,shape_binder,342,3,0.7506886229081443,pass
BERT_base&CBOW_GoogleNews,shape_binder,342,4,0.7768613709723754,pass
BERT_base&CBOW_GoogleNews,shape_binder,342,5,0.7573504907726469,pass
BERT_base&CBOW_GoogleNews,complexity_binder,300,1,0.6030896086603054,pass
BERT_base&CBOW_GoogleNews,complexity_binder,300,2,0.6025071666586675,pass
BERT_base&CBOW_GoogleNews,complexity_binder,300,3,0.6397109240313478,pass
BERT_base&CBOW_GoogleNews,complexity_binder,300,4,0.6046534109823691,pass
BERT_base&CBOW_GoogleNews,complexity_binder,300,5,0.6810060142603301,pass
BERT_base&CBOW_GoogleNews,face_binder,342,1,0.7649656362582464,pass
BERT_base&CBOW_GoogleNews,face_binder,342,2,0.7607605214019497,pass
BERT_base&CBOW_GoogleNews,face_binder,342,3,0.7694758017760335,pass
BERT_base&CBOW_GoogleNews,face_binder,342,4,0.7293347445249525,pass
BERT_base&CBOW_GoogleNews,face_binder,342,5,0.7870807636311414,pass
BERT_base&CBOW_GoogleNews,body_binder,342,1,0.7547389697131961,pass
BERT_base&CBOW_GoogleNews,body_binder,342,2,0.7544488221277885,pass
BERT_base&CBOW_GoogleNews,body_binder,342,3,0.7814879078322317,pass
BERT_base&CBOW_GoogleNews,body_binder,342,4,0.7244861107248226,pass
BERT_base&CBOW_GoogleNews,body_binder,342,5,0.7355435235529832,pass
BERT_base&CBOW_GoogleNews,touch_binder,342,1,0.6355413072189517,pass
BERT_base&CBOW_GoogleNews,touch_binder,342,2,0.6659117193324999,pass
BERT_base&CBOW_GoogleNews,touch_binder,342,3,0.6025415440838644,pass
BERT_base&CBOW_GoogleNews,touch_binder,342,4,0.6115726936960502,pass
BERT_base&CBOW_GoogleNews,touch_binder,342,5,0.559342484596596,pass
BERT_base&CBOW_GoogleNews,temperature_binder,342,1,0.610529589055214,pass
BERT_base&CBOW_GoogleNews,temperature_binder,342,2,0.5121840642755553,pass
BERT_base&CBOW_GoogleNews,temperature_binder,342,3,0.6387011701758477,pass
BERT_base&CBOW_GoogleNews,temperature_binder,342,4,0.6835279376733796,pass
BERT_base&CBOW_GoogleNews,temperature_binder,342,5,0.633955840518982,pass
BERT_base&CBOW_GoogleNews,texture_binder,342,1,0.689322201456843,pass
BERT_base&CBOW_GoogleNews,texture_binder,342,2,0.7708676859443607,pass
BERT_base&CBOW_GoogleNews,texture_binder,342,3,0.732971620431943,pass
BERT_base&CBOW_GoogleNews,texture_binder,342,4,0.766240460763617,pass
BERT_base&CBOW_GoogleNews,texture_binder,342,5,0.723348915208534,pass
BERT_base&CBOW_GoogleNews,weight_binder,342,1,0.6709894950680113,pass
BERT_base&CBOW_GoogleNews,weight_binder,342,2,0.6848325016885541,pass
BERT_base&CBOW_GoogleNews,weight_binder,342,3,0.6288603550296994,pass
BERT_base&CBOW_GoogleNews,weight_binder,342,4,0.5895712921149008,pass
BERT_base&CBOW_GoogleNews,weight_binder,342,5,0.6658626351526415,pass
BERT_base&CBOW_GoogleNews,pain_binder,342,1,0.5564311653662489,pass
BERT_base&CBOW_GoogleNews,pain_binder,342,2,0.6599279569647138,pass
BERT_base&CBOW_GoogleNews,pain_binder,342,3,0.6426749191240306,pass
BERT_base&CBOW_GoogleNews,pain_binder,342,4,0.6994476562970645,pass
BERT_base&CBOW_GoogleNews,pain_binder,342,5,0.6481108599798435,pass
BERT_base&CBOW_GoogleNews,audition_binder,342,1,0.6494971127951582,pass
BERT_base&CBOW_GoogleNews,audition_binder,342,2,0.6105404434189274,pass
BERT_base&CBOW_GoogleNews,audition_binder,342,3,0.6215263084922071,pass
BERT_base&CBOW_GoogleNews,audition_binder,342,4,0.7348779562128025,pass
BERT_base&CBOW_GoogleNews,audition_binder,342,5,0.6673945491592469,pass
BERT_base&CBOW_GoogleNews,loud_binder,342,1,0.634609990642334,pass
BERT_base&CBOW_GoogleNews,loud_binder,342,2,0.6796605750828772,pass
BERT_base&CBOW_GoogleNews,loud_binder,342,3,0.6788885184511293,pass
BERT_base&CBOW_GoogleNews,loud_binder,342,4,0.6993503384512587,pass
BERT_base&CBOW_GoogleNews,loud_binder,342,5,0.7697952300768793,pass
BERT_base&CBOW_GoogleNews,low_binder,342,1,0.6539651005070359,pass
BERT_base&CBOW_GoogleNews,low_binder,342,2,0.5562236883597076,pass
BERT_base&CBOW_GoogleNews,low_binder,342,3,0.5479746004923682,pass
BERT_base&CBOW_GoogleNews,low_binder,342,4,0.574987209049504,pass
BERT_base&CBOW_GoogleNews,low_binder,342,5,0.5673981537005491,pass
BERT_base&CBOW_GoogleNews,high_binder,342,1,0.582338276797518,pass
BERT_base&CBOW_GoogleNews,high_binder,342,2,0.5284557230601773,pass
BERT_base&CBOW_GoogleNews,high_binder,342,3,0.6513718160303826,pass
BERT_base&CBOW_GoogleNews,high_binder,342,4,0.7516788115747695,pass
BERT_base&CBOW_GoogleNews,high_binder,342,5,0.6723180747018696,pass
BERT_base&CBOW_GoogleNews,sound_binder,342,1,0.6388620338673072,pass
BERT_base&CBOW_GoogleNews,sound_binder,342,2,0.6230356713621911,pass
BERT_base&CBOW_GoogleNews,sound_binder,342,3,0.6015962628479212,pass
BERT_base&CBOW_GoogleNews,sound_binder,342,4,0.6895262948193929,pass
BERT_base&CBOW_GoogleNews,sound_binder,342,5,0.7271718037542796,pass
BERT_base&CBOW_GoogleNews,music_binder,342,1,0.7203437783015445,pass
BERT_base&CBOW_GoogleNews,music_binder,342,2,0.7938262271798613,pass
BERT_base&CBOW_GoogleNews,music_binder,342,3,0.5934341948553787,pass
BERT_base&CBOW_GoogleNews,music_binder,342,4,0.7085861541663543,pass
BERT_base&CBOW_GoogleNews,music_binder,342,5,0.8473717619262926,pass
BERT_base&CBOW_GoogleNews,speech_binder,342,1,0.7321911075082805,pass
BERT_base&CBOW_GoogleNews,speech_binder,342,2,0.7194861877234819,pass
BERT_base&CBOW_GoogleNews,speech_binder,342,3,0.7187778621215943,pass
BERT_base&CBOW_GoogleNews,speech_binder,342,4,0.6821221578091619,pass
BERT_base&CBOW_GoogleNews,speech_binder,342,5,0.7194484009662856,pass
BERT_base&CBOW_GoogleNews,taste_binder,342,1,0.8778142438989763,pass
BERT_base&CBOW_GoogleNews,taste_binder,342,2,0.7523601621149685,pass
BERT_base&CBOW_GoogleNews,taste_binder,342,3,0.6744370331811584,pass
BERT_base&CBOW_GoogleNews,taste_binder,342,4,0.8363265226086039,pass
BERT_base&CBOW_GoogleNews,taste_binder,342,5,0.6498163195645763,pass
BERT_base&CBOW_GoogleNews,smell_binder,342,1,0.6949272353625082,pass
BERT_base&CBOW_GoogleNews,smell_binder,342,2,0.6196738891364064,pass
BERT_base&CBOW_GoogleNews,smell_binder,342,3,0.6421567874541798,pass
BERT_base&CBOW_GoogleNews,smell_binder,342,4,0.738784125102334,pass
BERT_base&CBOW_GoogleNews,smell_binder,342,5,0.6013379086436865,pass
BERT_base&CBOW_GoogleNews,head_binder,342,1,0.6743107794288804,pass
BERT_base&CBOW_GoogleNews,head_binder,342,2,0.6048944129454296,pass
BERT_base&CBOW_GoogleNews,head_binder,342,3,0.6061802386840979,pass
BERT_base&CBOW_GoogleNews,head_binder,342,4,0.6412948002706533,pass
BERT_base&CBOW_GoogleNews,head_binder,342,5,0.7041596405714194,pass
BERT_base&CBOW_GoogleNews,upper_limb_binder,342,1,0.42496722040396007,pass
BERT_base&CBOW_GoogleNews,upper_limb_binder,342,2,0.5795167985530907,pass
BERT_base&CBOW_GoogleNews,upper_limb_binder,342,3,0.45521013550510314,pass
BERT_base&CBOW_GoogleNews,upper_limb_binder,342,4,0.5301848227005652,pass
BERT_base&CBOW_GoogleNews,upper_limb_binder,342,5,0.5817892738300887,pass
BERT_base&CBOW_GoogleNews,lower_limb_binder,342,1,0.542482064567962,pass
BERT_base&CBOW_GoogleNews,lower_limb_binder,342,2,0.4411954520680079,pass
BERT_base&CBOW_GoogleNews,lower_limb_binder,342,3,0.4287996421640162,pass
BERT_base&CBOW_GoogleNews,lower_limb_binder,342,4,0.4342064831556762,pass
BERT_base&CBOW_GoogleNews,lower_limb_binder,342,5,0.48993694205849214,pass
BERT_base&CBOW_GoogleNews,practice_binder,314,1,0.6818510561926834,pass
BERT_base&CBOW_GoogleNews,practice_binder,314,2,0.6395302474403863,pass
BERT_base&CBOW_GoogleNews,practice_binder,314,3,0.6671189121612222,pass
BERT_base&CBOW_GoogleNews,practice_binder,314,4,0.6738476905004958,pass
BERT_base&CBOW_GoogleNews,practice_binder,314,5,0.6070277311707044,pass
BERT_base&CBOW_GoogleNews,landmark_binder,342,1,0.746087313049711,pass
BERT_base&CBOW_GoogleNews,landmark_binder,342,2,0.6730736602369067,pass
BERT_base&CBOW_GoogleNews,landmark_binder,342,3,0.7568909944739386,pass
BERT_base&CBOW_GoogleNews,landmark_binder,342,4,0.7242311129558454,pass
BERT_base&CBOW_GoogleNews,landmark_binder,342,5,0.6978536113572902,pass
BERT_base&CBOW_GoogleNews,path_binder,342,1,0.6790745197887247,pass
BERT_base&CBOW_GoogleNews,path_binder,342,2,0.709832720522555,pass
BERT_base&CBOW_GoogleNews,path_binder,342,3,0.5646808255095688,pass
BERT_base&CBOW_GoogleNews,path_binder,342,4,0.7053082050281991,pass
BERT_base&CBOW_GoogleNews,path_binder,342,5,0.7312813887538641,pass
BERT_base&CBOW_GoogleNews,scene_binder,342,1,0.7022598771435917,pass
BERT_base&CBOW_GoogleNews,scene_binder,342,2,0.6809239912009981,pass
BERT_base&CBOW_GoogleNews,scene_binder,342,3,0.7515331730049248,pass
BERT_base&CBOW_GoogleNews,scene_binder,342,4,0.6096528209853038,pass
BERT_base&CBOW_GoogleNews,scene_binder,342,5,0.7494030022868112,pass
BERT_base&CBOW_GoogleNews,near_binder,342,1,0.6496830080696334,pass
BERT_base&CBOW_GoogleNews,near_binder,342,2,0.5752457359194589,pass
BERT_base&CBOW_GoogleNews,near_binder,342,3,0.6483456437959545,pass
BERT_base&CBOW_GoogleNews,near_binder,342,4,0.6160401558651687,pass
BERT_base&CBOW_GoogleNews,near_binder,342,5,0.6079604943064121,pass
BERT_base&CBOW_GoogleNews,toward_binder,342,1,0.48961821200065014,pass
BERT_base&CBOW_GoogleNews,toward_binder,342,2,0.3828350733428927,pass
BERT_base&CBOW_GoogleNews,toward_binder,342,3,0.4313709360745618,pass
BERT_base&CBOW_GoogleNews,toward_binder,342,4,0.4426853954848379,pass
BERT_base&CBOW_GoogleNews,toward_binder,342,5,0.38388506315746507,pass
BERT_base&CBOW_GoogleNews,away_binder,342,1,0.5045789248193677,pass
BERT_base&CBOW_GoogleNews,away_binder,342,2,0.42471413887927245,pass
BERT_base&CBOW_GoogleNews,away_binder,342,3,0.3576624571958954,pass
BERT_base&CBOW_GoogleNews,away_binder,342,4,0.5415594684823157,pass
BERT_base&CBOW_GoogleNews,away_binder,342,5,0.21777780899772348,pass
BERT_base&CBOW_GoogleNews,number_binder,342,1,-0.07220617058474743,pass
BERT_base&CBOW_GoogleNews,number_binder,342,2,0.45752061040940784,pass
BERT_base&CBOW_GoogleNews,number_binder,342,3,0.40051321199718404,pass
BERT_base&CBOW_GoogleNews,number_binder,342,4,0.2615076648294876,pass
BERT_base&CBOW_GoogleNews,number_binder,342,5,0.6422075990317153,pass
BERT_base&CBOW_GoogleNews,time_binder,342,1,0.33474874374990793,pass
BERT_base&CBOW_GoogleNews,time_binder,342,2,0.7122445053326276,pass
BERT_base&CBOW_GoogleNews,time_binder,342,3,0.5947748335788121,pass
BERT_base&CBOW_GoogleNews,time_binder,342,4,0.6424353022022119,pass
BERT_base&CBOW_GoogleNews,time_binder,342,5,0.5073236936011836,pass
BERT_base&CBOW_GoogleNews,duration_binder,342,1,0.3233669115821487,pass
BERT_base&CBOW_GoogleNews,duration_binder,342,2,0.599277527139457,pass
BERT_base&CBOW_GoogleNews,duration_binder,342,3,0.45480789309417313,pass
BERT_base&CBOW_GoogleNews,duration_binder,342,4,0.5190734998050257,pass
BERT_base&CBOW_GoogleNews,duration_binder,342,5,0.5892332377451341,pass
BERT_base&CBOW_GoogleNews,long_binder,342,1,0.49325530466942247,pass
BERT_base&CBOW_GoogleNews,long_binder,342,2,0.44102723642148034,pass
BERT_base&CBOW_GoogleNews,long_binder,342,3,0.39936670052627044,pass
BERT_base&CBOW_GoogleNews,long_binder,342,4,0.4476619078938795,pass
BERT_base&CBOW_GoogleNews,long_binder,342,5,0.5156214119615855,pass
BERT_base&CBOW_GoogleNews,short_binder,342,1,0.6337284188275742,pass
BERT_base&CBOW_GoogleNews,short_binder,342,2,0.5766952931316665,pass
BERT_base&CBOW_GoogleNews,short_binder,342,3,0.49488302092985637,pass
BERT_base&CBOW_GoogleNews,short_binder,342,4,0.5159128744403267,pass
BERT_base&CBOW_GoogleNews,short_binder,342,5,0.6195166643789838,pass
BERT_base&CBOW_GoogleNews,caused_binder,314,1,0.7810086347992926,pass
BERT_base&CBOW_GoogleNews,caused_binder,314,2,0.7762248211591573,pass
BERT_base&CBOW_GoogleNews,caused_binder,314,3,0.7397273844994796,pass
BERT_base&CBOW_GoogleNews,caused_binder,314,4,0.7205602449475581,pass
BERT_base&CBOW_GoogleNews,caused_binder,314,5,0.7352867760736115,pass
BERT_base&CBOW_GoogleNews,consequential_binder,342,1,0.7155473929819327,pass
BERT_base&CBOW_GoogleNews,consequential_binder,342,2,0.7692328535597589,pass
BERT_base&CBOW_GoogleNews,consequential_binder,342,3,0.715892473470824,pass
BERT_base&CBOW_GoogleNews,consequential_binder,342,4,0.741972138044168,pass
BERT_base&CBOW_GoogleNews,consequential_binder,342,5,0.6489130800387013,pass
BERT_base&CBOW_GoogleNews,social_binder,342,1,0.6705024170952045,pass
BERT_base&CBOW_GoogleNews,social_binder,342,2,0.6886678941170655,pass
BERT_base&CBOW_GoogleNews,social_binder,342,3,0.6027712518255188,pass
BERT_base&CBOW_GoogleNews,social_binder,342,4,0.70532256452482,pass
BERT_base&CBOW_GoogleNews,social_binder,342,5,0.7424634146890355,pass
BERT_base&CBOW_GoogleNews,human_binder,342,1,0.7271205938015872,pass
BERT_base&CBOW_GoogleNews,human_binder,342,2,0.7783958557170074,pass
BERT_base&CBOW_GoogleNews,human_binder,342,3,0.815915434677164,pass
BERT_base&CBOW_GoogleNews,human_binder,342,4,0.7195748442657974,pass
BERT_base&CBOW_GoogleNews,human_binder,342,5,0.7769336240943765,pass
BERT_base&CBOW_GoogleNews,communication_binder,342,1,0.7186837923880431,pass
BERT_base&CBOW_GoogleNews,communication_binder,342,2,0.5744487730863967,pass
BERT_base&CBOW_GoogleNews,communication_binder,342,3,0.6192683458671655,pass
BERT_base&CBOW_GoogleNews,communication_binder,342,4,0.6280921283936678,pass
BERT_base&CBOW_GoogleNews,communication_binder,342,5,0.62300623352045,pass
BERT_base&CBOW_GoogleNews,self_binder,342,1,0.5602647135073542,pass
BERT_base&CBOW_GoogleNews,self_binder,342,2,0.6226419910561221,pass
BERT_base&CBOW_GoogleNews,self_binder,342,3,0.6558898795862286,pass
BERT_base&CBOW_GoogleNews,self_binder,342,4,0.6495536484612894,pass
BERT_base&CBOW_GoogleNews,self_binder,342,5,0.6391508215823385,pass
BERT_base&CBOW_GoogleNews,cognition_binder,342,1,0.7452936054474762,pass
BERT_base&CBOW_GoogleNews,cognition_binder,342,2,0.6977453353339922,pass
BERT_base&CBOW_GoogleNews,cognition_binder,342,3,0.8205576149636584,pass
BERT_base&CBOW_GoogleNews,cognition_binder,342,4,0.7218649121336363,pass
BERT_base&CBOW_GoogleNews,cognition_binder,342,5,0.7532569762508037,pass
BERT_base&CBOW_GoogleNews,benefit_binder,342,1,0.6681121373089497,pass
BERT_base&CBOW_GoogleNews,benefit_binder,342,2,0.6358454666523105,pass
BERT_base&CBOW_GoogleNews,benefit_binder,342,3,0.6411035612856161,pass
BERT_base&CBOW_GoogleNews,benefit_binder,342,4,0.5440238700575944,pass
BERT_base&CBOW_GoogleNews,benefit_binder,342,5,0.6758833947958055,pass
BERT_base&CBOW_GoogleNews,harm_binder,342,1,0.5261286231696829,pass
BERT_base&CBOW_GoogleNews,harm_binder,342,2,0.682147143024461,pass
BERT_base&CBOW_GoogleNews,harm_binder,342,3,0.5529295404833092,pass
BERT_base&CBOW_GoogleNews,harm_binder,342,4,0.6023898519131816,pass
BERT_base&CBOW_GoogleNews,harm_binder,342,5,0.5789117705059699,pass
BERT_base&CBOW_GoogleNews,pleasant_binder,342,1,0.6068745214628533,pass
BERT_base&CBOW_GoogleNews,pleasant_binder,342,2,0.631268812808125,pass
BERT_base&CBOW_GoogleNews,pleasant_binder,342,3,0.6340573562402595,pass
BERT_base&CBOW_GoogleNews,pleasant_binder,342,4,0.6424970125655315,pass
BERT_base&CBOW_GoogleNews,pleasant_binder,342,5,0.5778568403501152,pass
BERT_base&CBOW_GoogleNews,unpleasant_binder,342,1,0.6162689912575752,pass
BERT_base&CBOW_GoogleNews,unpleasant_binder,342,2,0.7092806359512585,pass
BERT_base&CBOW_GoogleNews,unpleasant_binder,342,3,0.6894745745033037,pass
BERT_base&CBOW_GoogleNews,unpleasant_binder,342,4,0.6766347166477494,pass
BERT_base&CBOW_GoogleNews,unpleasant_binder,342,5,0.6822667348154658,pass
BERT_base&CBOW_GoogleNews,happy_binder,342,1,0.5625651847529263,pass
BERT_base&CBOW_GoogleNews,happy_binder,342,2,0.5538275145136046,pass
BERT_base&CBOW_GoogleNews,happy_binder,342,3,0.6213559552962893,pass
BERT_base&CBOW_GoogleNews,happy_binder,342,4,0.6085073270858724,pass
BERT_base&CBOW_GoogleNews,happy_binder,342,5,0.5930262687927608,pass
BERT_base&CBOW_GoogleNews,sad_binder,342,1,0.4671262322578802,pass
BERT_base&CBOW_GoogleNews,sad_binder,342,2,0.6770710251194549,pass
BERT_base&CBOW_GoogleNews,sad_binder,342,3,0.6659741139912976,pass
BERT_base&CBOW_GoogleNews,sad_binder,342,4,0.6397209136103515,pass
BERT_base&CBOW_GoogleNews,sad_binder,342,5,0.6564695542657784,pass
BERT_base&CBOW_GoogleNews,angry_binder,342,1,0.5882739603486449,pass
BERT_base&CBOW_GoogleNews,angry_binder,342,2,0.6945674815204577,pass
BERT_base&CBOW_GoogleNews,angry_binder,342,3,0.6183749783945248,pass
BERT_base&CBOW_GoogleNews,angry_binder,342,4,0.6377963518265465,pass
BERT_base&CBOW_GoogleNews,angry_binder,342,5,0.5979104360009464,pass
BERT_base&CBOW_GoogleNews,disgusted_binder,342,1,0.44063583171191,pass
BERT_base&CBOW_GoogleNews,disgusted_binder,342,2,0.6220434509308093,pass
BERT_base&CBOW_GoogleNews,disgusted_binder,342,3,0.6255703431253177,pass
BERT_base&CBOW_GoogleNews,disgusted_binder,342,4,0.6055147582018825,pass
BERT_base&CBOW_GoogleNews,disgusted_binder,342,5,0.48396509447034053,pass
BERT_base&CBOW_GoogleNews,fearful_binder,342,1,0.5334405118304855,pass
BERT_base&CBOW_GoogleNews,fearful_binder,342,2,0.6710536546621201,pass
BERT_base&CBOW_GoogleNews,fearful_binder,342,3,0.6042332394615917,pass
BERT_base&CBOW_GoogleNews,fearful_binder,342,4,0.5874088943468454,pass
BERT_base&CBOW_GoogleNews,fearful_binder,342,5,0.6893610008010425,pass
BERT_base&CBOW_GoogleNews,surprised_binder,342,1,0.6586607734547685,pass
BERT_base&CBOW_GoogleNews,surprised_binder,342,2,0.6651119054309104,pass
BERT_base&CBOW_GoogleNews,surprised_binder,342,3,0.598212198843441,pass
BERT_base&CBOW_GoogleNews,surprised_binder,342,4,0.543626512803697,pass
BERT_base&CBOW_GoogleNews,surprised_binder,342,5,0.7061389870923412,pass
BERT_base&CBOW_GoogleNews,drive_binder,342,1,0.6296630366137187,pass
BERT_base&CBOW_GoogleNews,drive_binder,342,2,0.5411544963327405,pass
BERT_base&CBOW_GoogleNews,drive_binder,342,3,0.6287740489785361,pass
BERT_base&CBOW_GoogleNews,drive_binder,342,4,0.5657811413222,pass
BERT_base&CBOW_GoogleNews,drive_binder,342,5,0.6525775607472146,pass
BERT_base&CBOW_GoogleNews,needs_binder,342,1,0.5313705952431658,pass
BERT_base&CBOW_GoogleNews,needs_binder,342,2,0.5655958022147765,pass
BERT_base&CBOW_GoogleNews,needs_binder,342,3,0.5878991567526144,pass
BERT_base&CBOW_GoogleNews,needs_binder,342,4,0.5638054756780794,pass
BERT_base&CBOW_GoogleNews,needs_binder,342,5,0.5420993158053837,pass
BERT_base&CBOW_GoogleNews,attention_binder,342,1,0.6794379372884548,pass
BERT_base&CBOW_GoogleNews,attention_binder,342,2,0.5581635345379161,pass
BERT_base&CBOW_GoogleNews,attention_binder,342,3,0.5403263494911981,pass
BERT_base&CBOW_GoogleNews,attention_binder,342,4,0.6600808946496783,pass
BERT_base&CBOW_GoogleNews,attention_binder,342,5,0.6979215594380472,pass
BERT_base&CBOW_GoogleNews,arousal_binder,342,1,0.6232397344396371,pass
BERT_base&CBOW_GoogleNews,arousal_binder,342,2,0.6748687356045795,pass
BERT_base&CBOW_GoogleNews,arousal_binder,342,3,0.6327149476310616,pass
BERT_base&CBOW_GoogleNews,arousal_binder,342,4,0.6657563269113043,pass
BERT_base&CBOW_GoogleNews,arousal_binder,342,5,0.6383031832782272,pass
BERT_base&CBOW_GoogleNews,goals_wilkowski,344,1,0.8353685541586572,pass
BERT_base&CBOW_GoogleNews,goals_wilkowski,344,2,0.8534305278685725,pass
BERT_base&CBOW_GoogleNews,goals_wilkowski,344,3,0.8353492266779444,pass
BERT_base&CBOW_GoogleNews,goals_wilkowski,344,4,0.833036412083235,pass
BERT_base&CBOW_GoogleNews,goals_wilkowski,344,5,0.8266979900480109,pass
BERT_base&CBOW_GoogleNews,familiarity_lynott,164,1,-0.33412027885166196,pass
BERT_base&CBOW_GoogleNews,familiarity_lynott,164,2,-0.49230290640346785,pass
BERT_base&CBOW_GoogleNews,familiarity_lynott,164,3,-0.007513977746307576,pass
BERT_base&CBOW_GoogleNews,familiarity_lynott,164,4,0.047412018358139685,pass
BERT_base&CBOW_GoogleNews,familiarity_lynott,164,5,-0.046708334412510766,pass
BERT_base&CBOW_GoogleNews,visual_lynott,164,1,0.6099994923674514,pass
BERT_base&CBOW_GoogleNews,visual_lynott,164,2,0.39641754950396946,pass
BERT_base&CBOW_GoogleNews,visual_lynott,164,3,0.5931687469843707,pass
BERT_base&CBOW_GoogleNews,visual_lynott,164,4,0.7437528029930622,pass
BERT_base&CBOW_GoogleNews,visual_lynott,164,5,0.6494928462560667,pass
BERT_base&CBOW_GoogleNews,haptic_lynott,164,1,0.7146255161221933,pass
BERT_base&CBOW_GoogleNews,haptic_lynott,164,2,0.5252121260427492,pass
BERT_base&CBOW_GoogleNews,haptic_lynott,164,3,0.5817407281168692,pass
BERT_base&CBOW_GoogleNews,haptic_lynott,164,4,0.6618705173703305,pass
BERT_base&CBOW_GoogleNews,haptic_lynott,164,5,0.5353682647756905,pass
BERT_base&CBOW_GoogleNews,auditory_lynott,164,1,0.35478246982041994,pass
BERT_base&CBOW_GoogleNews,auditory_lynott,164,2,-0.22472073573139295,pass
BERT_base&CBOW_GoogleNews,auditory_lynott,164,3,0.4752037110373777,pass
BERT_base&CBOW_GoogleNews,auditory_lynott,164,4,0.6659825686563381,pass
BERT_base&CBOW_GoogleNews,auditory_lynott,164,5,0.1749178529649661,pass
BERT_base&CBOW_GoogleNews,olfactory_lynott,164,1,0.5439567258220633,pass
BERT_base&CBOW_GoogleNews,olfactory_lynott,164,2,0.5112975712311836,pass
BERT_base&CBOW_GoogleNews,olfactory_lynott,164,3,0.3679876962364498,pass
BERT_base&CBOW_GoogleNews,olfactory_lynott,164,4,0.6515381231602351,pass
BERT_base&CBOW_GoogleNews,olfactory_lynott,164,5,0.5621247104012062,pass
BERT_base&CBOW_GoogleNews,gustatory_lynott,164,1,0.713820775505759,pass
BERT_base&CBOW_GoogleNews,gustatory_lynott,164,2,0.49706486270471306,pass
BERT_base&CBOW_GoogleNews,gustatory_lynott,164,3,0.5464888216103312,pass
BERT_base&CBOW_GoogleNews,gustatory_lynott,164,4,0.6746123101660766,pass
BERT_base&CBOW_GoogleNews,gustatory_lynott,164,5,0.7341391187353838,pass
BERT_base&CBOW_GoogleNews,dominant_modality_lynott,135,1,0.6987653232196741,pass
BERT_base&CBOW_GoogleNews,dominant_modality_lynott,135,2,-1.111752903686078,pass
BERT_base&CBOW_GoogleNews,dominant_modality_lynott,135,3,0.365250585058867,pass
BERT_base&CBOW_GoogleNews,dominant_modality_lynott,135,4,0.44984870865404214,pass
BERT_base&CBOW_GoogleNews,dominant_modality_lynott,135,5,0.40162443466888664,pass
BERT_base&CBOW_GoogleNews,imagery_toronto,759,1,0.7476692776241167,pass
BERT_base&CBOW_GoogleNews,imagery_toronto,759,2,0.5723170239335452,pass
BERT_base&CBOW_GoogleNews,imagery_toronto,759,3,0.7261531809005437,pass
BERT_base&CBOW_GoogleNews,imagery_toronto,759,4,0.7176402679516893,pass
BERT_base&CBOW_GoogleNews,imagery_toronto,759,5,0.6387231742099194,pass
BERT_base&CBOW_GoogleNews,concreteness_toronto,759,1,0.8331738928838935,pass
BERT_base&CBOW_GoogleNews,concreteness_toronto,759,2,0.7200410064940365,pass
BERT_base&CBOW_GoogleNews,concreteness_toronto,759,3,0.8048227168182628,pass
BERT_base&CBOW_GoogleNews,concreteness_toronto,759,4,0.8040121328928298,pass
BERT_base&CBOW_GoogleNews,concreteness_toronto,759,5,0.723000723015471,pass
BERT_base&CBOW_GoogleNews,aoa_khanna,944,1,0.047678330858743734,pass
BERT_base&CBOW_GoogleNews,aoa_khanna,944,2,-0.026151712716477205,pass
BERT_base&CBOW_GoogleNews,aoa_khanna,944,3,0.006657893364824141,pass
BERT_base&CBOW_GoogleNews,aoa_khanna,944,4,-0.10691102041269218,pass
BERT_base&CBOW_GoogleNews,aoa_khanna,944,5,-0.0017333455621555416,pass
BERT_base&CBOW_GoogleNews,aoa_rt_khanna,944,1,-0.17984267744487492,pass
BERT_base&CBOW_GoogleNews,aoa_rt_khanna,944,2,-0.03766402589158191,pass
BERT_base&CBOW_GoogleNews,aoa_rt_khanna,944,3,-0.07726587994246925,pass
BERT_base&CBOW_GoogleNews,aoa_rt_khanna,944,4,-0.30202869791004305,pass
BERT_base&CBOW_GoogleNews,aoa_rt_khanna,944,5,-0.10308778505698135,pass
BERT_base&CBOW_GoogleNews,aoa_hollis,672,1,0.7222226811946398,pass
BERT_base&CBOW_GoogleNews,aoa_hollis,672,2,0.7175150224553855,pass
BERT_base&CBOW_GoogleNews,aoa_hollis,672,3,0.7046110914109105,pass
BERT_base&CBOW_GoogleNews,aoa_hollis,672,4,0.74308356735063,pass
BERT_base&CBOW_GoogleNews,aoa_hollis,672,5,0.6908844845220523,pass
BERT_base&CBOW_GoogleNews,valence_hollis,672,1,0.858428444872227,pass
BERT_base&CBOW_GoogleNews,valence_hollis,672,2,0.8422938519937588,pass
BERT_base&CBOW_GoogleNews,valence_hollis,672,3,0.8549963562341485,pass
BERT_base&CBOW_GoogleNews,valence_hollis,672,4,0.846936366310375,pass
BERT_base&CBOW_GoogleNews,valence_hollis,672,5,0.8655125536463331,pass
BERT_base&CBOW_GoogleNews,arousal_hollis,672,1,0.7838563511588954,pass
BERT_base&CBOW_GoogleNews,arousal_hollis,672,2,0.7358853342512754,pass
BERT_base&CBOW_GoogleNews,arousal_hollis,672,3,0.7451034107176926,pass
BERT_base&CBOW_GoogleNews,arousal_hollis,672,4,0.6971425568373122,pass
BERT_base&CBOW_GoogleNews,arousal_hollis,672,5,0.7207703885687209,pass
BERT_base&CBOW_GoogleNews,concreteness_hollis,672,1,0.8169578921015445,pass
BERT_base&CBOW_GoogleNews,concreteness_hollis,672,2,0.8639380363909243,pass
BERT_base&CBOW_GoogleNews,concreteness_hollis,672,3,0.8555263056399491,pass
BERT_base&CBOW_GoogleNews,concreteness_hollis,672,4,0.8366168792442817,pass
BERT_base&CBOW_GoogleNews,concreteness_hollis,672,5,0.8486046100965772,pass
BERT_base&CBOW_GoogleNews,aoa_stration,269,1,0.44002511180021164,pass
BERT_base&CBOW_GoogleNews,aoa_stration,269,2,0.49624179593755224,pass
BERT_base&CBOW_GoogleNews,aoa_stration,269,3,0.4586442631979404,pass
BERT_base&CBOW_GoogleNews,aoa_stration,269,4,0.38290146460347063,pass
BERT_base&CBOW_GoogleNews,aoa_stration,269,5,0.4663037350312643,pass
BERT_base&CBOW_GoogleNews,imagery_stration,269,1,0.6152385220340336,pass
BERT_base&CBOW_GoogleNews,imagery_stration,269,2,0.5815914728517853,pass
BERT_base&CBOW_GoogleNews,imagery_stration,269,3,0.44311628298814576,pass
BERT_base&CBOW_GoogleNews,imagery_stration,269,4,0.5625825125311656,pass
BERT_base&CBOW_GoogleNews,imagery_stration,269,5,0.5375635204101343,pass
BERT_base&CBOW_GoogleNews,familiarity_stration,269,1,0.39928625503907145,pass
BERT_base&CBOW_GoogleNews,familiarity_stration,269,2,0.5193900117113559,pass
BERT_base&CBOW_GoogleNews,familiarity_stration,269,3,0.5132174846038616,pass
BERT_base&CBOW_GoogleNews,familiarity_stration,269,4,0.5072325898478647,pass
BERT_base&CBOW_GoogleNews,familiarity_stration,269,5,0.45318747638837653,pass
BERT_base&CBOW_GoogleNews,meaningfulness_stration,269,1,0.276322597651383,pass
BERT_base&CBOW_GoogleNews,meaningfulness_stration,269,2,0.46857699343163617,pass
BERT_base&CBOW_GoogleNews,meaningfulness_stration,269,3,0.31955722709262946,pass
BERT_base&CBOW_GoogleNews,meaningfulness_stration,269,4,0.28587703700035294,pass
BERT_base&CBOW_GoogleNews,meaningfulness_stration,269,5,0.29322144776618286,pass
BERT_base&CBOW_GoogleNews,valence_garrido,163,1,0.7693284321472321,pass
BERT_base&CBOW_GoogleNews,valence_garrido,163,2,0.7426112167348174,pass
BERT_base&CBOW_GoogleNews,valence_garrido,163,3,0.8028440188612842,pass
BERT_base&CBOW_GoogleNews,valence_garrido,163,4,0.7148051651920095,pass
BERT_base&CBOW_GoogleNews,valence_garrido,163,5,0.7637108085445271,pass
BERT_base&CBOW_GoogleNews,emotionality_garrido,163,1,0.5979506510291086,pass
BERT_base&CBOW_GoogleNews,emotionality_garrido,163,2,0.4928087540990752,pass
BERT_base&CBOW_GoogleNews,emotionality_garrido,163,3,0.5455452733192843,pass
BERT_base&CBOW_GoogleNews,emotionality_garrido,163,4,0.5658901411785899,pass
BERT_base&CBOW_GoogleNews,emotionality_garrido,163,5,0.4329093569316992,pass
BERT_base&CBOW_GoogleNews,familiarity_garrido,163,1,0.161452545799734,pass
BERT_base&CBOW_GoogleNews,familiarity_garrido,163,2,0.3703035349357491,pass
BERT_base&CBOW_GoogleNews,familiarity_garrido,163,3,0.5317180056133808,pass
BERT_base&CBOW_GoogleNews,familiarity_garrido,163,4,0.2910575567462228,pass
BERT_base&CBOW_GoogleNews,familiarity_garrido,163,5,0.4200413017307154,pass
BERT_base&CBOW_GoogleNews,angry_zupan,151,1,0.5857618307048245,pass
BERT_base&CBOW_GoogleNews,angry_zupan,151,2,0.8028710355161562,pass
BERT_base&CBOW_GoogleNews,angry_zupan,151,3,0.7068825938248975,pass
BERT_base&CBOW_GoogleNews,angry_zupan,151,4,0.708257046354117,pass
BERT_base&CBOW_GoogleNews,angry_zupan,151,5,0.6439689337197623,pass
BERT_base&CBOW_GoogleNews,fearful_zupan,151,1,0.6039786685924955,pass
BERT_base&CBOW_GoogleNews,fearful_zupan,151,2,0.7666128620882584,pass
BERT_base&CBOW_GoogleNews,fearful_zupan,151,3,0.67959452324634,pass
BERT_base&CBOW_GoogleNews,fearful_zupan,151,4,0.47478297080313847,pass
BERT_base&CBOW_GoogleNews,fearful_zupan,151,5,0.7610379427147842,pass
BERT_base&CBOW_GoogleNews,happy_zupan,151,1,0.7190919413583445,pass
BERT_base&CBOW_GoogleNews,happy_zupan,151,2,0.8168833322138628,pass
BERT_base&CBOW_GoogleNews,happy_zupan,151,3,0.7360960800043224,pass
BERT_base&CBOW_GoogleNews,happy_zupan,151,4,0.7238886712899569,pass
BERT_base&CBOW_GoogleNews,happy_zupan,151,5,0.781523201774287,pass
BERT_base&CBOW_GoogleNews,intensity_zupan,151,1,0.5163665528055985,pass
BERT_base&CBOW_GoogleNews,intensity_zupan,151,2,0.46653220662434725,pass
BERT_base&CBOW_GoogleNews,intensity_zupan,151,3,0.41439968589145515,pass
BERT_base&CBOW_GoogleNews,intensity_zupan,151,4,0.6158117117930355,pass
BERT_base&CBOW_GoogleNews,intensity_zupan,151,5,0.3775692831680496,pass
BERT_base&CBOW_GoogleNews,neutral_zupan,151,1,0.5048813336557578,pass
BERT_base&CBOW_GoogleNews,neutral_zupan,151,2,0.35651742073203707,pass
BERT_base&CBOW_GoogleNews,neutral_zupan,151,3,0.4142663034071692,pass
BERT_base&CBOW_GoogleNews,neutral_zupan,151,4,0.18561876602592442,pass
BERT_base&CBOW_GoogleNews,neutral_zupan,151,5,0.35918386645548717,pass
BERT_base&CBOW_GoogleNews,sad_zupan,151,1,0.4257867749949842,pass
BERT_base&CBOW_GoogleNews,sad_zupan,151,2,0.7416598383672173,pass
BERT_base&CBOW_GoogleNews,sad_zupan,151,3,0.7337827417171439,pass
BERT_base&CBOW_GoogleNews,sad_zupan,151,4,0.6246783045754101,pass
BERT_base&CBOW_GoogleNews,sad_zupan,151,5,0.7089665747702967,pass
BERT_base&CBOW_GoogleNews,valence_zupan,151,1,0.7613526711767421,pass
BERT_base&CBOW_GoogleNews,valence_zupan,151,2,0.8334994954396187,pass
BERT_base&CBOW_GoogleNews,valence_zupan,151,3,0.7417576377418026,pass
BERT_base&CBOW_GoogleNews,valence_zupan,151,4,0.7348106178218075,pass
BERT_base&CBOW_GoogleNews,valence_zupan,151,5,0.7959731078303118,pass
BERT_base&CBOW_GoogleNews,aoa_bird,1229,1,0.6077900377737293,pass
BERT_base&CBOW_GoogleNews,aoa_bird,1229,2,0.647702174112484,pass
BERT_base&CBOW_GoogleNews,aoa_bird,1229,3,0.7173419510778274,pass
BERT_base&CBOW_GoogleNews,aoa_bird,1229,4,0.6261961313537603,pass
BERT_base&CBOW_GoogleNews,aoa_bird,1229,5,0.6345176551415895,pass
BERT_base&CBOW_GoogleNews,imageability_bird,788,1,0.47245045043753797,pass
BERT_base&CBOW_GoogleNews,imageability_bird,788,2,0.5603577010071814,pass
BERT_base&CBOW_GoogleNews,imageability_bird,788,3,0.6076699537610328,pass
BERT_base&CBOW_GoogleNews,imageability_bird,788,4,0.5440178566641837,pass
BERT_base&CBOW_GoogleNews,imageability_bird,788,5,0.5946838984555823,pass
BERT_base&CBOW_GoogleNews,association_rt_ley,69,1,,test_n < 20
BERT_base&CBOW_GoogleNews,association_rt_ley,69,2,,test_n < 20
BERT_base&CBOW_GoogleNews,association_rt_ley,69,3,,test_n < 20
BERT_base&CBOW_GoogleNews,association_rt_ley,69,4,,test_n < 20
BERT_base&CBOW_GoogleNews,association_rt_ley,69,5,,test_n < 20
BERT_base&CBOW_GoogleNews,meaningfulness_ley,69,1,,test_n < 20
BERT_base&CBOW_GoogleNews,meaningfulness_ley,69,2,,test_n < 20
BERT_base&CBOW_GoogleNews,meaningfulness_ley,69,3,,test_n < 20
BERT_base&CBOW_GoogleNews,meaningfulness_ley,69,4,,test_n < 20
BERT_base&CBOW_GoogleNews,meaningfulness_ley,69,5,,test_n < 20
BERT_base&CBOW_GoogleNews,happiness_stevenson,668,1,0.8267702767004499,pass
BERT_base&CBOW_GoogleNews,happiness_stevenson,668,2,0.8420465325660089,pass
BERT_base&CBOW_GoogleNews,happiness_stevenson,668,3,0.793530247066947,pass
BERT_base&CBOW_GoogleNews,happiness_stevenson,668,4,0.8150941244851675,pass
BERT_base&CBOW_GoogleNews,happiness_stevenson,668,5,0.8032469130959012,pass
BERT_base&CBOW_GoogleNews,anger_stevenson,668,1,0.8260550784222814,pass
BERT_base&CBOW_GoogleNews,anger_stevenson,668,2,0.7709643461068864,pass
BERT_base&CBOW_GoogleNews,anger_stevenson,668,3,0.7581346082988746,pass
BERT_base&CBOW_GoogleNews,anger_stevenson,668,4,0.7798186932921598,pass
BERT_base&CBOW_GoogleNews,anger_stevenson,668,5,0.7799324076029683,pass
BERT_base&CBOW_GoogleNews,sadness_stevenson,668,1,0.7201765586950026,pass
BERT_base&CBOW_GoogleNews,sadness_stevenson,668,2,0.7416664723965459,pass
BERT_base&CBOW_GoogleNews,sadness_stevenson,668,3,0.7761988663906183,pass
BERT_base&CBOW_GoogleNews,sadness_stevenson,668,4,0.7008098991677834,pass
BERT_base&CBOW_GoogleNews,sadness_stevenson,668,5,0.7732571064119927,pass
BERT_base&CBOW_GoogleNews,fear_stevenson,668,1,0.7722198878009985,pass
BERT_base&CBOW_GoogleNews,fear_stevenson,668,2,0.7316995248765733,pass
BERT_base&CBOW_GoogleNews,fear_stevenson,668,3,0.797474418322356,pass
BERT_base&CBOW_GoogleNews,fear_stevenson,668,4,0.6729518065337978,pass
BERT_base&CBOW_GoogleNews,fear_stevenson,668,5,0.7998580602844119,pass
BERT_base&CBOW_GoogleNews,disgust_stevenson,668,1,0.6842271563082939,pass
BERT_base&CBOW_GoogleNews,disgust_stevenson,668,2,0.7485289096979487,pass
BERT_base&CBOW_GoogleNews,disgust_stevenson,668,3,0.7190444183554526,pass
BERT_base&CBOW_GoogleNews,disgust_stevenson,668,4,0.7077860564364109,pass
BERT_base&CBOW_GoogleNews,disgust_stevenson,668,5,0.8123093739291616,pass
BERT_base&CBOW_GoogleNews,goodness_brown,443,1,0.720877565616705,pass
BERT_base&CBOW_GoogleNews,goodness_brown,443,2,0.7589836176122208,pass
BERT_base&CBOW_GoogleNews,goodness_brown,443,3,0.8075847977797646,pass
BERT_base&CBOW_GoogleNews,goodness_brown,443,4,0.7149716826763752,pass
BERT_base&CBOW_GoogleNews,goodness_brown,443,5,0.7015166656922336,pass
BERT_base&CBOW_GoogleNews,pleasantness_brown,443,1,0.7349104619337082,pass
BERT_base&CBOW_GoogleNews,pleasantness_brown,443,2,0.7410474489426101,pass
BERT_base&CBOW_GoogleNews,pleasantness_brown,443,3,0.7940823721945607,pass
BERT_base&CBOW_GoogleNews,pleasantness_brown,443,4,0.7282198755042524,pass
BERT_base&CBOW_GoogleNews,pleasantness_brown,443,5,0.722943274529719,pass
BERT_base&CBOW_GoogleNews,emotionality_brown,443,1,0.7193863504842813,pass
BERT_base&CBOW_GoogleNews,emotionality_brown,443,2,0.675647276611385,pass
BERT_base&CBOW_GoogleNews,emotionality_brown,443,3,0.7101546506472389,pass
BERT_base&CBOW_GoogleNews,emotionality_brown,443,4,0.6774946240550941,pass
BERT_base&CBOW_GoogleNews,emotionality_brown,443,5,0.5796903768469672,pass
BERT_base&CBOW_GoogleNews,concreteness_brown,443,1,0.8143555186433377,pass
BERT_base&CBOW_GoogleNews,concreteness_brown,443,2,0.8195198732814357,pass
BERT_base&CBOW_GoogleNews,concreteness_brown,443,3,0.7931551054252226,pass
BERT_base&CBOW_GoogleNews,concreteness_brown,443,4,0.801624454827278,pass
BERT_base&CBOW_GoogleNews,concreteness_brown,443,5,0.7555044382467654,pass
BERT_base&CBOW_GoogleNews,meaningfulness_brown,443,1,0.6122274977825961,pass
BERT_base&CBOW_GoogleNews,meaningfulness_brown,443,2,0.5480345284379089,pass
BERT_base&CBOW_GoogleNews,meaningfulness_brown,443,3,0.6057111083933358,pass
BERT_base&CBOW_GoogleNews,meaningfulness_brown,443,4,0.5238714595133102,pass
BERT_base&CBOW_GoogleNews,meaningfulness_brown,443,5,0.44275895229416873,pass
BERT_base&CBOW_GoogleNews,difficulty_rudell,442,1,0.5289633582525112,pass
BERT_base&CBOW_GoogleNews,difficulty_rudell,442,2,0.6107353697131432,pass
BERT_base&CBOW_GoogleNews,difficulty_rudell,442,3,0.6090675152978233,pass
BERT_base&CBOW_GoogleNews,difficulty_rudell,442,4,0.5383723250719614,pass
BERT_base&CBOW_GoogleNews,difficulty_rudell,442,5,0.547958318494637,pass
BERT_base&CBOW_GoogleNews,imageability_chiarello,796,1,0.7811239053865822,pass
BERT_base&CBOW_GoogleNews,imageability_chiarello,796,2,0.6724413563768409,pass
BERT_base&CBOW_GoogleNews,imageability_chiarello,796,3,0.6514473929951325,pass
BERT_base&CBOW_GoogleNews,imageability_chiarello,796,4,0.6324320046265375,pass
BERT_base&CBOW_GoogleNews,imageability_chiarello,796,5,0.6269988758384084,pass
BERT_base&CBOW_GoogleNews,imageability_rt_chiarello,796,1,0.46500722923752824,pass
BERT_base&CBOW_GoogleNews,imageability_rt_chiarello,796,2,0.43602494969241146,pass
BERT_base&CBOW_GoogleNews,imageability_rt_chiarello,796,3,0.43302787655294583,pass
BERT_base&CBOW_GoogleNews,imageability_rt_chiarello,796,4,0.4762663749534891,pass
BERT_base&CBOW_GoogleNews,imageability_rt_chiarello,796,5,0.3409733896383035,pass
BERT_base&CBOW_GoogleNews,personal_use_janschewitz,272,1,0.63269961862273,pass
BERT_base&CBOW_GoogleNews,personal_use_janschewitz,272,2,0.6692128770174516,pass
BERT_base&CBOW_GoogleNews,personal_use_janschewitz,272,3,0.6075630061037632,pass
BERT_base&CBOW_GoogleNews,personal_use_janschewitz,272,4,0.3406182987114176,pass
BERT_base&CBOW_GoogleNews,personal_use_janschewitz,272,5,0.7119867672581655,pass
BERT_base&CBOW_GoogleNews,familiarity_janschewitz,272,1,0.6607423436727637,pass
BERT_base&CBOW_GoogleNews,familiarity_janschewitz,272,2,0.5342006154826715,pass
BERT_base&CBOW_GoogleNews,familiarity_janschewitz,272,3,0.6392582955675785,pass
BERT_base&CBOW_GoogleNews,familiarity_janschewitz,272,4,0.3770661042750255,pass
BERT_base&CBOW_GoogleNews,familiarity_janschewitz,272,5,0.7352647894080078,pass
BERT_base&CBOW_GoogleNews,offensiveness_janschewitz,272,1,0.7423247455728665,pass
BERT_base&CBOW_GoogleNews,offensiveness_janschewitz,272,2,0.3024012481853927,pass
BERT_base&CBOW_GoogleNews,offensiveness_janschewitz,272,3,0.7109670763041919,pass
BERT_base&CBOW_GoogleNews,offensiveness_janschewitz,272,4,0.4795382887111518,pass
BERT_base&CBOW_GoogleNews,offensiveness_janschewitz,272,5,0.6003884437679572,pass
BERT_base&CBOW_GoogleNews,tabooness_janschewitz,272,1,0.7284164476831875,pass
BERT_base&CBOW_GoogleNews,tabooness_janschewitz,272,2,0.5015980931824251,pass
BERT_base&CBOW_GoogleNews,tabooness_janschewitz,272,3,0.6287371130770796,pass
BERT_base&CBOW_GoogleNews,tabooness_janschewitz,272,4,0.5785150816765263,pass
BERT_base&CBOW_GoogleNews,tabooness_janschewitz,272,5,0.6500023648845729,pass
BERT_base&CBOW_GoogleNews,valence_janschewitz,272,1,0.6825250598905299,pass
BERT_base&CBOW_GoogleNews,valence_janschewitz,272,2,0.7287507954867789,pass
BERT_base&CBOW_GoogleNews,valence_janschewitz,272,3,0.7172214815798696,pass
BERT_base&CBOW_GoogleNews,valence_janschewitz,272,4,0.6979747118574142,pass
BERT_base&CBOW_GoogleNews,valence_janschewitz,272,5,0.7788263107299707,pass
BERT_base&CBOW_GoogleNews,arousal_janschewitz,272,1,0.6941650754514826,pass
BERT_base&CBOW_GoogleNews,arousal_janschewitz,272,2,0.5017937278416964,pass
BERT_base&CBOW_GoogleNews,arousal_janschewitz,272,3,0.5740978736338798,pass
BERT_base&CBOW_GoogleNews,arousal_janschewitz,272,4,0.5714942255555787,pass
BERT_base&CBOW_GoogleNews,arousal_janschewitz,272,5,0.69282740208891,pass
BERT_base&CBOW_GoogleNews,imageability_janschewitz,272,1,0.7872411217783521,pass
BERT_base&CBOW_GoogleNews,imageability_janschewitz,272,2,0.7495225573598627,pass
BERT_base&CBOW_GoogleNews,imageability_janschewitz,272,3,0.6961443622072809,pass
BERT_base&CBOW_GoogleNews,imageability_janschewitz,272,4,0.7080102461259581,pass
BERT_base&CBOW_GoogleNews,imageability_janschewitz,272,5,0.7648702907596006,pass
BERT_base&CBOW_GoogleNews,perc_known_britz,194,1,0.4104124907132146,pass
BERT_base&CBOW_GoogleNews,perc_known_britz,194,2,0.09644190332983871,pass
BERT_base&CBOW_GoogleNews,perc_known_britz,194,3,-0.44763344887171086,pass
BERT_base&CBOW_GoogleNews,perc_known_britz,194,4,0.0754013299112134,pass
BERT_base&CBOW_GoogleNews,perc_known_britz,194,5,-0.33479759296889977,pass
BERT_base&CBOW_GoogleNews,valence_britz,194,1,0.9088163624266257,pass
BERT_base&CBOW_GoogleNews,valence_britz,194,2,0.8730807335841777,pass
BERT_base&CBOW_GoogleNews,valence_britz,194,3,0.7876380732837597,pass
BERT_base&CBOW_GoogleNews,valence_britz,194,4,0.7873600609478444,pass
BERT_base&CBOW_GoogleNews,valence_britz,194,5,0.8650321321434328,pass
BERT_base&CBOW_GoogleNews,social_des_britz,194,1,0.9083387155750454,pass
BERT_base&CBOW_GoogleNews,social_des_britz,194,2,0.8823356420212529,pass
BERT_base&CBOW_GoogleNews,social_des_britz,194,3,0.7834656906641092,pass
BERT_base&CBOW_GoogleNews,social_des_britz,194,4,0.843605454617825,pass
BERT_base&CBOW_GoogleNews,social_des_britz,194,5,0.8691122555196856,pass
BERT_base&CBOW_GoogleNews,observability_britz,194,1,0.5552458038552919,pass
BERT_base&CBOW_GoogleNews,observability_britz,194,2,0.48671254499736394,pass
BERT_base&CBOW_GoogleNews,observability_britz,194,3,0.3336183972582847,pass
BERT_base&CBOW_GoogleNews,observability_britz,194,4,0.4238560863339009,pass
BERT_base&CBOW_GoogleNews,observability_britz,194,5,0.2563345330438678,pass
BERT_base&CBOW_GoogleNews,aoa_rodriguez,1155,1,0.5419532625401682,pass
BERT_base&CBOW_GoogleNews,aoa_rodriguez,1155,2,0.470142110691387,pass
BERT_base&CBOW_GoogleNews,aoa_rodriguez,1155,3,0.5984903204165242,pass
BERT_base&CBOW_GoogleNews,aoa_rodriguez,1155,4,0.5640677990733275,pass
BERT_base&CBOW_GoogleNews,aoa_rodriguez,1155,5,0.5697630568376238,pass
BERT_base&CBOW_GoogleNews,perc_known_rodriguez,1155,1,0.34130640141258395,pass
BERT_base&CBOW_GoogleNews,perc_known_rodriguez,1155,2,0.3365807746146665,pass
BERT_base&CBOW_GoogleNews,perc_known_rodriguez,1155,3,0.2871031796171837,pass
BERT_base&CBOW_GoogleNews,perc_known_rodriguez,1155,4,0.37916925764992315,pass
BERT_base&CBOW_GoogleNews,perc_known_rodriguez,1155,5,0.42420908508706834,pass
BERT_base&CBOW_GoogleNews,known_rt_chen,168,1,0.39689233626258147,pass
BERT_base&CBOW_GoogleNews,known_rt_chen,168,2,0.4172198337145365,pass
BERT_base&CBOW_GoogleNews,known_rt_chen,168,3,0.5511312654966845,pass
BERT_base&CBOW_GoogleNews,known_rt_chen,168,4,0.32215309082860266,pass
BERT_base&CBOW_GoogleNews,known_rt_chen,168,5,0.21024288163025984,pass
BERT_base&CBOW_GoogleNews,english_accuracy_chen,168,1,0.3339003790974836,pass
BERT_base&CBOW_GoogleNews,english_accuracy_chen,168,2,0.3256600663787882,pass
BERT_base&CBOW_GoogleNews,english_accuracy_chen,168,3,0.3976335843044746,pass
BERT_base&CBOW_GoogleNews,english_accuracy_chen,168,4,0.2708125778403271,pass
BERT_base&CBOW_GoogleNews,english_accuracy_chen,168,5,0.03879165204118051,pass
BERT_base&CBOW_GoogleNews,subjective_frequency_chen,168,1,0.5950257555211891,pass
BERT_base&CBOW_GoogleNews,subjective_frequency_chen,168,2,0.5260166105301434,pass
BERT_base&CBOW_GoogleNews,subjective_frequency_chen,168,3,0.634194557722414,pass
BERT_base&CBOW_GoogleNews,subjective_frequency_chen,168,4,0.555185195876754,pass
BERT_base&CBOW_GoogleNews,subjective_frequency_chen,168,5,0.5482743214378845,pass
BERT_base&CBOW_GoogleNews,familiarity_juhasz,78,1,,test_n < 20
BERT_base&CBOW_GoogleNews,familiarity_juhasz,78,2,,test_n < 20
BERT_base&CBOW_GoogleNews,familiarity_juhasz,78,3,,test_n < 20
BERT_base&CBOW_GoogleNews,familiarity_juhasz,78,4,,test_n < 20
BERT_base&CBOW_GoogleNews,familiarity_juhasz,78,5,,test_n < 20
BERT_base&CBOW_GoogleNews,aoa_juhasz,78,1,,test_n < 20
BERT_base&CBOW_GoogleNews,aoa_juhasz,78,2,,test_n < 20
BERT_base&CBOW_GoogleNews,aoa_juhasz,78,3,,test_n < 20
BERT_base&CBOW_GoogleNews,aoa_juhasz,78,4,,test_n < 20
BERT_base&CBOW_GoogleNews,aoa_juhasz,78,5,,test_n < 20
BERT_base&CBOW_GoogleNews,transparency_juhasz,78,1,,test_n < 20
BERT_base&CBOW_GoogleNews,transparency_juhasz,78,2,,test_n < 20
BERT_base&CBOW_GoogleNews,transparency_juhasz,78,3,,test_n < 20
BERT_base&CBOW_GoogleNews,transparency_juhasz,78,4,,test_n < 20
BERT_base&CBOW_GoogleNews,transparency_juhasz,78,5,,test_n < 20
BERT_base&CBOW_GoogleNews,lexeme_dominance_juhasz,78,1,,test_n < 20
BERT_base&CBOW_GoogleNews,lexeme_dominance_juhasz,78,2,,test_n < 20
BERT_base&CBOW_GoogleNews,lexeme_dominance_juhasz,78,3,,test_n < 20
BERT_base&CBOW_GoogleNews,lexeme_dominance_juhasz,78,4,,test_n < 20
BERT_base&CBOW_GoogleNews,lexeme_dominance_juhasz,78,5,,test_n < 20
BERT_base&CBOW_GoogleNews,imageability_juhasz,78,1,,test_n < 20
BERT_base&CBOW_GoogleNews,imageability_juhasz,78,2,,test_n < 20
BERT_base&CBOW_GoogleNews,imageability_juhasz,78,3,,test_n < 20
BERT_base&CBOW_GoogleNews,imageability_juhasz,78,4,,test_n < 20
BERT_base&CBOW_GoogleNews,imageability_juhasz,78,5,,test_n < 20
BERT_base&CBOW_GoogleNews,sensory_experience_juhasz2015,78,1,,test_n < 20
BERT_base&CBOW_GoogleNews,sensory_experience_juhasz2015,78,2,,test_n < 20
BERT_base&CBOW_GoogleNews,sensory_experience_juhasz2015,78,3,,test_n < 20
BERT_base&CBOW_GoogleNews,sensory_experience_juhasz2015,78,4,,test_n < 20
BERT_base&CBOW_GoogleNews,sensory_experience_juhasz2015,78,5,,test_n < 20
BERT_base&CBOW_GoogleNews,emotion_troche,530,1,0.8097239500456364,pass
BERT_base&CBOW_GoogleNews,emotion_troche,530,2,0.7853311691021367,pass
BERT_base&CBOW_GoogleNews,emotion_troche,530,3,0.7899489635057306,pass
BERT_base&CBOW_GoogleNews,emotion_troche,530,4,0.6794812067928798,pass
BERT_base&CBOW_GoogleNews,emotion_troche,530,5,0.7278537550721298,pass
BERT_base&CBOW_GoogleNews,polarity_troche,530,1,0.5996954229326797,pass
BERT_base&CBOW_GoogleNews,polarity_troche,530,2,0.4994184954720936,pass
BERT_base&CBOW_GoogleNews,polarity_troche,530,3,0.630091263725399,pass
BERT_base&CBOW_GoogleNews,polarity_troche,530,4,0.5172182865945859,pass
BERT_base&CBOW_GoogleNews,polarity_troche,530,5,0.5315513433775033,pass
BERT_base&CBOW_GoogleNews,socialness_troche,530,1,0.7323023305581142,pass
BERT_base&CBOW_GoogleNews,socialness_troche,530,2,0.7153692328360781,pass
BERT_base&CBOW_GoogleNews,socialness_troche,530,3,0.7277296932889201,pass
BERT_base&CBOW_GoogleNews,socialness_troche,530,4,0.5903546826285483,pass
BERT_base&CBOW_GoogleNews,socialness_troche,530,5,0.6601967468493064,pass
BERT_base&CBOW_GoogleNews,morality_troche,530,1,0.7318767555843539,pass
BERT_base&CBOW_GoogleNews,morality_troche,530,2,0.7634246139157903,pass
BERT_base&CBOW_GoogleNews,morality_troche,530,3,0.7372030387943473,pass
BERT_base&CBOW_GoogleNews,morality_troche,530,4,0.830291158997792,pass
BERT_base&CBOW_GoogleNews,morality_troche,530,5,0.651321292448868,pass
BERT_base&CBOW_GoogleNews,visual_troche,530,1,0.8586090195658231,pass
BERT_base&CBOW_GoogleNews,visual_troche,530,2,0.8202760683223995,pass
BERT_base&CBOW_GoogleNews,visual_troche,530,3,0.7821108480189831,pass
BERT_base&CBOW_GoogleNews,visual_troche,530,4,0.8327783309226064,pass
BERT_base&CBOW_GoogleNews,visual_troche,530,5,0.7834508757357879,pass
BERT_base&CBOW_GoogleNews,motion_self_troche,530,1,0.60847114441589,pass
BERT_base&CBOW_GoogleNews,motion_self_troche,530,2,0.38264042606547,pass
BERT_base&CBOW_GoogleNews,motion_self_troche,530,3,0.536076094320062,pass
BERT_base&CBOW_GoogleNews,motion_self_troche,530,4,0.4527785301770174,pass
BERT_base&CBOW_GoogleNews,motion_self_troche,530,5,0.4605324237550569,pass
BERT_base&CBOW_GoogleNews,thought_troche,530,1,0.8483659852167444,pass
BERT_base&CBOW_GoogleNews,thought_troche,530,2,0.7653565353882146,pass
BERT_base&CBOW_GoogleNews,thought_troche,530,3,0.8212209699819136,pass
BERT_base&CBOW_GoogleNews,thought_troche,530,4,0.7986403276097106,pass
BERT_base&CBOW_GoogleNews,thought_troche,530,5,0.7386136021351439,pass
BERT_base&CBOW_GoogleNews,color_troche,530,1,0.5886314434366646,pass
BERT_base&CBOW_GoogleNews,color_troche,530,2,0.6628984794389432,pass
BERT_base&CBOW_GoogleNews,color_troche,530,3,0.669623466361733,pass
BERT_base&CBOW_GoogleNews,color_troche,530,4,0.613656038881128,pass
BERT_base&CBOW_GoogleNews,color_troche,530,5,0.6551419900960102,pass
BERT_base&CBOW_GoogleNews,taste_smell_troche,530,1,0.769106201133855,pass
BERT_base&CBOW_GoogleNews,taste_smell_troche,530,2,0.7610555420798768,pass
BERT_base&CBOW_GoogleNews,taste_smell_troche,530,3,0.7268442604714416,pass
BERT_base&CBOW_GoogleNews,taste_smell_troche,530,4,0.7947829633795842,pass
BERT_base&CBOW_GoogleNews,taste_smell_troche,530,5,0.6827733898147059,pass
BERT_base&CBOW_GoogleNews,tactile_troche,530,1,0.7607745734738691,pass
BERT_base&CBOW_GoogleNews,tactile_troche,530,2,0.7750914894542754,pass
BERT_base&CBOW_GoogleNews,tactile_troche,530,3,0.6540878857860041,pass
BERT_base&CBOW_GoogleNews,tactile_troche,530,4,0.6860319797343923,pass
BERT_base&CBOW_GoogleNews,tactile_troche,530,5,0.5993048028186945,pass
BERT_base&CBOW_GoogleNews,auditory_troche,530,1,0.6167927028552869,pass
BERT_base&CBOW_GoogleNews,auditory_troche,530,2,0.6243580853567378,pass
BERT_base&CBOW_GoogleNews,auditory_troche,530,3,0.6311410215647643,pass
BERT_base&CBOW_GoogleNews,auditory_troche,530,4,0.6305836197034682,pass
BERT_base&CBOW_GoogleNews,auditory_troche,530,5,0.5847696450585145,pass
BERT_base&CBOW_GoogleNews,space_troche,530,1,0.4419150453173357,pass
BERT_base&CBOW_GoogleNews,space_troche,530,2,0.33125699275040843,pass
BERT_base&CBOW_GoogleNews,space_troche,530,3,0.52521183417789,pass
BERT_base&CBOW_GoogleNews,space_troche,530,4,0.4060949797055786,pass
BERT_base&CBOW_GoogleNews,space_troche,530,5,0.39781330163910167,pass
BERT_base&CBOW_GoogleNews,time_troche,530,1,0.6553516218655213,pass
BERT_base&CBOW_GoogleNews,time_troche,530,2,0.6587811420338581,pass
BERT_base&CBOW_GoogleNews,time_troche,530,3,0.6707172309048428,pass
BERT_base&CBOW_GoogleNews,time_troche,530,4,0.6031969571701717,pass
BERT_base&CBOW_GoogleNews,time_troche,530,5,0.6283637286222218,pass
BERT_base&CBOW_GoogleNews,quantity_troche,530,1,0.5480866747450672,pass
BERT_base&CBOW_GoogleNews,quantity_troche,530,2,0.5062901518534201,pass
BERT_base&CBOW_GoogleNews,quantity_troche,530,3,0.5397012403158579,pass
BERT_base&CBOW_GoogleNews,quantity_troche,530,4,0.5502287953833168,pass
BERT_base&CBOW_GoogleNews,quantity_troche,530,5,0.5873652587587403,pass
BERT_base&CBOW_GoogleNews,familiarity_morrow,324,1,0.5391213902934233,pass
BERT_base&CBOW_GoogleNews,familiarity_morrow,324,2,0.40347757729083356,pass
BERT_base&CBOW_GoogleNews,familiarity_morrow,324,3,0.43025897056728657,pass
BERT_base&CBOW_GoogleNews,familiarity_morrow,324,4,0.47271122365874974,pass
BERT_base&CBOW_GoogleNews,familiarity_morrow,324,5,0.5166451329259792,pass
BERT_base&CBOW_GoogleNews,perc_known_morrow,324,1,-0.04939867367224848,pass
BERT_base&CBOW_GoogleNews,perc_known_morrow,324,2,0.03862897403379528,pass
BERT_base&CBOW_GoogleNews,perc_known_morrow,324,3,-0.12972860616206483,pass
BERT_base&CBOW_GoogleNews,perc_known_morrow,324,4,0.10311311924505862,pass
BERT_base&CBOW_GoogleNews,perc_known_morrow,324,5,0.06993938938942057,pass
BERT_base&CBOW_GoogleNews,subjective_frequency_morrow,324,1,0.6081818096455267,pass
BERT_base&CBOW_GoogleNews,subjective_frequency_morrow,324,2,0.48718764645161816,pass
BERT_base&CBOW_GoogleNews,subjective_frequency_morrow,324,3,0.6071135286159115,pass
BERT_base&CBOW_GoogleNews,subjective_frequency_morrow,324,4,0.4794462303568957,pass
BERT_base&CBOW_GoogleNews,subjective_frequency_morrow,324,5,0.5681436619579803,pass
BERT_base&CBOW_GoogleNews,visual_complexity_marrow,324,1,0.5191680464713422,pass
BERT_base&CBOW_GoogleNews,visual_complexity_marrow,324,2,0.50095051497225,pass
BERT_base&CBOW_GoogleNews,visual_complexity_marrow,324,3,0.5230986215149908,pass
BERT_base&CBOW_GoogleNews,visual_complexity_marrow,324,4,0.4908307474454464,pass
BERT_base&CBOW_GoogleNews,visual_complexity_marrow,324,5,0.5478043117230107,pass
BERT_base&CBOW_GoogleNews,imageability_morrow,324,1,0.355912942058655,pass
BERT_base&CBOW_GoogleNews,imageability_morrow,324,2,0.361909632245871,pass
BERT_base&CBOW_GoogleNews,imageability_morrow,324,3,0.30111364055504886,pass
BERT_base&CBOW_GoogleNews,imageability_morrow,324,4,0.35086070842038475,pass
BERT_base&CBOW_GoogleNews,imageability_morrow,324,5,0.4444168553591301,pass
BERT_base&CBOW_GoogleNews,aoa_marrow,324,1,0.4894996558818997,pass
BERT_base&CBOW_GoogleNews,aoa_marrow,324,2,0.4347465643182409,pass
BERT_base&CBOW_GoogleNews,aoa_marrow,324,3,0.2108111514142147,pass
BERT_base&CBOW_GoogleNews,aoa_marrow,324,4,0.40036745437303023,pass
BERT_base&CBOW_GoogleNews,aoa_marrow,324,5,0.5536780841922864,pass
BERT_base&CBOW_GoogleNews,aoa_cortese,1877,1,0.7185591487318856,pass
BERT_base&CBOW_GoogleNews,aoa_cortese,1877,2,0.7310472781694832,pass
BERT_base&CBOW_GoogleNews,aoa_cortese,1877,3,0.7233579980109073,pass
BERT_base&CBOW_GoogleNews,aoa_cortese,1877,4,0.6856815141672037,pass
BERT_base&CBOW_GoogleNews,aoa_cortese,1877,5,0.7196307414067247,pass
BERT_base&CBOW_GoogleNews,aoa_rt_cortese,1877,1,0.05731174507806469,pass
BERT_base&CBOW_GoogleNews,aoa_rt_cortese,1877,2,0.07764527542690258,pass
BERT_base&CBOW_GoogleNews,aoa_rt_cortese,1877,3,0.06890062630758298,pass
BERT_base&CBOW_GoogleNews,aoa_rt_cortese,1877,4,0.06034352337280913,pass
BERT_base&CBOW_GoogleNews,aoa_rt_cortese,1877,5,0.06406549437827569,pass
BERT_base&CBOW_GoogleNews,imagery_vanderveur,600,1,0.8817684225812513,pass
BERT_base&CBOW_GoogleNews,imagery_vanderveur,600,2,0.8462123821853978,pass
BERT_base&CBOW_GoogleNews,imagery_vanderveur,600,3,0.837140929540908,pass
BERT_base&CBOW_GoogleNews,imagery_vanderveur,600,4,0.8466751889872128,pass
BERT_base&CBOW_GoogleNews,imagery_vanderveur,600,5,0.8524083597445739,pass
BERT_base&CBOW_GoogleNews,likableness_chandler,256,1,0.8512950267385261,pass
BERT_base&CBOW_GoogleNews,likableness_chandler,256,2,0.8827783600715542,pass
BERT_base&CBOW_GoogleNews,likableness_chandler,256,3,0.7966338016216971,pass
BERT_base&CBOW_GoogleNews,likableness_chandler,256,4,0.782920562091648,pass
BERT_base&CBOW_GoogleNews,likableness_chandler,256,5,0.8026811005098212,pass
BERT_base&CBOW_GoogleNews,meaningfulness_chandler,256,1,0.11977069356533365,pass
BERT_base&CBOW_GoogleNews,meaningfulness_chandler,256,2,0.4356222034384001,pass
BERT_base&CBOW_GoogleNews,meaningfulness_chandler,256,3,0.3196327691036672,pass
BERT_base&CBOW_GoogleNews,meaningfulness_chandler,256,4,0.3982813667685521,pass
BERT_base&CBOW_GoogleNews,meaningfulness_chandler,256,5,0.2395691732103713,pass
BERT_base&CBOW_GoogleNews,emotionality_chandler,256,1,0.6967512234574708,pass
BERT_base&CBOW_GoogleNews,emotionality_chandler,256,2,0.672295062736737,pass
BERT_base&CBOW_GoogleNews,emotionality_chandler,256,3,0.5178883475396769,pass
BERT_base&CBOW_GoogleNews,emotionality_chandler,256,4,0.6207092390040603,pass
BERT_base&CBOW_GoogleNews,emotionality_chandler,256,5,0.6404020879721852,pass
BERT_base&CBOW_GoogleNews,gender_assoc_crawford,350,1,0.7781126619271062,pass
BERT_base&CBOW_GoogleNews,gender_assoc_crawford,350,2,0.8278163976409327,pass
BERT_base&CBOW_GoogleNews,gender_assoc_crawford,350,3,0.7463967338900295,pass
BERT_base&CBOW_GoogleNews,gender_assoc_crawford,350,4,0.819505050216864,pass
BERT_base&CBOW_GoogleNews,gender_assoc_crawford,350,5,0.6414414374496709,pass
BERT_base&CBOW_GoogleNews,polysemy_armstrong,379,1,0.026329713378780872,pass
BERT_base&CBOW_GoogleNews,polysemy_armstrong,379,2,0.03748164113822727,pass
BERT_base&CBOW_GoogleNews,polysemy_armstrong,379,3,-0.021142161169346307,pass
BERT_base&CBOW_GoogleNews,polysemy_armstrong,379,4,-0.010350354709938836,pass
BERT_base&CBOW_GoogleNews,polysemy_armstrong,379,5,0.0281914574274984,pass
BERT_base&CBOW_GoogleNews,imageability_rt_cortese,1877,1,0.3786685897899684,pass
BERT_base&CBOW_GoogleNews,imageability_rt_cortese,1877,2,0.37758463824618216,pass
BERT_base&CBOW_GoogleNews,imageability_rt_cortese,1877,3,0.35246157372682974,pass
BERT_base&CBOW_GoogleNews,imageability_rt_cortese,1877,4,0.2517587359479111,pass
BERT_base&CBOW_GoogleNews,imageability_rt_cortese,1877,5,0.3405358546381677,pass
BERT_base&CBOW_GoogleNews,imageability_cortese,1877,1,0.7645071431826217,pass
BERT_base&CBOW_GoogleNews,imageability_cortese,1877,2,0.735073979365569,pass
BERT_base&CBOW_GoogleNews,imageability_cortese,1877,3,0.7528378721620941,pass
BERT_base&CBOW_GoogleNews,imageability_cortese,1877,4,0.6787364933863476,pass
BERT_base&CBOW_GoogleNews,imageability_cortese,1877,5,0.7505813175791528,pass
BERT_base&CBOW_GoogleNews,valence_citron,183,1,0.8160832368231004,pass
BERT_base&CBOW_GoogleNews,valence_citron,183,2,0.8141403419775716,pass
BERT_base&CBOW_GoogleNews,valence_citron,183,3,0.744983685877591,pass
BERT_base&CBOW_GoogleNews,valence_citron,183,4,0.7527279054044228,pass
BERT_base&CBOW_GoogleNews,valence_citron,183,5,0.7315910312466727,pass
BERT_base&CBOW_GoogleNews,arousal_citron,183,1,0.6763204734962847,pass
BERT_base&CBOW_GoogleNews,arousal_citron,183,2,0.6028017446611125,pass
BERT_base&CBOW_GoogleNews,arousal_citron,183,3,0.6373658853393567,pass
BERT_base&CBOW_GoogleNews,arousal_citron,183,4,0.5887933569355566,pass
BERT_base&CBOW_GoogleNews,arousal_citron,183,5,0.4301355011090142,pass
BERT_base&CBOW_GoogleNews,familiarity_citron,183,1,0.6838641018596017,pass
BERT_base&CBOW_GoogleNews,familiarity_citron,183,2,0.7356403058365293,pass
BERT_base&CBOW_GoogleNews,familiarity_citron,183,3,0.573052161234404,pass
BERT_base&CBOW_GoogleNews,familiarity_citron,183,4,0.5842964022019737,pass
BERT_base&CBOW_GoogleNews,familiarity_citron,183,5,0.5723331285369322,pass
BERT_base&CBOW_GoogleNews,aoa_citron,183,1,0.6626037217542016,pass
BERT_base&CBOW_GoogleNews,aoa_citron,183,2,0.7236095856825231,pass
BERT_base&CBOW_GoogleNews,aoa_citron,183,3,0.4816540697159081,pass
BERT_base&CBOW_GoogleNews,aoa_citron,183,4,0.6306924416620168,pass
BERT_base&CBOW_GoogleNews,aoa_citron,183,5,0.6372760005882079,pass
BERT_base&CBOW_GoogleNews,imageability_citron,183,1,0.8077084032754124,pass
BERT_base&CBOW_GoogleNews,imageability_citron,183,2,0.7771959911937033,pass
BERT_base&CBOW_GoogleNews,imageability_citron,183,3,0.7028804787887835,pass
BERT_base&CBOW_GoogleNews,imageability_citron,183,4,0.735513947670167,pass
BERT_base&CBOW_GoogleNews,imageability_citron,183,5,0.8086855249245957,pass
BERT_base&CBOW_GoogleNews,valence_imbault,1414,1,0.5741269263265288,pass
BERT_base&CBOW_GoogleNews,valence_imbault,1414,2,0.6966597175616465,pass
BERT_base&CBOW_GoogleNews,valence_imbault,1414,3,0.6697121703679325,pass
BERT_base&CBOW_GoogleNews,valence_imbault,1414,4,0.6051031422270055,pass
BERT_base&CBOW_GoogleNews,valence_imbault,1414,5,0.6078667337019814,pass
BERT_base&CBOW_GoogleNews,arousal_imbault,1441,1,0.29039488515586054,pass
BERT_base&CBOW_GoogleNews,arousal_imbault,1441,2,0.4148227964257343,pass
BERT_base&CBOW_GoogleNews,arousal_imbault,1441,3,0.3934796589084255,pass
BERT_base&CBOW_GoogleNews,arousal_imbault,1441,4,0.34604010650415906,pass
BERT_base&CBOW_GoogleNews,arousal_imbault,1441,5,0.3370202194790164,pass
BERT_base&CBOW_GoogleNews,likableness_anderson,193,1,0.8187480475069024,pass
BERT_base&CBOW_GoogleNews,likableness_anderson,193,2,0.853431990014416,pass
BERT_base&CBOW_GoogleNews,likableness_anderson,193,3,0.7198498875639945,pass
BERT_base&CBOW_GoogleNews,likableness_anderson,193,4,0.7593789633316599,pass
BERT_base&CBOW_GoogleNews,likableness_anderson,193,5,0.8131175285495827,pass
BERT_base&CBOW_GoogleNews,meaningfulness_anderson,193,1,-0.08001983369952126,pass
BERT_base&CBOW_GoogleNews,meaningfulness_anderson,193,2,0.14045179107112005,pass
BERT_base&CBOW_GoogleNews,meaningfulness_anderson,193,3,0.23936288744233958,pass
BERT_base&CBOW_GoogleNews,meaningfulness_anderson,193,4,0.14990225175301375,pass
BERT_base&CBOW_GoogleNews,meaningfulness_anderson,193,5,0.2648584839743193,pass
BERT_base&CBOW_GoogleNews,perc_known_winter,5536,1,0.04230783099162794,pass
BERT_base&CBOW_GoogleNews,perc_known_winter,5536,2,0.06382494805857863,pass
BERT_base&CBOW_GoogleNews,perc_known_winter,5536,3,0.05115678081729513,pass
BERT_base&CBOW_GoogleNews,perc_known_winter,5536,4,0.045750156557101684,pass
BERT_base&CBOW_GoogleNews,perc_known_winter,5536,5,0.06375377664966209,pass
BERT_base&CBOW_GoogleNews,iconicity_winter2023,5536,1,0.34812849992938977,pass
BERT_base&CBOW_GoogleNews,iconicity_winter2023,5536,2,0.384669797282818,pass
BERT_base&CBOW_GoogleNews,iconicity_winter2023,5536,3,0.31652306565004873,pass
BERT_base&CBOW_GoogleNews,iconicity_winter2023,5536,4,0.35854344192909937,pass
BERT_base&CBOW_GoogleNews,iconicity_winter2023,5536,5,0.41323562018103177,pass
BERT_base&CBOW_GoogleNews,body_object_miklashevsky,1046,1,0.6790890423768655,pass
BERT_base&CBOW_GoogleNews,body_object_miklashevsky,1046,2,0.6881205869546962,pass
BERT_base&CBOW_GoogleNews,body_object_miklashevsky,1046,3,0.655506150829378,pass
BERT_base&CBOW_GoogleNews,body_object_miklashevsky,1046,4,0.732141678722395,pass
BERT_base&CBOW_GoogleNews,body_object_miklashevsky,1046,5,0.6653107538553231,pass
BERT_base&CBOW_GoogleNews,aoa_schock,1888,1,0.715455545493648,pass
BERT_base&CBOW_GoogleNews,aoa_schock,1888,2,0.6792578816100362,pass
BERT_base&CBOW_GoogleNews,aoa_schock,1888,3,0.6953323139465397,pass
BERT_base&CBOW_GoogleNews,aoa_schock,1888,4,0.699457410709126,pass
BERT_base&CBOW_GoogleNews,aoa_schock,1888,5,0.7031096215859098,pass
BERT_base&CBOW_GoogleNews,aoa_rt_schock,1888,1,0.01539039037025447,pass
BERT_base&CBOW_GoogleNews,aoa_rt_schock,1888,2,-0.0114276779343645,pass
BERT_base&CBOW_GoogleNews,aoa_rt_schock,1888,3,0.012488333473039126,pass
BERT_base&CBOW_GoogleNews,aoa_rt_schock,1888,4,0.009067002713762817,pass
BERT_base&CBOW_GoogleNews,aoa_rt_schock,1888,5,0.018405434865516934,pass
BERT_base&CBOW_GoogleNews,aoa_davies,588,1,0.4696993050179169,pass
BERT_base&CBOW_GoogleNews,aoa_davies,588,2,0.5817103587672889,pass
BERT_base&CBOW_GoogleNews,aoa_davies,588,3,0.609254473937362,pass
BERT_base&CBOW_GoogleNews,aoa_davies,588,4,0.5838941560714387,pass
BERT_base&CBOW_GoogleNews,aoa_davies,588,5,0.6336310984792974,pass
BERT_base&CBOW_GoogleNews,imageability_davies,588,1,0.6129489837736717,pass
BERT_base&CBOW_GoogleNews,imageability_davies,588,2,0.647414168746911,pass
BERT_base&CBOW_GoogleNews,imageability_davies,588,3,0.6228793351555306,pass
BERT_base&CBOW_GoogleNews,imageability_davies,588,4,0.5425741517529818,pass
BERT_base&CBOW_GoogleNews,imageability_davies,588,5,0.6297689504069484,pass
BERT_base&CBOW_GoogleNews,this_that_rocca,342,1,0.6295234001539357,pass
BERT_base&CBOW_GoogleNews,this_that_rocca,342,2,0.5664713621389772,pass
BERT_base&CBOW_GoogleNews,this_that_rocca,342,3,0.6576266687348766,pass
BERT_base&CBOW_GoogleNews,this_that_rocca,342,4,0.5643562269403615,pass
BERT_base&CBOW_GoogleNews,this_that_rocca,342,5,0.5948867018588468,pass
BERT_base&CBOW_GoogleNews,iconicity_winter2017,1757,1,0.3488834104981663,pass
BERT_base&CBOW_GoogleNews,iconicity_winter2017,1757,2,0.31041860279596256,pass
BERT_base&CBOW_GoogleNews,iconicity_winter2017,1757,3,0.2653323249803964,pass
BERT_base&CBOW_GoogleNews,iconicity_winter2017,1757,4,0.4045157974044371,pass
BERT_base&CBOW_GoogleNews,iconicity_winter2017,1757,5,0.35638391563849614,pass
BERT_base&CBOW_GoogleNews,living_vanarsdall,904,1,0.8640485684909918,pass
BERT_base&CBOW_GoogleNews,living_vanarsdall,904,2,0.8212198131670455,pass
BERT_base&CBOW_GoogleNews,living_vanarsdall,904,3,0.8479980024625182,pass
BERT_base&CBOW_GoogleNews,living_vanarsdall,904,4,0.8635226033189143,pass
BERT_base&CBOW_GoogleNews,living_vanarsdall,904,5,0.8620899666087324,pass
BERT_base&CBOW_GoogleNews,thought_vanarsdall,904,1,0.8907248054373834,pass
BERT_base&CBOW_GoogleNews,thought_vanarsdall,904,2,0.8660723280528094,pass
BERT_base&CBOW_GoogleNews,thought_vanarsdall,904,3,0.8777737062299266,pass
BERT_base&CBOW_GoogleNews,thought_vanarsdall,904,4,0.9095292714147475,pass
BERT_base&CBOW_GoogleNews,thought_vanarsdall,904,5,0.8736565605129865,pass
BERT_base&CBOW_GoogleNews,reproduction_vanarsdall,904,1,0.8277298244811002,pass
BERT_base&CBOW_GoogleNews,reproduction_vanarsdall,904,2,0.8040446080274084,pass
BERT_base&CBOW_GoogleNews,reproduction_vanarsdall,904,3,0.8621119247379385,pass
BERT_base&CBOW_GoogleNews,reproduction_vanarsdall,904,4,0.8592523024265364,pass
BERT_base&CBOW_GoogleNews,reproduction_vanarsdall,904,5,0.8421868322698446,pass
BERT_base&CBOW_GoogleNews,person_vanarsdall,904,1,0.8921676102767919,pass
BERT_base&CBOW_GoogleNews,person_vanarsdall,904,2,0.8549981838589689,pass
BERT_base&CBOW_GoogleNews,person_vanarsdall,904,3,0.8787007559011271,pass
BERT_base&CBOW_GoogleNews,person_vanarsdall,904,4,0.8962432544946839,pass
BERT_base&CBOW_GoogleNews,person_vanarsdall,904,5,0.8778967820812038,pass
BERT_base&CBOW_GoogleNews,goals_vanarsdall,904,1,0.8766047078743753,pass
BERT_base&CBOW_GoogleNews,goals_vanarsdall,904,2,0.8582160983028044,pass
BERT_base&CBOW_GoogleNews,goals_vanarsdall,904,3,0.8489213335840354,pass
BERT_base&CBOW_GoogleNews,goals_vanarsdall,904,4,0.8896685151344982,pass
BERT_base&CBOW_GoogleNews,goals_vanarsdall,904,5,0.8310740811628197,pass
BERT_base&CBOW_GoogleNews,movement_vanarsdall,904,1,0.7905724368706848,pass
BERT_base&CBOW_GoogleNews,movement_vanarsdall,904,2,0.7446667136135563,pass
BERT_base&CBOW_GoogleNews,movement_vanarsdall,904,3,0.7775821107711092,pass
BERT_base&CBOW_GoogleNews,movement_vanarsdall,904,4,0.8057267599804524,pass
BERT_base&CBOW_GoogleNews,movement_vanarsdall,904,5,0.7544858437847809,pass
BERT_base&CBOW_GoogleNews,concreteness_vanarsdall,904,1,0.5028226569988101,pass
BERT_base&CBOW_GoogleNews,concreteness_vanarsdall,904,2,0.5682841736601197,pass
BERT_base&CBOW_GoogleNews,concreteness_vanarsdall,904,3,0.4841682164884764,pass
BERT_base&CBOW_GoogleNews,concreteness_vanarsdall,904,4,0.5090172315988171,pass
BERT_base&CBOW_GoogleNews,concreteness_vanarsdall,904,5,0.5728591476957786,pass
BERT_base&CBOW_GoogleNews,familiarity_vanarsdall,904,1,0.29349569006054,pass
BERT_base&CBOW_GoogleNews,familiarity_vanarsdall,904,2,0.2481424856759643,pass
BERT_base&CBOW_GoogleNews,familiarity_vanarsdall,904,3,0.16747101447635482,pass
BERT_base&CBOW_GoogleNews,familiarity_vanarsdall,904,4,0.19659818114863248,pass
BERT_base&CBOW_GoogleNews,familiarity_vanarsdall,904,5,0.3034501688499899,pass
BERT_base&CBOW_GoogleNews,imageability_vanarsdall,904,1,0.37336196408788647,pass
BERT_base&CBOW_GoogleNews,imageability_vanarsdall,904,2,0.45217511013703104,pass
BERT_base&CBOW_GoogleNews,imageability_vanarsdall,904,3,0.4618523436337104,pass
BERT_base&CBOW_GoogleNews,imageability_vanarsdall,904,4,0.4145477665026902,pass
BERT_base&CBOW_GoogleNews,imageability_vanarsdall,904,5,0.3405223158004915,pass
BERT_base&CBOW_GoogleNews,familiarity_fear,466,1,0.4747486242544332,pass
BERT_base&CBOW_GoogleNews,familiarity_fear,466,2,0.5776146364915908,pass
BERT_base&CBOW_GoogleNews,familiarity_fear,466,3,0.5805396230047217,pass
BERT_base&CBOW_GoogleNews,familiarity_fear,466,4,0.5463518683719312,pass
BERT_base&CBOW_GoogleNews,familiarity_fear,466,5,0.5452565930560695,pass
BERT_base&CBOW_GoogleNews,aoa_fear,466,1,0.6305907314063204,pass
BERT_base&CBOW_GoogleNews,aoa_fear,466,2,0.6151908095200054,pass
BERT_base&CBOW_GoogleNews,aoa_fear,466,3,0.5816181066927292,pass
BERT_base&CBOW_GoogleNews,aoa_fear,466,4,0.607442236949931,pass
BERT_base&CBOW_GoogleNews,aoa_fear,466,5,0.6033180158503109,pass
BERT_base&CBOW_GoogleNews,imageability_fear,466,1,0.689214157205905,pass
BERT_base&CBOW_GoogleNews,imageability_fear,466,2,0.7281988763391887,pass
BERT_base&CBOW_GoogleNews,imageability_fear,466,3,0.7020256671394464,pass
BERT_base&CBOW_GoogleNews,imageability_fear,466,4,0.681619965136774,pass
BERT_base&CBOW_GoogleNews,imageability_fear,466,5,0.7425055821526074,pass
BERT_base&CBOW_GoogleNews,sensory_experience_juhasz2013,3683,1,0.4851593063773061,pass
BERT_base&CBOW_GoogleNews,sensory_experience_juhasz2013,3683,2,0.4258095894053401,pass
BERT_base&CBOW_GoogleNews,sensory_experience_juhasz2013,3683,3,0.48104075505721067,pass
BERT_base&CBOW_GoogleNews,sensory_experience_juhasz2013,3683,4,0.40984496471081233,pass
BERT_base&CBOW_GoogleNews,sensory_experience_juhasz2013,3683,5,0.49623413878628897,pass
