embed,norm,train_n,fold,r2,check
BERT_base&Llama_3_8B,frequency_lund,5815,1,0.8213871210436907,pass
BERT_base&Llama_3_8B,frequency_lund,5815,2,0.8163720416156721,pass
BERT_base&Llama_3_8B,frequency_lund,5815,3,0.8374882288395629,pass
BERT_base&Llama_3_8B,frequency_lund,5815,4,0.8433107952381984,pass
BERT_base&Llama_3_8B,frequency_lund,5815,5,0.8340425419774913,pass
BERT_base&Llama_3_8B,frequency_kucera,5273,1,0.7633354311600891,pass
BERT_base&Llama_3_8B,frequency_kucera,5273,2,0.7617828979519263,pass
BERT_base&Llama_3_8B,frequency_kucera,5273,3,0.7632510704763062,pass
BERT_base&Llama_3_8B,frequency_kucera,5273,4,0.7679207956227071,pass
BERT_base&Llama_3_8B,frequency_kucera,5273,5,0.785115936174882,pass
BERT_base&Llama_3_8B,frequency_subtlexus,5852,1,0.822929918651588,pass
BERT_base&Llama_3_8B,frequency_subtlexus,5852,2,0.81694379176473,pass
BERT_base&Llama_3_8B,frequency_subtlexus,5852,3,0.842639771433478,pass
BERT_base&Llama_3_8B,frequency_subtlexus,5852,4,0.8292407135693624,pass
BERT_base&Llama_3_8B,frequency_subtlexus,5852,5,0.8220765764929144,pass
BERT_base&Llama_3_8B,frequency_subtlexuk,5840,1,0.7948677445541994,pass
BERT_base&Llama_3_8B,frequency_subtlexuk,5840,2,0.7944395059050495,pass
BERT_base&Llama_3_8B,frequency_subtlexuk,5840,3,0.8150263875658068,pass
BERT_base&Llama_3_8B,frequency_subtlexuk,5840,4,0.7949793106307033,pass
BERT_base&Llama_3_8B,frequency_subtlexuk,5840,5,0.8107379418814752,pass
BERT_base&Llama_3_8B,frequency_blog_gimenes,5852,1,0.8716768381484952,pass
BERT_base&Llama_3_8B,frequency_blog_gimenes,5852,2,0.8591053514088811,pass
BERT_base&Llama_3_8B,frequency_blog_gimenes,5852,3,0.8649584099915779,pass
BERT_base&Llama_3_8B,frequency_blog_gimenes,5852,4,0.860236504896774,pass
BERT_base&Llama_3_8B,frequency_blog_gimenes,5852,5,0.8628686940575353,pass
BERT_base&Llama_3_8B,frequency_twitter_gimenes,5852,1,0.8284672916644247,pass
BERT_base&Llama_3_8B,frequency_twitter_gimenes,5852,2,0.8270544607690249,pass
BERT_base&Llama_3_8B,frequency_twitter_gimenes,5852,3,0.8449455214637762,pass
BERT_base&Llama_3_8B,frequency_twitter_gimenes,5852,4,0.8317867145894204,pass
BERT_base&Llama_3_8B,frequency_twitter_gimenes,5852,5,0.8476555656026774,pass
BERT_base&Llama_3_8B,frequency_news_gimenes,5852,1,0.8492027177657537,pass
BERT_base&Llama_3_8B,frequency_news_gimenes,5852,2,0.8417545498347196,pass
BERT_base&Llama_3_8B,frequency_news_gimenes,5852,3,0.8365122869796787,pass
BERT_base&Llama_3_8B,frequency_news_gimenes,5852,4,0.8505099266886353,pass
BERT_base&Llama_3_8B,frequency_news_gimenes,5852,5,0.8476180661322249,pass
BERT_base&Llama_3_8B,frequency_written_cobuild,5764,1,0.5796040623570731,pass
BERT_base&Llama_3_8B,frequency_written_cobuild,5764,2,0.591274444228568,pass
BERT_base&Llama_3_8B,frequency_written_cobuild,5764,3,0.598641016505495,pass
BERT_base&Llama_3_8B,frequency_written_cobuild,5764,4,0.5680092914749939,pass
BERT_base&Llama_3_8B,frequency_written_cobuild,5764,5,0.6082023500445102,pass
BERT_base&Llama_3_8B,frequency_spoken_cobuild,5764,1,0.6014925824801398,pass
BERT_base&Llama_3_8B,frequency_spoken_cobuild,5764,2,0.6057699620630733,pass
BERT_base&Llama_3_8B,frequency_spoken_cobuild,5764,3,0.6046710754923978,pass
BERT_base&Llama_3_8B,frequency_spoken_cobuild,5764,4,0.5976740668266634,pass
BERT_base&Llama_3_8B,frequency_spoken_cobuild,5764,5,0.6103430242719842,pass
BERT_base&Llama_3_8B,context_diversity_subtlexus,5852,1,0.8283112208404457,pass
BERT_base&Llama_3_8B,context_diversity_subtlexus,5852,2,0.8156249656026413,pass
BERT_base&Llama_3_8B,context_diversity_subtlexus,5852,3,0.8395174726806509,pass
BERT_base&Llama_3_8B,context_diversity_subtlexus,5852,4,0.8263374982679974,pass
BERT_base&Llama_3_8B,context_diversity_subtlexus,5852,5,0.8262271790661242,pass
BERT_base&Llama_3_8B,context_diversity_subtlexuk,5840,1,0.8040929588256404,pass
BERT_base&Llama_3_8B,context_diversity_subtlexuk,5840,2,0.7985219551680578,pass
BERT_base&Llama_3_8B,context_diversity_subtlexuk,5840,3,0.821789512345719,pass
BERT_base&Llama_3_8B,context_diversity_subtlexuk,5840,4,0.8047157460253973,pass
BERT_base&Llama_3_8B,context_diversity_subtlexuk,5840,5,0.821543133456955,pass
BERT_base&Llama_3_8B,context_diversity_blog_gimenes,5852,1,0.8742215076550918,pass
BERT_base&Llama_3_8B,context_diversity_blog_gimenes,5852,2,0.8624945941940233,pass
BERT_base&Llama_3_8B,context_diversity_blog_gimenes,5852,3,0.8694728362543742,pass
BERT_base&Llama_3_8B,context_diversity_blog_gimenes,5852,4,0.8633427294475771,pass
BERT_base&Llama_3_8B,context_diversity_blog_gimenes,5852,5,0.8689454570578365,pass
BERT_base&Llama_3_8B,context_diversity_twitter_gimenes,5852,1,0.8288711816312415,pass
BERT_base&Llama_3_8B,context_diversity_twitter_gimenes,5852,2,0.8278227511996138,pass
BERT_base&Llama_3_8B,context_diversity_twitter_gimenes,5852,3,0.8457533959881365,pass
BERT_base&Llama_3_8B,context_diversity_twitter_gimenes,5852,4,0.8325471877766292,pass
BERT_base&Llama_3_8B,context_diversity_twitter_gimenes,5852,5,0.8485728591956304,pass
BERT_base&Llama_3_8B,context_diversity_news_gimenes,5852,1,0.8518261531979647,pass
BERT_base&Llama_3_8B,context_diversity_news_gimenes,5852,2,0.8434311126306107,pass
BERT_base&Llama_3_8B,context_diversity_news_gimenes,5852,3,0.8388300342415865,pass
BERT_base&Llama_3_8B,context_diversity_news_gimenes,5852,4,0.852134963967037,pass
BERT_base&Llama_3_8B,context_diversity_news_gimenes,5852,5,0.8506160708673154,pass
BERT_base&Llama_3_8B,familiarity_glasgow,2762,1,0.5838607599847532,pass
BERT_base&Llama_3_8B,familiarity_glasgow,2762,2,0.5760190330293053,pass
BERT_base&Llama_3_8B,familiarity_glasgow,2762,3,0.5745114884973122,pass
BERT_base&Llama_3_8B,familiarity_glasgow,2762,4,0.555006424462444,pass
BERT_base&Llama_3_8B,familiarity_glasgow,2762,5,0.582669978558352,pass
BERT_base&Llama_3_8B,familiarity_brysbaert,5832,1,0.09980916723022959,pass
BERT_base&Llama_3_8B,familiarity_brysbaert,5832,2,0.10616765590662192,pass
BERT_base&Llama_3_8B,familiarity_brysbaert,5832,3,0.118371947469878,pass
BERT_base&Llama_3_8B,familiarity_brysbaert,5832,4,0.11648324240820473,pass
BERT_base&Llama_3_8B,familiarity_brysbaert,5832,5,0.09049863910389344,pass
BERT_base&Llama_3_8B,prevalence_brysbaert,5845,1,0.27295928381137546,pass
BERT_base&Llama_3_8B,prevalence_brysbaert,5845,2,0.30156389373710846,pass
BERT_base&Llama_3_8B,prevalence_brysbaert,5845,3,0.31253518710623596,pass
BERT_base&Llama_3_8B,prevalence_brysbaert,5845,4,0.33140164262621374,pass
BERT_base&Llama_3_8B,prevalence_brysbaert,5845,5,0.3068615713640187,pass
BERT_base&Llama_3_8B,aoa_kuperman,5742,1,0.6800395932861529,pass
BERT_base&Llama_3_8B,aoa_kuperman,5742,2,0.6637265011102562,pass
BERT_base&Llama_3_8B,aoa_kuperman,5742,3,0.667282258318475,pass
BERT_base&Llama_3_8B,aoa_kuperman,5742,4,0.6414699430894493,pass
BERT_base&Llama_3_8B,aoa_kuperman,5742,5,0.6626215270460261,pass
BERT_base&Llama_3_8B,aoa_brysbaert,5533,1,0.713807932031687,pass
BERT_base&Llama_3_8B,aoa_brysbaert,5533,2,0.7127585924813781,pass
BERT_base&Llama_3_8B,aoa_brysbaert,5533,3,0.7077879704208632,pass
BERT_base&Llama_3_8B,aoa_brysbaert,5533,4,0.7043915841117218,pass
BERT_base&Llama_3_8B,aoa_brysbaert,5533,5,0.7114486749534729,pass
BERT_base&Llama_3_8B,aoa_glasgow,2762,1,0.7033131113022542,pass
BERT_base&Llama_3_8B,aoa_glasgow,2762,2,0.7152699016496229,pass
BERT_base&Llama_3_8B,aoa_glasgow,2762,3,0.6570202968379353,pass
BERT_base&Llama_3_8B,aoa_glasgow,2762,4,0.7047811183609335,pass
BERT_base&Llama_3_8B,aoa_glasgow,2762,5,0.7048491991104804,pass
BERT_base&Llama_3_8B,frequency_trajectory_brysbaert,4892,1,0.7601186570713111,pass
BERT_base&Llama_3_8B,frequency_trajectory_brysbaert,4892,2,0.7673683721415518,pass
BERT_base&Llama_3_8B,frequency_trajectory_brysbaert,4892,3,0.7667131865214699,pass
BERT_base&Llama_3_8B,frequency_trajectory_brysbaert,4892,4,0.7686861928782731,pass
BERT_base&Llama_3_8B,frequency_trajectory_brysbaert,4892,5,0.7464515507342242,pass
BERT_base&Llama_3_8B,pos_brysbaert,5788,1,0.768671370906151,pass
BERT_base&Llama_3_8B,pos_brysbaert,5788,2,0.7816619190354681,pass
BERT_base&Llama_3_8B,pos_brysbaert,5788,3,0.7605042912320101,pass
BERT_base&Llama_3_8B,pos_brysbaert,5788,4,0.7733225642372332,pass
BERT_base&Llama_3_8B,pos_brysbaert,5788,5,0.7364178489237003,pass
BERT_base&Llama_3_8B,pos_vanheuven,5787,1,0.6821164462177046,pass
BERT_base&Llama_3_8B,pos_vanheuven,5787,2,0.7035653613260769,pass
BERT_base&Llama_3_8B,pos_vanheuven,5787,3,0.6678264169468088,pass
BERT_base&Llama_3_8B,pos_vanheuven,5787,4,0.7086171683335079,pass
BERT_base&Llama_3_8B,pos_vanheuven,5787,5,0.644570511866545,pass
BERT_base&Llama_3_8B,concreteness_brysbaert,5832,1,0.8389265609001538,pass
BERT_base&Llama_3_8B,concreteness_brysbaert,5832,2,0.8077937422189547,pass
BERT_base&Llama_3_8B,concreteness_brysbaert,5832,3,0.8246262949365907,pass
BERT_base&Llama_3_8B,concreteness_brysbaert,5832,4,0.8245053032740924,pass
BERT_base&Llama_3_8B,concreteness_brysbaert,5832,5,0.8081023181255089,pass
BERT_base&Llama_3_8B,concreteness_glasgow,2762,1,0.8409205131520123,pass
BERT_base&Llama_3_8B,concreteness_glasgow,2762,2,0.8140714327803903,pass
BERT_base&Llama_3_8B,concreteness_glasgow,2762,3,0.8294326389124027,pass
BERT_base&Llama_3_8B,concreteness_glasgow,2762,4,0.820907134349867,pass
BERT_base&Llama_3_8B,concreteness_glasgow,2762,5,0.8139245372913688,pass
BERT_base&Llama_3_8B,imageability_glasgow,2762,1,0.792806104625333,pass
BERT_base&Llama_3_8B,imageability_glasgow,2762,2,0.7528813568561843,pass
BERT_base&Llama_3_8B,imageability_glasgow,2762,3,0.7647087063959371,pass
BERT_base&Llama_3_8B,imageability_glasgow,2762,4,0.7608297849244834,pass
BERT_base&Llama_3_8B,imageability_glasgow,2762,5,0.7469073521824842,pass
BERT_base&Llama_3_8B,n_senses_wordnet_miller,5803,1,0.46971774772433506,pass
BERT_base&Llama_3_8B,n_senses_wordnet_miller,5803,2,0.5114256019615597,pass
BERT_base&Llama_3_8B,n_senses_wordnet_miller,5803,3,0.48111920336189395,pass
BERT_base&Llama_3_8B,n_senses_wordnet_miller,5803,4,0.505464840306453,pass
BERT_base&Llama_3_8B,n_senses_wordnet_miller,5803,5,0.4576800592806075,pass
BERT_base&Llama_3_8B,n_senses_wordsmyth_rice,365,1,0.37269153636128294,pass
BERT_base&Llama_3_8B,n_senses_wordsmyth_rice,365,2,0.2878976637969457,pass
BERT_base&Llama_3_8B,n_senses_wordsmyth_rice,365,3,0.3002628878124295,pass
BERT_base&Llama_3_8B,n_senses_wordsmyth_rice,365,4,0.2877051041288743,pass
BERT_base&Llama_3_8B,n_senses_wordsmyth_rice,365,5,0.2891745368024705,pass
BERT_base&Llama_3_8B,n_meanings_wordsmyth_rice,365,1,-0.008452339321158853,pass
BERT_base&Llama_3_8B,n_meanings_wordsmyth_rice,365,2,0.008185886048201807,pass
BERT_base&Llama_3_8B,n_meanings_wordsmyth_rice,365,3,-0.08079349475161557,pass
BERT_base&Llama_3_8B,n_meanings_wordsmyth_rice,365,4,0.008694736130806291,pass
BERT_base&Llama_3_8B,n_meanings_wordsmyth_rice,365,5,-0.03059438005884796,pass
BERT_base&Llama_3_8B,n_meanings_websters_gao,5596,1,0.31371869429845545,pass
BERT_base&Llama_3_8B,n_meanings_websters_gao,5596,2,0.3274281858086603,pass
BERT_base&Llama_3_8B,n_meanings_websters_gao,5596,3,0.31675802759503446,pass
BERT_base&Llama_3_8B,n_meanings_websters_gao,5596,4,0.32748166330298734,pass
BERT_base&Llama_3_8B,n_meanings_websters_gao,5596,5,0.3552791184282299,pass
BERT_base&Llama_3_8B,n_features_buchanan,2787,1,0.2347480302495295,pass
BERT_base&Llama_3_8B,n_features_buchanan,2787,2,0.21465573630892154,pass
BERT_base&Llama_3_8B,n_features_buchanan,2787,3,0.24586675896749643,pass
BERT_base&Llama_3_8B,n_features_buchanan,2787,4,0.26908764893239545,pass
BERT_base&Llama_3_8B,n_features_buchanan,2787,5,0.20300747230639937,pass
BERT_base&Llama_3_8B,visual_lancaster,5828,1,0.5492879671948175,pass
BERT_base&Llama_3_8B,visual_lancaster,5828,2,0.5004730685193115,pass
BERT_base&Llama_3_8B,visual_lancaster,5828,3,0.540344154057004,pass
BERT_base&Llama_3_8B,visual_lancaster,5828,4,0.5417433797043514,pass
BERT_base&Llama_3_8B,visual_lancaster,5828,5,0.5429771702790316,pass
BERT_base&Llama_3_8B,auditory_lancaster,5828,1,0.6396820027380328,pass
BERT_base&Llama_3_8B,auditory_lancaster,5828,2,0.5674410177837848,pass
BERT_base&Llama_3_8B,auditory_lancaster,5828,3,0.6323806909146384,pass
BERT_base&Llama_3_8B,auditory_lancaster,5828,4,0.638368491888849,pass
BERT_base&Llama_3_8B,auditory_lancaster,5828,5,0.640809170268926,pass
BERT_base&Llama_3_8B,haptic_lancaster,5828,1,0.6410572453861352,pass
BERT_base&Llama_3_8B,haptic_lancaster,5828,2,0.5995808089008083,pass
BERT_base&Llama_3_8B,haptic_lancaster,5828,3,0.6366658164955357,pass
BERT_base&Llama_3_8B,haptic_lancaster,5828,4,0.6461413801808376,pass
BERT_base&Llama_3_8B,haptic_lancaster,5828,5,0.6337360796862008,pass
BERT_base&Llama_3_8B,olfactory_lancaster,5828,1,0.661438800588313,pass
BERT_base&Llama_3_8B,olfactory_lancaster,5828,2,0.6080930425719702,pass
BERT_base&Llama_3_8B,olfactory_lancaster,5828,3,0.6022272551380634,pass
BERT_base&Llama_3_8B,olfactory_lancaster,5828,4,0.6550402072184378,pass
BERT_base&Llama_3_8B,olfactory_lancaster,5828,5,0.5669389580580474,pass
BERT_base&Llama_3_8B,gustatory_lancaster,5828,1,0.7985555645292124,pass
BERT_base&Llama_3_8B,gustatory_lancaster,5828,2,0.6944233786248151,pass
BERT_base&Llama_3_8B,gustatory_lancaster,5828,3,0.7280004008328591,pass
BERT_base&Llama_3_8B,gustatory_lancaster,5828,4,0.7590786005388832,pass
BERT_base&Llama_3_8B,gustatory_lancaster,5828,5,0.7496577085930496,pass
BERT_base&Llama_3_8B,interoceptive_lancaster,5828,1,0.665659709507626,pass
BERT_base&Llama_3_8B,interoceptive_lancaster,5828,2,0.6477384742657313,pass
BERT_base&Llama_3_8B,interoceptive_lancaster,5828,3,0.6911594922211766,pass
BERT_base&Llama_3_8B,interoceptive_lancaster,5828,4,0.6441964265007756,pass
BERT_base&Llama_3_8B,interoceptive_lancaster,5828,5,0.6571832672402584,pass
BERT_base&Llama_3_8B,head_lancaster,5828,1,0.4163416368971027,pass
BERT_base&Llama_3_8B,head_lancaster,5828,2,0.38112838127035475,pass
BERT_base&Llama_3_8B,head_lancaster,5828,3,0.4363607314757668,pass
BERT_base&Llama_3_8B,head_lancaster,5828,4,0.4382203742864159,pass
BERT_base&Llama_3_8B,head_lancaster,5828,5,0.42768238863334174,pass
BERT_base&Llama_3_8B,torso_lancaster,5828,1,0.5096613507862378,pass
BERT_base&Llama_3_8B,torso_lancaster,5828,2,0.477603667352934,pass
BERT_base&Llama_3_8B,torso_lancaster,5828,3,0.46063603373503814,pass
BERT_base&Llama_3_8B,torso_lancaster,5828,4,0.4936985981566153,pass
BERT_base&Llama_3_8B,torso_lancaster,5828,5,0.49109820650987956,pass
BERT_base&Llama_3_8B,mouth_throat_lancaster,5828,1,0.6320153846428135,pass
BERT_base&Llama_3_8B,mouth_throat_lancaster,5828,2,0.5681752214199365,pass
BERT_base&Llama_3_8B,mouth_throat_lancaster,5828,3,0.5445595911317402,pass
BERT_base&Llama_3_8B,mouth_throat_lancaster,5828,4,0.6143484238964914,pass
BERT_base&Llama_3_8B,mouth_throat_lancaster,5828,5,0.632960572814293,pass
BERT_base&Llama_3_8B,hand_arm_lancaster,5828,1,0.5418727949262734,pass
BERT_base&Llama_3_8B,hand_arm_lancaster,5828,2,0.5472595489122934,pass
BERT_base&Llama_3_8B,hand_arm_lancaster,5828,3,0.5272427162889696,pass
BERT_base&Llama_3_8B,hand_arm_lancaster,5828,4,0.554619406822953,pass
BERT_base&Llama_3_8B,hand_arm_lancaster,5828,5,0.5554763669914744,pass
BERT_base&Llama_3_8B,foot_leg_lancaster,5828,1,0.5532847544227368,pass
BERT_base&Llama_3_8B,foot_leg_lancaster,5828,2,0.5446815008398129,pass
BERT_base&Llama_3_8B,foot_leg_lancaster,5828,3,0.5328169852313265,pass
BERT_base&Llama_3_8B,foot_leg_lancaster,5828,4,0.5396420771731605,pass
BERT_base&Llama_3_8B,foot_leg_lancaster,5828,5,0.5735934113669843,pass
BERT_base&Llama_3_8B,body_object_interact_pexman,3920,1,0.7454747448009871,pass
BERT_base&Llama_3_8B,body_object_interact_pexman,3920,2,0.7262479822710048,pass
BERT_base&Llama_3_8B,body_object_interact_pexman,3920,3,0.7024083954779532,pass
BERT_base&Llama_3_8B,body_object_interact_pexman,3920,4,0.7160631879785124,pass
BERT_base&Llama_3_8B,body_object_interact_pexman,3920,5,0.7253794766700375,pass
BERT_base&Llama_3_8B,child_body_object_interact,2105,1,0.6600550012158193,pass
BERT_base&Llama_3_8B,child_body_object_interact,2105,2,0.6048565655190878,pass
BERT_base&Llama_3_8B,child_body_object_interact,2105,3,0.6119486088524981,pass
BERT_base&Llama_3_8B,child_body_object_interact,2105,4,0.6038309909567787,pass
BERT_base&Llama_3_8B,child_body_object_interact,2105,5,0.6326632291455163,pass
BERT_base&Llama_3_8B,semantic_size_glasgow,2762,1,0.7263594806255165,pass
BERT_base&Llama_3_8B,semantic_size_glasgow,2762,2,0.737929150878714,pass
BERT_base&Llama_3_8B,semantic_size_glasgow,2762,3,0.7470271355306293,pass
BERT_base&Llama_3_8B,semantic_size_glasgow,2762,4,0.7535518614283866,pass
BERT_base&Llama_3_8B,semantic_size_glasgow,2762,5,0.753712651349202,pass
BERT_base&Llama_3_8B,gender_association_glasgow,2762,1,0.7112140539420269,pass
BERT_base&Llama_3_8B,gender_association_glasgow,2762,2,0.6971303713039643,pass
BERT_base&Llama_3_8B,gender_association_glasgow,2762,3,0.7092992101317772,pass
BERT_base&Llama_3_8B,gender_association_glasgow,2762,4,0.6314706584244114,pass
BERT_base&Llama_3_8B,gender_association_glasgow,2762,5,0.6308740190855754,pass
BERT_base&Llama_3_8B,feature_visual_vinson,726,1,-0.20155271677192554,pass
BERT_base&Llama_3_8B,feature_visual_vinson,726,2,0.1848206081283027,pass
BERT_base&Llama_3_8B,feature_visual_vinson,726,3,0.31029953090452866,pass
BERT_base&Llama_3_8B,feature_visual_vinson,726,4,0.0594807942607527,pass
BERT_base&Llama_3_8B,feature_visual_vinson,726,5,0.2034514881649092,pass
BERT_base&Llama_3_8B,feature_perceptual_vinson,726,1,-0.08198733587649043,pass
BERT_base&Llama_3_8B,feature_perceptual_vinson,726,2,-0.11951245336939698,pass
BERT_base&Llama_3_8B,feature_perceptual_vinson,726,3,-0.056235621677962255,pass
BERT_base&Llama_3_8B,feature_perceptual_vinson,726,4,0.11115996858711019,pass
BERT_base&Llama_3_8B,feature_perceptual_vinson,726,5,0.019207453160190457,pass
BERT_base&Llama_3_8B,feature_functional_vinson,726,1,0.22883104089964645,pass
BERT_base&Llama_3_8B,feature_functional_vinson,726,2,0.14519143413263225,pass
BERT_base&Llama_3_8B,feature_functional_vinson,726,3,0.22307921797280372,pass
BERT_base&Llama_3_8B,feature_functional_vinson,726,4,-0.0008294438121214665,pass
BERT_base&Llama_3_8B,feature_functional_vinson,726,5,0.17601834647761205,pass
BERT_base&Llama_3_8B,feature_motoric_vinson,726,1,0.19293464091171986,pass
BERT_base&Llama_3_8B,feature_motoric_vinson,726,2,0.2318552574361039,pass
BERT_base&Llama_3_8B,feature_motoric_vinson,726,3,0.1817712233476516,pass
BERT_base&Llama_3_8B,feature_motoric_vinson,726,4,0.22455531723754174,pass
BERT_base&Llama_3_8B,feature_motoric_vinson,726,5,0.20933987376503904,pass
BERT_base&Llama_3_8B,socialness_diveica,3423,1,0.7384723542244762,pass
BERT_base&Llama_3_8B,socialness_diveica,3423,2,0.738820389876863,pass
BERT_base&Llama_3_8B,socialness_diveica,3423,3,0.7412213248446756,pass
BERT_base&Llama_3_8B,socialness_diveica,3423,4,0.7135452910916398,pass
BERT_base&Llama_3_8B,socialness_diveica,3423,5,0.7211934677214795,pass
BERT_base&Llama_3_8B,valence_warriner,5384,1,0.699224960686238,pass
BERT_base&Llama_3_8B,valence_warriner,5384,2,0.7562373304102641,pass
BERT_base&Llama_3_8B,valence_warriner,5384,3,0.7291859421608533,pass
BERT_base&Llama_3_8B,valence_warriner,5384,4,0.6903291967717271,pass
BERT_base&Llama_3_8B,valence_warriner,5384,5,0.7264950404464033,pass
BERT_base&Llama_3_8B,valence_glasgow,2762,1,0.765780230467993,pass
BERT_base&Llama_3_8B,valence_glasgow,2762,2,0.8242484058410138,pass
BERT_base&Llama_3_8B,valence_glasgow,2762,3,0.8130583470621809,pass
BERT_base&Llama_3_8B,valence_glasgow,2762,4,0.7859098104961662,pass
BERT_base&Llama_3_8B,valence_glasgow,2762,5,0.8270221833960956,pass
BERT_base&Llama_3_8B,valence_mohammad,5592,1,0.7002882901716234,pass
BERT_base&Llama_3_8B,valence_mohammad,5592,2,0.7373193987484692,pass
BERT_base&Llama_3_8B,valence_mohammad,5592,3,0.7673601034998238,pass
BERT_base&Llama_3_8B,valence_mohammad,5592,4,0.6727765863478629,pass
BERT_base&Llama_3_8B,valence_mohammad,5592,5,0.70488399125627,pass
BERT_base&Llama_3_8B,valence_older_kyrolainen,1935,1,0.7595389699226062,pass
BERT_base&Llama_3_8B,valence_older_kyrolainen,1935,2,0.7732830422901009,pass
BERT_base&Llama_3_8B,valence_older_kyrolainen,1935,3,0.760020832035788,pass
BERT_base&Llama_3_8B,valence_older_kyrolainen,1935,4,0.7333703195784386,pass
BERT_base&Llama_3_8B,valence_older_kyrolainen,1935,5,0.7368739185861661,pass
BERT_base&Llama_3_8B,valence_younger_kyrolainen,1935,1,0.7674938998012415,pass
BERT_base&Llama_3_8B,valence_younger_kyrolainen,1935,2,0.8071056400907566,pass
BERT_base&Llama_3_8B,valence_younger_kyrolainen,1935,3,0.7719169340092812,pass
BERT_base&Llama_3_8B,valence_younger_kyrolainen,1935,4,0.7533864168890116,pass
BERT_base&Llama_3_8B,valence_younger_kyrolainen,1935,5,0.7540517155529576,pass
BERT_base&Llama_3_8B,arousal_warriner,5384,1,0.4629864270538083,pass
BERT_base&Llama_3_8B,arousal_warriner,5384,2,0.448701298265745,pass
BERT_base&Llama_3_8B,arousal_warriner,5384,3,0.4753954997387543,pass
BERT_base&Llama_3_8B,arousal_warriner,5384,4,0.44467503071856496,pass
BERT_base&Llama_3_8B,arousal_warriner,5384,5,0.4585381775459849,pass
BERT_base&Llama_3_8B,arousal_glasgow,2762,1,0.5914610461244216,pass
BERT_base&Llama_3_8B,arousal_glasgow,2762,2,0.6333779482481556,pass
BERT_base&Llama_3_8B,arousal_glasgow,2762,3,0.6550653359309044,pass
BERT_base&Llama_3_8B,arousal_glasgow,2762,4,0.556993887437955,pass
BERT_base&Llama_3_8B,arousal_glasgow,2762,5,0.6304369931396413,pass
BERT_base&Llama_3_8B,arousal_mohammad,5592,1,0.604447777868091,pass
BERT_base&Llama_3_8B,arousal_mohammad,5592,2,0.6059144291332839,pass
BERT_base&Llama_3_8B,arousal_mohammad,5592,3,0.6296378551448989,pass
BERT_base&Llama_3_8B,arousal_mohammad,5592,4,0.5999077027354927,pass
BERT_base&Llama_3_8B,arousal_mohammad,5592,5,0.5967081740167427,pass
BERT_base&Llama_3_8B,dominance_warriner,5384,1,0.5037972152337453,pass
BERT_base&Llama_3_8B,dominance_warriner,5384,2,0.5666106300403345,pass
BERT_base&Llama_3_8B,dominance_warriner,5384,3,0.543173387068845,pass
BERT_base&Llama_3_8B,dominance_warriner,5384,4,0.5154456604238338,pass
BERT_base&Llama_3_8B,dominance_warriner,5384,5,0.5273533476893854,pass
BERT_base&Llama_3_8B,dominance_glasgow,2762,1,0.5912540067536087,pass
BERT_base&Llama_3_8B,dominance_glasgow,2762,2,0.627884205801785,pass
BERT_base&Llama_3_8B,dominance_glasgow,2762,3,0.5805125081374838,pass
BERT_base&Llama_3_8B,dominance_glasgow,2762,4,0.5844235755353013,pass
BERT_base&Llama_3_8B,dominance_glasgow,2762,5,0.6269355070504335,pass
BERT_base&Llama_3_8B,dominance_mohammad,5592,1,0.6291755662106325,pass
BERT_base&Llama_3_8B,dominance_mohammad,5592,2,0.6434336804795194,pass
BERT_base&Llama_3_8B,dominance_mohammad,5592,3,0.6437214410637717,pass
BERT_base&Llama_3_8B,dominance_mohammad,5592,4,0.6116351067920669,pass
BERT_base&Llama_3_8B,dominance_mohammad,5592,5,0.6007831954617979,pass
BERT_base&Llama_3_8B,humor_engelthaler,2682,1,0.49235802958386243,pass
BERT_base&Llama_3_8B,humor_engelthaler,2682,2,0.5334984559308218,pass
BERT_base&Llama_3_8B,humor_engelthaler,2682,3,0.4894848753505856,pass
BERT_base&Llama_3_8B,humor_engelthaler,2682,4,0.4568984194529232,pass
BERT_base&Llama_3_8B,humor_engelthaler,2682,5,0.49670939260946834,pass
BERT_base&Llama_3_8B,anger_mohammad,4946,1,0.40485458060133717,pass
BERT_base&Llama_3_8B,anger_mohammad,4946,2,0.36135465150656865,pass
BERT_base&Llama_3_8B,anger_mohammad,4946,3,0.3528457982861146,pass
BERT_base&Llama_3_8B,anger_mohammad,4946,4,0.29771861805605526,pass
BERT_base&Llama_3_8B,anger_mohammad,4946,5,0.3712742742943532,pass
BERT_base&Llama_3_8B,anticipation_mohammad,4946,1,0.05986065020014919,pass
BERT_base&Llama_3_8B,anticipation_mohammad,4946,2,0.12806861181310591,pass
BERT_base&Llama_3_8B,anticipation_mohammad,4946,3,0.14890679406367857,pass
BERT_base&Llama_3_8B,anticipation_mohammad,4946,4,0.1430684372402472,pass
BERT_base&Llama_3_8B,anticipation_mohammad,4946,5,0.14724944063762024,pass
BERT_base&Llama_3_8B,disgust_mohammad,4946,1,0.3815205823538057,pass
BERT_base&Llama_3_8B,disgust_mohammad,4946,2,0.36890629366634187,pass
BERT_base&Llama_3_8B,disgust_mohammad,4946,3,0.33908764314565076,pass
BERT_base&Llama_3_8B,disgust_mohammad,4946,4,0.4186578963632607,pass
BERT_base&Llama_3_8B,disgust_mohammad,4946,5,0.4272581921856986,pass
BERT_base&Llama_3_8B,fear_mohammad,4946,1,0.3537819642874521,pass
BERT_base&Llama_3_8B,fear_mohammad,4946,2,0.34137749158744946,pass
BERT_base&Llama_3_8B,fear_mohammad,4946,3,0.38331017021341174,pass
BERT_base&Llama_3_8B,fear_mohammad,4946,4,0.3814834106722518,pass
BERT_base&Llama_3_8B,fear_mohammad,4946,5,0.3604518833027148,pass
BERT_base&Llama_3_8B,joy_mohammad,4946,1,0.4135645892275934,pass
BERT_base&Llama_3_8B,joy_mohammad,4946,2,0.2691590850505148,pass
BERT_base&Llama_3_8B,joy_mohammad,4946,3,0.3991789589541851,pass
BERT_base&Llama_3_8B,joy_mohammad,4946,4,0.3725402556933104,pass
BERT_base&Llama_3_8B,joy_mohammad,4946,5,0.4202036696687982,pass
BERT_base&Llama_3_8B,negative_emotion_mohammad,4946,1,0.47692556981888523,pass
BERT_base&Llama_3_8B,negative_emotion_mohammad,4946,2,0.5102245473749175,pass
BERT_base&Llama_3_8B,negative_emotion_mohammad,4946,3,0.5213159521868305,pass
BERT_base&Llama_3_8B,negative_emotion_mohammad,4946,4,0.44170904309228454,pass
BERT_base&Llama_3_8B,negative_emotion_mohammad,4946,5,0.41110299123934224,pass
BERT_base&Llama_3_8B,positive_emotion_mohammad,4946,1,0.28886150119300935,pass
BERT_base&Llama_3_8B,positive_emotion_mohammad,4946,2,0.3191238305849019,pass
BERT_base&Llama_3_8B,positive_emotion_mohammad,4946,3,0.35294027251574556,pass
BERT_base&Llama_3_8B,positive_emotion_mohammad,4946,4,0.21541285527862897,pass
BERT_base&Llama_3_8B,positive_emotion_mohammad,4946,5,0.3093754663644863,pass
BERT_base&Llama_3_8B,sadness_mohammad,4946,1,0.4134232713992738,pass
BERT_base&Llama_3_8B,sadness_mohammad,4946,2,0.34666229595165454,pass
BERT_base&Llama_3_8B,sadness_mohammad,4946,3,0.38023123929809244,pass
BERT_base&Llama_3_8B,sadness_mohammad,4946,4,0.35982942769965,pass
BERT_base&Llama_3_8B,sadness_mohammad,4946,5,0.28839774639289306,pass
BERT_base&Llama_3_8B,surprise_mohammad,4946,1,0.19389809962717897,pass
BERT_base&Llama_3_8B,surprise_mohammad,4946,2,0.18606183917636465,pass
BERT_base&Llama_3_8B,surprise_mohammad,4946,3,0.14753903669353285,pass
BERT_base&Llama_3_8B,surprise_mohammad,4946,4,0.1596835896801998,pass
BERT_base&Llama_3_8B,surprise_mohammad,4946,5,0.1312521430557917,pass
BERT_base&Llama_3_8B,trust_mohammad,4946,1,0.26334865934922724,pass
BERT_base&Llama_3_8B,trust_mohammad,4946,2,0.21653738210735496,pass
BERT_base&Llama_3_8B,trust_mohammad,4946,3,0.1982234565676233,pass
BERT_base&Llama_3_8B,trust_mohammad,4946,4,0.22009444586318472,pass
BERT_base&Llama_3_8B,trust_mohammad,4946,5,0.24406502019980858,pass
BERT_base&Llama_3_8B,semantic_diversity_hoffman,5580,1,0.7062151884319874,pass
BERT_base&Llama_3_8B,semantic_diversity_hoffman,5580,2,0.6549969364758144,pass
BERT_base&Llama_3_8B,semantic_diversity_hoffman,5580,3,0.6546516716069963,pass
BERT_base&Llama_3_8B,semantic_diversity_hoffman,5580,4,0.6661503011899721,pass
BERT_base&Llama_3_8B,semantic_diversity_hoffman,5580,5,0.6675467100188482,pass
BERT_base&Llama_3_8B,n_semantic_neighbors_shaoul,5828,1,0.6723421664330194,pass
BERT_base&Llama_3_8B,n_semantic_neighbors_shaoul,5828,2,0.6757319141124909,pass
BERT_base&Llama_3_8B,n_semantic_neighbors_shaoul,5828,3,0.6758752808295427,pass
BERT_base&Llama_3_8B,n_semantic_neighbors_shaoul,5828,4,0.6960138996892375,pass
BERT_base&Llama_3_8B,n_semantic_neighbors_shaoul,5828,5,0.6951400721879751,pass
BERT_base&Llama_3_8B,distance_semantic_neighbors_shaoul,5828,1,0.833778180541322,pass
BERT_base&Llama_3_8B,distance_semantic_neighbors_shaoul,5828,2,0.8529047807171682,pass
BERT_base&Llama_3_8B,distance_semantic_neighbors_shaoul,5828,3,0.8429835422988781,pass
BERT_base&Llama_3_8B,distance_semantic_neighbors_shaoul,5828,4,0.8432200812479922,pass
BERT_base&Llama_3_8B,distance_semantic_neighbors_shaoul,5828,5,0.8620494492608316,pass
BERT_base&Llama_3_8B,association_frequency_dedeyne,5791,1,0.6005085628136939,pass
BERT_base&Llama_3_8B,association_frequency_dedeyne,5791,2,0.6009977853834454,pass
BERT_base&Llama_3_8B,association_frequency_dedeyne,5791,3,0.6072695692450328,pass
BERT_base&Llama_3_8B,association_frequency_dedeyne,5791,4,0.6108775250553455,pass
BERT_base&Llama_3_8B,association_frequency_dedeyne,5791,5,0.6315783943787268,pass
BERT_base&Llama_3_8B,cue_setsize_nelson,3287,1,0.10114056318949682,pass
BERT_base&Llama_3_8B,cue_setsize_nelson,3287,2,0.12240114432447624,pass
BERT_base&Llama_3_8B,cue_setsize_nelson,3287,3,0.155168354676963,pass
BERT_base&Llama_3_8B,cue_setsize_nelson,3287,4,0.13317382538941924,pass
BERT_base&Llama_3_8B,cue_setsize_nelson,3287,5,0.1516386343215096,pass
BERT_base&Llama_3_8B,cue_connectedness_nelson,3287,1,0.1756553735390869,pass
BERT_base&Llama_3_8B,cue_connectedness_nelson,3287,2,0.12805891239126788,pass
BERT_base&Llama_3_8B,cue_connectedness_nelson,3287,3,0.16737732210971978,pass
BERT_base&Llama_3_8B,cue_connectedness_nelson,3287,4,0.14646218267362832,pass
BERT_base&Llama_3_8B,cue_connectedness_nelson,3287,5,0.21121356986216566,pass
BERT_base&Llama_3_8B,cue_probability_nelson,3287,1,0.2963835963751422,pass
BERT_base&Llama_3_8B,cue_probability_nelson,3287,2,0.3381149829998721,pass
BERT_base&Llama_3_8B,cue_probability_nelson,3287,3,0.35733340204459463,pass
BERT_base&Llama_3_8B,cue_probability_nelson,3287,4,0.3106715990297355,pass
BERT_base&Llama_3_8B,cue_probability_nelson,3287,5,0.3132201724970507,pass
BERT_base&Llama_3_8B,cue_resonance_strength_nelson,3287,1,0.31143594564571375,pass
BERT_base&Llama_3_8B,cue_resonance_strength_nelson,3287,2,0.3566787935286462,pass
BERT_base&Llama_3_8B,cue_resonance_strength_nelson,3287,3,0.30174996158305134,pass
BERT_base&Llama_3_8B,cue_resonance_strength_nelson,3287,4,0.240506710520356,pass
BERT_base&Llama_3_8B,cue_resonance_strength_nelson,3287,5,0.3130496735298086,pass
BERT_base&Llama_3_8B,visual_lexical_rt_balota,5803,1,0.45513811251838643,pass
BERT_base&Llama_3_8B,visual_lexical_rt_balota,5803,2,0.4538263022166802,pass
BERT_base&Llama_3_8B,visual_lexical_rt_balota,5803,3,0.47989269427101,pass
BERT_base&Llama_3_8B,visual_lexical_rt_balota,5803,4,0.4556595325100883,pass
BERT_base&Llama_3_8B,visual_lexical_rt_balota,5803,5,0.45997539370316176,pass
BERT_base&Llama_3_8B,visual_lexical_rt_mandera,5845,1,0.4203016550245072,pass
BERT_base&Llama_3_8B,visual_lexical_rt_mandera,5845,2,0.4489616016904281,pass
BERT_base&Llama_3_8B,visual_lexical_rt_mandera,5845,3,0.4289647949613731,pass
BERT_base&Llama_3_8B,visual_lexical_rt_mandera,5845,4,0.44349162403677167,pass
BERT_base&Llama_3_8B,visual_lexical_rt_mandera,5845,5,0.43522921455024866,pass
BERT_base&Llama_3_8B,visual_lexical_rt_keuleers,4422,1,0.45719435840318456,pass
BERT_base&Llama_3_8B,visual_lexical_rt_keuleers,4422,2,0.4911936664461555,pass
BERT_base&Llama_3_8B,visual_lexical_rt_keuleers,4422,3,0.5179699842118739,pass
BERT_base&Llama_3_8B,visual_lexical_rt_keuleers,4422,4,0.5107447687839964,pass
BERT_base&Llama_3_8B,visual_lexical_rt_keuleers,4422,5,0.49144710619341214,pass
BERT_base&Llama_3_8B,visual_lexical_accuracy_balota,5803,1,0.307301962049791,pass
BERT_base&Llama_3_8B,visual_lexical_accuracy_balota,5803,2,0.3267152799027201,pass
BERT_base&Llama_3_8B,visual_lexical_accuracy_balota,5803,3,0.33452880599094414,pass
BERT_base&Llama_3_8B,visual_lexical_accuracy_balota,5803,4,0.3240050553507291,pass
BERT_base&Llama_3_8B,visual_lexical_accuracy_balota,5803,5,0.3086396808858862,pass
BERT_base&Llama_3_8B,visual_lexical_accuracy_mandera,5845,1,0.28116305527860064,pass
BERT_base&Llama_3_8B,visual_lexical_accuracy_mandera,5845,2,0.3401223888393923,pass
BERT_base&Llama_3_8B,visual_lexical_accuracy_mandera,5845,3,0.30933394340137277,pass
BERT_base&Llama_3_8B,visual_lexical_accuracy_mandera,5845,4,0.3098993964395116,pass
BERT_base&Llama_3_8B,visual_lexical_accuracy_mandera,5845,5,0.32207769022229293,pass
BERT_base&Llama_3_8B,visual_lexical_accuracy_keuleers,4422,1,0.26186720525423623,pass
BERT_base&Llama_3_8B,visual_lexical_accuracy_keuleers,4422,2,0.28186122173986095,pass
BERT_base&Llama_3_8B,visual_lexical_accuracy_keuleers,4422,3,0.3304009777208552,pass
BERT_base&Llama_3_8B,visual_lexical_accuracy_keuleers,4422,4,0.30287437706815723,pass
BERT_base&Llama_3_8B,visual_lexical_accuracy_keuleers,4422,5,0.36074264878647977,pass
BERT_base&Llama_3_8B,auditory_lexical_rt_tucker,5133,1,0.044156838044980384,pass
BERT_base&Llama_3_8B,auditory_lexical_rt_tucker,5133,2,0.056662607128789344,pass
BERT_base&Llama_3_8B,auditory_lexical_rt_tucker,5133,3,0.02475522409545472,pass
BERT_base&Llama_3_8B,auditory_lexical_rt_tucker,5133,4,0.029226354625679463,pass
BERT_base&Llama_3_8B,auditory_lexical_rt_tucker,5133,5,0.001754244604123989,pass
BERT_base&Llama_3_8B,auditory_lexical_rt_goh,4544,1,0.2035040296202809,pass
BERT_base&Llama_3_8B,auditory_lexical_rt_goh,4544,2,0.2536049883984489,pass
BERT_base&Llama_3_8B,auditory_lexical_rt_goh,4544,3,0.23462585018321158,pass
BERT_base&Llama_3_8B,auditory_lexical_rt_goh,4544,4,0.24240914267342584,pass
BERT_base&Llama_3_8B,auditory_lexical_rt_goh,4544,5,0.22867896754686667,pass
BERT_base&Llama_3_8B,auditory_lexical_accuracy_tucker,5140,1,0.0342139303056197,pass
BERT_base&Llama_3_8B,auditory_lexical_accuracy_tucker,5140,2,0.03192536829660597,pass
BERT_base&Llama_3_8B,auditory_lexical_accuracy_tucker,5140,3,0.02954393568514513,pass
BERT_base&Llama_3_8B,auditory_lexical_accuracy_tucker,5140,4,0.030130104172429117,pass
BERT_base&Llama_3_8B,auditory_lexical_accuracy_tucker,5140,5,0.03247416632948341,pass
BERT_base&Llama_3_8B,auditory_lexical_accuracy_goh,4544,1,0.24069258482611178,pass
BERT_base&Llama_3_8B,auditory_lexical_accuracy_goh,4544,2,0.2740889164835044,pass
BERT_base&Llama_3_8B,auditory_lexical_accuracy_goh,4544,3,0.2791098402646769,pass
BERT_base&Llama_3_8B,auditory_lexical_accuracy_goh,4544,4,0.2878166528461841,pass
BERT_base&Llama_3_8B,auditory_lexical_accuracy_goh,4544,5,0.3073641170735305,pass
BERT_base&Llama_3_8B,naming_rt_balota,5803,1,0.38636865669865883,pass
BERT_base&Llama_3_8B,naming_rt_balota,5803,2,0.382682916619854,pass
BERT_base&Llama_3_8B,naming_rt_balota,5803,3,0.37426203571187466,pass
BERT_base&Llama_3_8B,naming_rt_balota,5803,4,0.37825828816612816,pass
BERT_base&Llama_3_8B,naming_rt_balota,5803,5,0.22892898500683623,pass
BERT_base&Llama_3_8B,naming_accuracy_balota,5803,1,0.08391521378538336,pass
BERT_base&Llama_3_8B,naming_accuracy_balota,5803,2,0.0709521189766994,pass
BERT_base&Llama_3_8B,naming_accuracy_balota,5803,3,0.0833470631986164,pass
BERT_base&Llama_3_8B,naming_accuracy_balota,5803,4,0.0907448869355717,pass
BERT_base&Llama_3_8B,naming_accuracy_balota,5803,5,0.05835989440771916,pass
BERT_base&Llama_3_8B,concreteness_rt_pexman,2364,1,0.4130497415934814,pass
BERT_base&Llama_3_8B,concreteness_rt_pexman,2364,2,0.35140836595468083,pass
BERT_base&Llama_3_8B,concreteness_rt_pexman,2364,3,0.3535770906938889,pass
BERT_base&Llama_3_8B,concreteness_rt_pexman,2364,4,0.3968797338822696,pass
BERT_base&Llama_3_8B,concreteness_rt_pexman,2364,5,0.4144177913323669,pass
BERT_base&Llama_3_8B,concreteness_accuracy_pexman,2365,1,0.1698045460574663,pass
BERT_base&Llama_3_8B,concreteness_accuracy_pexman,2365,2,0.14857790480819388,pass
BERT_base&Llama_3_8B,concreteness_accuracy_pexman,2365,3,0.20086917990235764,pass
BERT_base&Llama_3_8B,concreteness_accuracy_pexman,2365,4,0.19750156678254627,pass
BERT_base&Llama_3_8B,concreteness_accuracy_pexman,2365,5,0.19675049908538356,pass
BERT_base&Llama_3_8B,recognition_memory_accuracy_cortese,3278,1,0.49424981653135724,pass
BERT_base&Llama_3_8B,recognition_memory_accuracy_cortese,3278,2,0.4392273238832567,pass
BERT_base&Llama_3_8B,recognition_memory_accuracy_cortese,3278,3,0.4450370204502494,pass
BERT_base&Llama_3_8B,recognition_memory_accuracy_cortese,3278,4,0.48385676585270887,pass
BERT_base&Llama_3_8B,recognition_memory_accuracy_cortese,3278,5,0.39979580891334177,pass
BERT_base&Llama_3_8B,vision_binder,342,1,0.7607916900781306,pass
BERT_base&Llama_3_8B,vision_binder,342,2,0.7525530224254563,pass
BERT_base&Llama_3_8B,vision_binder,342,3,0.756804396451897,pass
BERT_base&Llama_3_8B,vision_binder,342,4,0.6822482049647072,pass
BERT_base&Llama_3_8B,vision_binder,342,5,0.7357213333455698,pass
BERT_base&Llama_3_8B,bright_binder,342,1,0.36868913253968416,pass
BERT_base&Llama_3_8B,bright_binder,342,2,0.5358275013343474,pass
BERT_base&Llama_3_8B,bright_binder,342,3,0.5779695174212386,pass
BERT_base&Llama_3_8B,bright_binder,342,4,0.4909541791460137,pass
BERT_base&Llama_3_8B,bright_binder,342,5,0.5402265498397096,pass
BERT_base&Llama_3_8B,dark_binder,342,1,0.2105674030288659,pass
BERT_base&Llama_3_8B,dark_binder,342,2,0.45507114810775806,pass
BERT_base&Llama_3_8B,dark_binder,342,3,-0.13913223130291463,pass
BERT_base&Llama_3_8B,dark_binder,342,4,0.4042461477585245,pass
BERT_base&Llama_3_8B,dark_binder,342,5,0.26097498143100284,pass
BERT_base&Llama_3_8B,color_binder,342,1,0.7615169653928597,pass
BERT_base&Llama_3_8B,color_binder,342,2,0.6520539517344426,pass
BERT_base&Llama_3_8B,color_binder,342,3,0.7228261128697477,pass
BERT_base&Llama_3_8B,color_binder,342,4,0.7901327720959225,pass
BERT_base&Llama_3_8B,color_binder,342,5,0.7510256153441887,pass
BERT_base&Llama_3_8B,pattern_binder,342,1,0.6482109495246398,pass
BERT_base&Llama_3_8B,pattern_binder,342,2,0.7324996356822946,pass
BERT_base&Llama_3_8B,pattern_binder,342,3,0.6881874085025044,pass
BERT_base&Llama_3_8B,pattern_binder,342,4,0.7184986388309584,pass
BERT_base&Llama_3_8B,pattern_binder,342,5,0.7342255988797796,pass
BERT_base&Llama_3_8B,large_binder,342,1,0.7247733882379901,pass
BERT_base&Llama_3_8B,large_binder,342,2,0.6727146468499686,pass
BERT_base&Llama_3_8B,large_binder,342,3,0.7247559671663824,pass
BERT_base&Llama_3_8B,large_binder,342,4,0.6064403052555161,pass
BERT_base&Llama_3_8B,large_binder,342,5,0.7058395056712325,pass
BERT_base&Llama_3_8B,small_binder,342,1,0.5864489317999465,pass
BERT_base&Llama_3_8B,small_binder,342,2,0.6318273423151668,pass
BERT_base&Llama_3_8B,small_binder,342,3,0.5974675173709068,pass
BERT_base&Llama_3_8B,small_binder,342,4,0.6174070114701791,pass
BERT_base&Llama_3_8B,small_binder,342,5,0.4859618039212691,pass
BERT_base&Llama_3_8B,motion_binder,342,1,0.713468917018897,pass
BERT_base&Llama_3_8B,motion_binder,342,2,0.724686101074419,pass
BERT_base&Llama_3_8B,motion_binder,342,3,0.7609523522684336,pass
BERT_base&Llama_3_8B,motion_binder,342,4,0.745059487486444,pass
BERT_base&Llama_3_8B,motion_binder,342,5,0.6859154341070802,pass
BERT_base&Llama_3_8B,biomotion_binder,342,1,0.8070375587720187,pass
BERT_base&Llama_3_8B,biomotion_binder,342,2,0.8087569339252465,pass
BERT_base&Llama_3_8B,biomotion_binder,342,3,0.8092711127494907,pass
BERT_base&Llama_3_8B,biomotion_binder,342,4,0.7892072512013923,pass
BERT_base&Llama_3_8B,biomotion_binder,342,5,0.7191313937680213,pass
BERT_base&Llama_3_8B,fast_binder,342,1,0.7243989515781915,pass
BERT_base&Llama_3_8B,fast_binder,342,2,0.6972980795747535,pass
BERT_base&Llama_3_8B,fast_binder,342,3,0.7644571629059629,pass
BERT_base&Llama_3_8B,fast_binder,342,4,0.7590259119242461,pass
BERT_base&Llama_3_8B,fast_binder,342,5,0.5359231598989413,pass
BERT_base&Llama_3_8B,slow_binder,342,1,0.4261561421314004,pass
BERT_base&Llama_3_8B,slow_binder,342,2,0.3737382634737144,pass
BERT_base&Llama_3_8B,slow_binder,342,3,0.3223561646350578,pass
BERT_base&Llama_3_8B,slow_binder,342,4,0.4375449055978753,pass
BERT_base&Llama_3_8B,slow_binder,342,5,0.41712660344215335,pass
BERT_base&Llama_3_8B,shape_binder,342,1,0.7459906875285148,pass
BERT_base&Llama_3_8B,shape_binder,342,2,0.8174594771250936,pass
BERT_base&Llama_3_8B,shape_binder,342,3,0.7233620536194278,pass
BERT_base&Llama_3_8B,shape_binder,342,4,0.7747803911684034,pass
BERT_base&Llama_3_8B,shape_binder,342,5,0.7501198821308633,pass
BERT_base&Llama_3_8B,complexity_binder,300,1,0.6512114415117125,pass
BERT_base&Llama_3_8B,complexity_binder,300,2,0.6716428297937693,pass
BERT_base&Llama_3_8B,complexity_binder,300,3,0.6964479907539929,pass
BERT_base&Llama_3_8B,complexity_binder,300,4,0.6534772957425183,pass
BERT_base&Llama_3_8B,complexity_binder,300,5,0.6834085766042434,pass
BERT_base&Llama_3_8B,face_binder,342,1,0.8353467604642404,pass
BERT_base&Llama_3_8B,face_binder,342,2,0.7659369839577319,pass
BERT_base&Llama_3_8B,face_binder,342,3,0.8119798100664415,pass
BERT_base&Llama_3_8B,face_binder,342,4,0.7714603553486563,pass
BERT_base&Llama_3_8B,face_binder,342,5,0.745938337186206,pass
BERT_base&Llama_3_8B,body_binder,342,1,0.7804830584266919,pass
BERT_base&Llama_3_8B,body_binder,342,2,0.7681012467631692,pass
BERT_base&Llama_3_8B,body_binder,342,3,0.8035432844936092,pass
BERT_base&Llama_3_8B,body_binder,342,4,0.7481025265627357,pass
BERT_base&Llama_3_8B,body_binder,342,5,0.6898416966472736,pass
BERT_base&Llama_3_8B,touch_binder,342,1,0.6694603280427327,pass
BERT_base&Llama_3_8B,touch_binder,342,2,0.6874732134497571,pass
BERT_base&Llama_3_8B,touch_binder,342,3,0.6591622429680039,pass
BERT_base&Llama_3_8B,touch_binder,342,4,0.7091651346750198,pass
BERT_base&Llama_3_8B,touch_binder,342,5,0.6660634680238354,pass
BERT_base&Llama_3_8B,temperature_binder,342,1,0.6194887439949932,pass
BERT_base&Llama_3_8B,temperature_binder,342,2,0.46337340868388444,pass
BERT_base&Llama_3_8B,temperature_binder,342,3,0.660201548828331,pass
BERT_base&Llama_3_8B,temperature_binder,342,4,0.689517063288458,pass
BERT_base&Llama_3_8B,temperature_binder,342,5,0.6117887811317347,pass
BERT_base&Llama_3_8B,texture_binder,342,1,0.650522765896853,pass
BERT_base&Llama_3_8B,texture_binder,342,2,0.778845797590611,pass
BERT_base&Llama_3_8B,texture_binder,342,3,0.6369016714370713,pass
BERT_base&Llama_3_8B,texture_binder,342,4,0.7695070204158094,pass
BERT_base&Llama_3_8B,texture_binder,342,5,0.6852643983491282,pass
BERT_base&Llama_3_8B,weight_binder,342,1,0.7036247977754118,pass
BERT_base&Llama_3_8B,weight_binder,342,2,0.6897706806792475,pass
BERT_base&Llama_3_8B,weight_binder,342,3,0.5898476779701581,pass
BERT_base&Llama_3_8B,weight_binder,342,4,0.555155334060883,pass
BERT_base&Llama_3_8B,weight_binder,342,5,0.6939519349241221,pass
BERT_base&Llama_3_8B,pain_binder,342,1,0.58801990761389,pass
BERT_base&Llama_3_8B,pain_binder,342,2,0.7331316188952383,pass
BERT_base&Llama_3_8B,pain_binder,342,3,0.5752131655406973,pass
BERT_base&Llama_3_8B,pain_binder,342,4,0.7005285510263938,pass
BERT_base&Llama_3_8B,pain_binder,342,5,0.6348567498413398,pass
BERT_base&Llama_3_8B,audition_binder,342,1,0.6674063804402846,pass
BERT_base&Llama_3_8B,audition_binder,342,2,0.6370598170383037,pass
BERT_base&Llama_3_8B,audition_binder,342,3,0.6614223835295516,pass
BERT_base&Llama_3_8B,audition_binder,342,4,0.7023198423623234,pass
BERT_base&Llama_3_8B,audition_binder,342,5,0.7204647467442702,pass
BERT_base&Llama_3_8B,loud_binder,342,1,0.6793559784832317,pass
BERT_base&Llama_3_8B,loud_binder,342,2,0.6686215392104494,pass
BERT_base&Llama_3_8B,loud_binder,342,3,0.6898362467265653,pass
BERT_base&Llama_3_8B,loud_binder,342,4,0.7276875669265781,pass
BERT_base&Llama_3_8B,loud_binder,342,5,0.8063549443526496,pass
BERT_base&Llama_3_8B,low_binder,342,1,0.6488124784272175,pass
BERT_base&Llama_3_8B,low_binder,342,2,0.5919740027468534,pass
BERT_base&Llama_3_8B,low_binder,342,3,0.5240806511286185,pass
BERT_base&Llama_3_8B,low_binder,342,4,0.636942449904446,pass
BERT_base&Llama_3_8B,low_binder,342,5,0.6145913503195649,pass
BERT_base&Llama_3_8B,high_binder,342,1,0.5874649407594007,pass
BERT_base&Llama_3_8B,high_binder,342,2,0.5382827284104589,pass
BERT_base&Llama_3_8B,high_binder,342,3,0.7225655359136636,pass
BERT_base&Llama_3_8B,high_binder,342,4,0.7469412706738249,pass
BERT_base&Llama_3_8B,high_binder,342,5,0.7022016526672616,pass
BERT_base&Llama_3_8B,sound_binder,342,1,0.6695282798464577,pass
BERT_base&Llama_3_8B,sound_binder,342,2,0.680249530439087,pass
BERT_base&Llama_3_8B,sound_binder,342,3,0.6422518793264687,pass
BERT_base&Llama_3_8B,sound_binder,342,4,0.6754722779878073,pass
BERT_base&Llama_3_8B,sound_binder,342,5,0.7396869566756472,pass
BERT_base&Llama_3_8B,music_binder,342,1,0.7525700740998026,pass
BERT_base&Llama_3_8B,music_binder,342,2,0.7795794042254977,pass
BERT_base&Llama_3_8B,music_binder,342,3,0.5970430890573644,pass
BERT_base&Llama_3_8B,music_binder,342,4,0.7476302776600126,pass
BERT_base&Llama_3_8B,music_binder,342,5,0.840249645918922,pass
BERT_base&Llama_3_8B,speech_binder,342,1,0.7985799000115761,pass
BERT_base&Llama_3_8B,speech_binder,342,2,0.758975607250918,pass
BERT_base&Llama_3_8B,speech_binder,342,3,0.7966398465060663,pass
BERT_base&Llama_3_8B,speech_binder,342,4,0.7334313312145778,pass
BERT_base&Llama_3_8B,speech_binder,342,5,0.6675259275558117,pass
BERT_base&Llama_3_8B,taste_binder,342,1,0.89470433981049,pass
BERT_base&Llama_3_8B,taste_binder,342,2,0.7655684915736551,pass
BERT_base&Llama_3_8B,taste_binder,342,3,0.6780804811572589,pass
BERT_base&Llama_3_8B,taste_binder,342,4,0.8302581573353272,pass
BERT_base&Llama_3_8B,taste_binder,342,5,0.6718375828906987,pass
BERT_base&Llama_3_8B,smell_binder,342,1,0.7740289093614696,pass
BERT_base&Llama_3_8B,smell_binder,342,2,0.6412756766224974,pass
BERT_base&Llama_3_8B,smell_binder,342,3,0.5823512145326704,pass
BERT_base&Llama_3_8B,smell_binder,342,4,0.7591186105381361,pass
BERT_base&Llama_3_8B,smell_binder,342,5,0.5760119456268056,pass
BERT_base&Llama_3_8B,head_binder,342,1,0.6941055027645808,pass
BERT_base&Llama_3_8B,head_binder,342,2,0.6451918147749958,pass
BERT_base&Llama_3_8B,head_binder,342,3,0.6141057604784698,pass
BERT_base&Llama_3_8B,head_binder,342,4,0.6243223545302536,pass
BERT_base&Llama_3_8B,head_binder,342,5,0.6989941384867484,pass
BERT_base&Llama_3_8B,upper_limb_binder,342,1,0.473589670883546,pass
BERT_base&Llama_3_8B,upper_limb_binder,342,2,0.6123798896277504,pass
BERT_base&Llama_3_8B,upper_limb_binder,342,3,0.4320880882312992,pass
BERT_base&Llama_3_8B,upper_limb_binder,342,4,0.5929975135674734,pass
BERT_base&Llama_3_8B,upper_limb_binder,342,5,0.586295401925989,pass
BERT_base&Llama_3_8B,lower_limb_binder,342,1,0.49780914866354786,pass
BERT_base&Llama_3_8B,lower_limb_binder,342,2,0.5144664008577259,pass
BERT_base&Llama_3_8B,lower_limb_binder,342,3,0.41915412248692596,pass
BERT_base&Llama_3_8B,lower_limb_binder,342,4,0.48571588733394677,pass
BERT_base&Llama_3_8B,lower_limb_binder,342,5,0.5587359494582684,pass
BERT_base&Llama_3_8B,practice_binder,314,1,0.7527147450945805,pass
BERT_base&Llama_3_8B,practice_binder,314,2,0.738547591597098,pass
BERT_base&Llama_3_8B,practice_binder,314,3,0.6974608711729592,pass
BERT_base&Llama_3_8B,practice_binder,314,4,0.7403263056904972,pass
BERT_base&Llama_3_8B,practice_binder,314,5,0.6876569074927792,pass
BERT_base&Llama_3_8B,landmark_binder,342,1,0.8000834875478222,pass
BERT_base&Llama_3_8B,landmark_binder,342,2,0.6821262867877647,pass
BERT_base&Llama_3_8B,landmark_binder,342,3,0.7696958818836513,pass
BERT_base&Llama_3_8B,landmark_binder,342,4,0.7536582451966424,pass
BERT_base&Llama_3_8B,landmark_binder,342,5,0.719885102022836,pass
BERT_base&Llama_3_8B,path_binder,342,1,0.6918678509758782,pass
BERT_base&Llama_3_8B,path_binder,342,2,0.7691710080072066,pass
BERT_base&Llama_3_8B,path_binder,342,3,0.5395757540541386,pass
BERT_base&Llama_3_8B,path_binder,342,4,0.7294850118409479,pass
BERT_base&Llama_3_8B,path_binder,342,5,0.739698297140952,pass
BERT_base&Llama_3_8B,scene_binder,342,1,0.6990990597910114,pass
BERT_base&Llama_3_8B,scene_binder,342,2,0.7246029204989282,pass
BERT_base&Llama_3_8B,scene_binder,342,3,0.7582436984150472,pass
BERT_base&Llama_3_8B,scene_binder,342,4,0.6921533932571129,pass
BERT_base&Llama_3_8B,scene_binder,342,5,0.7557787915644159,pass
BERT_base&Llama_3_8B,near_binder,342,1,0.641062291469775,pass
BERT_base&Llama_3_8B,near_binder,342,2,0.6549914988548637,pass
BERT_base&Llama_3_8B,near_binder,342,3,0.6817505972509919,pass
BERT_base&Llama_3_8B,near_binder,342,4,0.5534854702426358,pass
BERT_base&Llama_3_8B,near_binder,342,5,0.604176253008548,pass
BERT_base&Llama_3_8B,toward_binder,342,1,0.5385073240375109,pass
BERT_base&Llama_3_8B,toward_binder,342,2,0.45022644507194653,pass
BERT_base&Llama_3_8B,toward_binder,342,3,0.4296430040367222,pass
BERT_base&Llama_3_8B,toward_binder,342,4,0.4294735486166409,pass
BERT_base&Llama_3_8B,toward_binder,342,5,0.4738124564021179,pass
BERT_base&Llama_3_8B,away_binder,342,1,0.5018650735262622,pass
BERT_base&Llama_3_8B,away_binder,342,2,0.5013839022545429,pass
BERT_base&Llama_3_8B,away_binder,342,3,0.32958658992267953,pass
BERT_base&Llama_3_8B,away_binder,342,4,0.6086450155048146,pass
BERT_base&Llama_3_8B,away_binder,342,5,0.4426771458649764,pass
BERT_base&Llama_3_8B,number_binder,342,1,0.23409469819233042,pass
BERT_base&Llama_3_8B,number_binder,342,2,0.6005709097863717,pass
BERT_base&Llama_3_8B,number_binder,342,3,0.46132943525839154,pass
BERT_base&Llama_3_8B,number_binder,342,4,0.4972946621820742,pass
BERT_base&Llama_3_8B,number_binder,342,5,0.6361243797750362,pass
BERT_base&Llama_3_8B,time_binder,342,1,0.2820810960133826,pass
BERT_base&Llama_3_8B,time_binder,342,2,0.8034194592023634,pass
BERT_base&Llama_3_8B,time_binder,342,3,0.5809498282197801,pass
BERT_base&Llama_3_8B,time_binder,342,4,0.6277851446514748,pass
BERT_base&Llama_3_8B,time_binder,342,5,0.643915076715076,pass
BERT_base&Llama_3_8B,duration_binder,342,1,0.35073266031775263,pass
BERT_base&Llama_3_8B,duration_binder,342,2,0.6211438213826874,pass
BERT_base&Llama_3_8B,duration_binder,342,3,0.4787445692815624,pass
BERT_base&Llama_3_8B,duration_binder,342,4,0.44021377054002087,pass
BERT_base&Llama_3_8B,duration_binder,342,5,0.6219990799930672,pass
BERT_base&Llama_3_8B,long_binder,342,1,0.43019865002353186,pass
BERT_base&Llama_3_8B,long_binder,342,2,0.4754191000975766,pass
BERT_base&Llama_3_8B,long_binder,342,3,0.44548024612677517,pass
BERT_base&Llama_3_8B,long_binder,342,4,0.4423477703882954,pass
BERT_base&Llama_3_8B,long_binder,342,5,0.46338134612392345,pass
BERT_base&Llama_3_8B,short_binder,342,1,0.5879833848474434,pass
BERT_base&Llama_3_8B,short_binder,342,2,0.5952970926374,pass
BERT_base&Llama_3_8B,short_binder,342,3,0.4801746334578253,pass
BERT_base&Llama_3_8B,short_binder,342,4,0.5114750241927931,pass
BERT_base&Llama_3_8B,short_binder,342,5,0.5674773698027048,pass
BERT_base&Llama_3_8B,caused_binder,314,1,0.735716255526573,pass
BERT_base&Llama_3_8B,caused_binder,314,2,0.7695566035404792,pass
BERT_base&Llama_3_8B,caused_binder,314,3,0.7350095881662964,pass
BERT_base&Llama_3_8B,caused_binder,314,4,0.7116756859180127,pass
BERT_base&Llama_3_8B,caused_binder,314,5,0.6802804857113285,pass
BERT_base&Llama_3_8B,consequential_binder,342,1,0.7163757131348566,pass
BERT_base&Llama_3_8B,consequential_binder,342,2,0.7725062715819533,pass
BERT_base&Llama_3_8B,consequential_binder,342,3,0.6987799458458925,pass
BERT_base&Llama_3_8B,consequential_binder,342,4,0.7551775109994381,pass
BERT_base&Llama_3_8B,consequential_binder,342,5,0.6988463948862179,pass
BERT_base&Llama_3_8B,social_binder,342,1,0.625134005599151,pass
BERT_base&Llama_3_8B,social_binder,342,2,0.7196033527913404,pass
BERT_base&Llama_3_8B,social_binder,342,3,0.6573679927745943,pass
BERT_base&Llama_3_8B,social_binder,342,4,0.6847126475446241,pass
BERT_base&Llama_3_8B,social_binder,342,5,0.7646607793892856,pass
BERT_base&Llama_3_8B,human_binder,342,1,0.7912364867131954,pass
BERT_base&Llama_3_8B,human_binder,342,2,0.8308827039784208,pass
BERT_base&Llama_3_8B,human_binder,342,3,0.8789544279910717,pass
BERT_base&Llama_3_8B,human_binder,342,4,0.755204360386909,pass
BERT_base&Llama_3_8B,human_binder,342,5,0.7589764593795278,pass
BERT_base&Llama_3_8B,communication_binder,342,1,0.732351164338891,pass
BERT_base&Llama_3_8B,communication_binder,342,2,0.6426864701675654,pass
BERT_base&Llama_3_8B,communication_binder,342,3,0.6594355903340146,pass
BERT_base&Llama_3_8B,communication_binder,342,4,0.6355898043788505,pass
BERT_base&Llama_3_8B,communication_binder,342,5,0.7751855216840524,pass
BERT_base&Llama_3_8B,self_binder,342,1,0.46499657020032614,pass
BERT_base&Llama_3_8B,self_binder,342,2,0.6222876916785393,pass
BERT_base&Llama_3_8B,self_binder,342,3,0.6686592553647568,pass
BERT_base&Llama_3_8B,self_binder,342,4,0.6216258500389988,pass
BERT_base&Llama_3_8B,self_binder,342,5,0.5792667799888189,pass
BERT_base&Llama_3_8B,cognition_binder,342,1,0.7774531625251058,pass
BERT_base&Llama_3_8B,cognition_binder,342,2,0.7765469985520793,pass
BERT_base&Llama_3_8B,cognition_binder,342,3,0.8125535807905051,pass
BERT_base&Llama_3_8B,cognition_binder,342,4,0.7289758405663209,pass
BERT_base&Llama_3_8B,cognition_binder,342,5,0.7304939676633636,pass
BERT_base&Llama_3_8B,benefit_binder,342,1,0.671020460613117,pass
BERT_base&Llama_3_8B,benefit_binder,342,2,0.6363848395704021,pass
BERT_base&Llama_3_8B,benefit_binder,342,3,0.6797923875194305,pass
BERT_base&Llama_3_8B,benefit_binder,342,4,0.5123072395981225,pass
BERT_base&Llama_3_8B,benefit_binder,342,5,0.591433386331423,pass
BERT_base&Llama_3_8B,harm_binder,342,1,0.5822428814595313,pass
BERT_base&Llama_3_8B,harm_binder,342,2,0.703259077753033,pass
BERT_base&Llama_3_8B,harm_binder,342,3,0.5312348524749511,pass
BERT_base&Llama_3_8B,harm_binder,342,4,0.6551775806013044,pass
BERT_base&Llama_3_8B,harm_binder,342,5,0.568131004746246,pass
BERT_base&Llama_3_8B,pleasant_binder,342,1,0.6662762234341697,pass
BERT_base&Llama_3_8B,pleasant_binder,342,2,0.6843841251914927,pass
BERT_base&Llama_3_8B,pleasant_binder,342,3,0.6993727120137733,pass
BERT_base&Llama_3_8B,pleasant_binder,342,4,0.6649898955978553,pass
BERT_base&Llama_3_8B,pleasant_binder,342,5,0.5581859765400472,pass
BERT_base&Llama_3_8B,unpleasant_binder,342,1,0.6518516826507171,pass
BERT_base&Llama_3_8B,unpleasant_binder,342,2,0.7371540796277953,pass
BERT_base&Llama_3_8B,unpleasant_binder,342,3,0.7073313764008389,pass
BERT_base&Llama_3_8B,unpleasant_binder,342,4,0.7367534953497432,pass
BERT_base&Llama_3_8B,unpleasant_binder,342,5,0.6155942517937081,pass
BERT_base&Llama_3_8B,happy_binder,342,1,0.5804954939200304,pass
BERT_base&Llama_3_8B,happy_binder,342,2,0.6474500037239921,pass
BERT_base&Llama_3_8B,happy_binder,342,3,0.6639387231326175,pass
BERT_base&Llama_3_8B,happy_binder,342,4,0.6359933509104557,pass
BERT_base&Llama_3_8B,happy_binder,342,5,0.5779627099097847,pass
BERT_base&Llama_3_8B,sad_binder,342,1,0.5119670882788354,pass
BERT_base&Llama_3_8B,sad_binder,342,2,0.6850337986608392,pass
BERT_base&Llama_3_8B,sad_binder,342,3,0.6185666367798082,pass
BERT_base&Llama_3_8B,sad_binder,342,4,0.6938567378895923,pass
BERT_base&Llama_3_8B,sad_binder,342,5,0.6304962676232408,pass
BERT_base&Llama_3_8B,angry_binder,342,1,0.5555510969119863,pass
BERT_base&Llama_3_8B,angry_binder,342,2,0.6989613950444864,pass
BERT_base&Llama_3_8B,angry_binder,342,3,0.5350335909022446,pass
BERT_base&Llama_3_8B,angry_binder,342,4,0.6555906041515545,pass
BERT_base&Llama_3_8B,angry_binder,342,5,0.5985559572085237,pass
BERT_base&Llama_3_8B,disgusted_binder,342,1,0.4332156209517244,pass
BERT_base&Llama_3_8B,disgusted_binder,342,2,0.6469342833470844,pass
BERT_base&Llama_3_8B,disgusted_binder,342,3,0.6125623020172417,pass
BERT_base&Llama_3_8B,disgusted_binder,342,4,0.6325184283930818,pass
BERT_base&Llama_3_8B,disgusted_binder,342,5,0.41907291602557906,pass
BERT_base&Llama_3_8B,fearful_binder,342,1,0.6042957039639816,pass
BERT_base&Llama_3_8B,fearful_binder,342,2,0.6986511351241863,pass
BERT_base&Llama_3_8B,fearful_binder,342,3,0.5326575397805335,pass
BERT_base&Llama_3_8B,fearful_binder,342,4,0.6348431157825718,pass
BERT_base&Llama_3_8B,fearful_binder,342,5,0.6499991878293959,pass
BERT_base&Llama_3_8B,surprised_binder,342,1,0.7041722448883148,pass
BERT_base&Llama_3_8B,surprised_binder,342,2,0.6574088952213111,pass
BERT_base&Llama_3_8B,surprised_binder,342,3,0.5831078429506962,pass
BERT_base&Llama_3_8B,surprised_binder,342,4,0.5839717417246493,pass
BERT_base&Llama_3_8B,surprised_binder,342,5,0.6814486934664497,pass
BERT_base&Llama_3_8B,drive_binder,342,1,0.6363234000402522,pass
BERT_base&Llama_3_8B,drive_binder,342,2,0.48120153376243846,pass
BERT_base&Llama_3_8B,drive_binder,342,3,0.6174508453550303,pass
BERT_base&Llama_3_8B,drive_binder,342,4,0.5916718512234471,pass
BERT_base&Llama_3_8B,drive_binder,342,5,0.6845980416448258,pass
BERT_base&Llama_3_8B,needs_binder,342,1,0.5136173874495455,pass
BERT_base&Llama_3_8B,needs_binder,342,2,0.5904551637700025,pass
BERT_base&Llama_3_8B,needs_binder,342,3,0.6147790780419016,pass
BERT_base&Llama_3_8B,needs_binder,342,4,0.4880934997093255,pass
BERT_base&Llama_3_8B,needs_binder,342,5,0.503855577759394,pass
BERT_base&Llama_3_8B,attention_binder,342,1,0.6699980505936385,pass
BERT_base&Llama_3_8B,attention_binder,342,2,0.6045938466401227,pass
BERT_base&Llama_3_8B,attention_binder,342,3,0.5381968650311941,pass
BERT_base&Llama_3_8B,attention_binder,342,4,0.7244950824336736,pass
BERT_base&Llama_3_8B,attention_binder,342,5,0.7100751402312606,pass
BERT_base&Llama_3_8B,arousal_binder,342,1,0.6007160707579706,pass
BERT_base&Llama_3_8B,arousal_binder,342,2,0.6499157928442837,pass
BERT_base&Llama_3_8B,arousal_binder,342,3,0.6454870709578358,pass
BERT_base&Llama_3_8B,arousal_binder,342,4,0.6703067610455157,pass
BERT_base&Llama_3_8B,arousal_binder,342,5,0.5927665094038475,pass
BERT_base&Llama_3_8B,goals_wilkowski,344,1,0.8473098964787171,pass
BERT_base&Llama_3_8B,goals_wilkowski,344,2,0.8665549496413995,pass
BERT_base&Llama_3_8B,goals_wilkowski,344,3,0.8484189966411606,pass
BERT_base&Llama_3_8B,goals_wilkowski,344,4,0.8181814821860804,pass
BERT_base&Llama_3_8B,goals_wilkowski,344,5,0.8079228856071179,pass
BERT_base&Llama_3_8B,familiarity_lynott,164,1,-2.106257855444165,pass
BERT_base&Llama_3_8B,familiarity_lynott,164,2,-2.874965739474288,pass
BERT_base&Llama_3_8B,familiarity_lynott,164,3,0.023230905377502054,pass
BERT_base&Llama_3_8B,familiarity_lynott,164,4,0.04616298814989128,pass
BERT_base&Llama_3_8B,familiarity_lynott,164,5,-1.4345655915020674,pass
BERT_base&Llama_3_8B,visual_lynott,164,1,0.6449508937851871,pass
BERT_base&Llama_3_8B,visual_lynott,164,2,0.3443015203339844,pass
BERT_base&Llama_3_8B,visual_lynott,164,3,0.5370066905588433,pass
BERT_base&Llama_3_8B,visual_lynott,164,4,0.7798862802452041,pass
BERT_base&Llama_3_8B,visual_lynott,164,5,0.7126504751272662,pass
BERT_base&Llama_3_8B,haptic_lynott,164,1,0.6989964942229776,pass
BERT_base&Llama_3_8B,haptic_lynott,164,2,0.5138504164015694,pass
BERT_base&Llama_3_8B,haptic_lynott,164,3,0.6036918167719489,pass
BERT_base&Llama_3_8B,haptic_lynott,164,4,0.755866051858812,pass
BERT_base&Llama_3_8B,haptic_lynott,164,5,0.6366833853662579,pass
BERT_base&Llama_3_8B,auditory_lynott,164,1,0.4062744055237487,pass
BERT_base&Llama_3_8B,auditory_lynott,164,2,0.2159891782235701,pass
BERT_base&Llama_3_8B,auditory_lynott,164,3,0.4953286894353096,pass
BERT_base&Llama_3_8B,auditory_lynott,164,4,0.7130564937140081,pass
BERT_base&Llama_3_8B,auditory_lynott,164,5,0.15087502070741088,pass
BERT_base&Llama_3_8B,olfactory_lynott,164,1,0.5545407797049713,pass
BERT_base&Llama_3_8B,olfactory_lynott,164,2,0.46206414375856975,pass
BERT_base&Llama_3_8B,olfactory_lynott,164,3,0.6632990575612061,pass
BERT_base&Llama_3_8B,olfactory_lynott,164,4,0.6439412670887241,pass
BERT_base&Llama_3_8B,olfactory_lynott,164,5,0.5331923311026607,pass
BERT_base&Llama_3_8B,gustatory_lynott,164,1,0.7040930819711377,pass
BERT_base&Llama_3_8B,gustatory_lynott,164,2,0.5204003285469425,pass
BERT_base&Llama_3_8B,gustatory_lynott,164,3,0.6509045647667306,pass
BERT_base&Llama_3_8B,gustatory_lynott,164,4,0.7521479909030745,pass
BERT_base&Llama_3_8B,gustatory_lynott,164,5,0.8197525929731341,pass
BERT_base&Llama_3_8B,dominant_modality_lynott,135,1,0.7580499838451694,pass
BERT_base&Llama_3_8B,dominant_modality_lynott,135,2,-0.9720896294292547,pass
BERT_base&Llama_3_8B,dominant_modality_lynott,135,3,-0.14313474595022524,pass
BERT_base&Llama_3_8B,dominant_modality_lynott,135,4,0.27009736527652484,pass
BERT_base&Llama_3_8B,dominant_modality_lynott,135,5,-0.6017362895499083,pass
BERT_base&Llama_3_8B,imagery_toronto,759,1,0.7540144596347818,pass
BERT_base&Llama_3_8B,imagery_toronto,759,2,0.559148565854367,pass
BERT_base&Llama_3_8B,imagery_toronto,759,3,0.7357897029530536,pass
BERT_base&Llama_3_8B,imagery_toronto,759,4,0.7088297970056721,pass
BERT_base&Llama_3_8B,imagery_toronto,759,5,0.6169587015165071,pass
BERT_base&Llama_3_8B,concreteness_toronto,759,1,0.8256443732888157,pass
BERT_base&Llama_3_8B,concreteness_toronto,759,2,0.6994275914534684,pass
BERT_base&Llama_3_8B,concreteness_toronto,759,3,0.8065987544916093,pass
BERT_base&Llama_3_8B,concreteness_toronto,759,4,0.7826575008035956,pass
BERT_base&Llama_3_8B,concreteness_toronto,759,5,0.7120996036594465,pass
BERT_base&Llama_3_8B,aoa_khanna,944,1,0.014165951351375439,pass
BERT_base&Llama_3_8B,aoa_khanna,944,2,-0.06676484343130529,pass
BERT_base&Llama_3_8B,aoa_khanna,944,3,-0.04439067992700818,pass
BERT_base&Llama_3_8B,aoa_khanna,944,4,-0.10597199451364991,pass
BERT_base&Llama_3_8B,aoa_khanna,944,5,-0.0032002092155658524,pass
BERT_base&Llama_3_8B,aoa_rt_khanna,944,1,-0.17849252067370824,pass
BERT_base&Llama_3_8B,aoa_rt_khanna,944,2,-0.07276340009676474,pass
BERT_base&Llama_3_8B,aoa_rt_khanna,944,3,-0.0911110041839358,pass
BERT_base&Llama_3_8B,aoa_rt_khanna,944,4,-0.3160406870522694,pass
BERT_base&Llama_3_8B,aoa_rt_khanna,944,5,-0.1574800896162536,pass
BERT_base&Llama_3_8B,aoa_hollis,672,1,0.6751177089729687,pass
BERT_base&Llama_3_8B,aoa_hollis,672,2,0.7074095564404664,pass
BERT_base&Llama_3_8B,aoa_hollis,672,3,0.7229679893716947,pass
BERT_base&Llama_3_8B,aoa_hollis,672,4,0.704919565866563,pass
BERT_base&Llama_3_8B,aoa_hollis,672,5,0.6661186880019607,pass
BERT_base&Llama_3_8B,valence_hollis,672,1,0.848048181545247,pass
BERT_base&Llama_3_8B,valence_hollis,672,2,0.857296222232968,pass
BERT_base&Llama_3_8B,valence_hollis,672,3,0.8509272575116362,pass
BERT_base&Llama_3_8B,valence_hollis,672,4,0.8478327466814772,pass
BERT_base&Llama_3_8B,valence_hollis,672,5,0.8737408692741643,pass
BERT_base&Llama_3_8B,arousal_hollis,672,1,0.7468113381013362,pass
BERT_base&Llama_3_8B,arousal_hollis,672,2,0.733737403587461,pass
BERT_base&Llama_3_8B,arousal_hollis,672,3,0.7447191875306225,pass
BERT_base&Llama_3_8B,arousal_hollis,672,4,0.6789159881838318,pass
BERT_base&Llama_3_8B,arousal_hollis,672,5,0.6822631576852833,pass
BERT_base&Llama_3_8B,concreteness_hollis,672,1,0.830676250228033,pass
BERT_base&Llama_3_8B,concreteness_hollis,672,2,0.8700502728818754,pass
BERT_base&Llama_3_8B,concreteness_hollis,672,3,0.845194260064906,pass
BERT_base&Llama_3_8B,concreteness_hollis,672,4,0.8340813153455136,pass
BERT_base&Llama_3_8B,concreteness_hollis,672,5,0.839848190341631,pass
BERT_base&Llama_3_8B,aoa_stration,269,1,0.3982887728138188,pass
BERT_base&Llama_3_8B,aoa_stration,269,2,0.5211475223588844,pass
BERT_base&Llama_3_8B,aoa_stration,269,3,0.42673448042638784,pass
BERT_base&Llama_3_8B,aoa_stration,269,4,0.28080313270348456,pass
BERT_base&Llama_3_8B,aoa_stration,269,5,0.4666492726732334,pass
BERT_base&Llama_3_8B,imagery_stration,269,1,0.6503858434723856,pass
BERT_base&Llama_3_8B,imagery_stration,269,2,0.565237697413815,pass
BERT_base&Llama_3_8B,imagery_stration,269,3,0.373203525732439,pass
BERT_base&Llama_3_8B,imagery_stration,269,4,0.6096861033852814,pass
BERT_base&Llama_3_8B,imagery_stration,269,5,0.5776320220047535,pass
BERT_base&Llama_3_8B,familiarity_stration,269,1,0.40578851573990027,pass
BERT_base&Llama_3_8B,familiarity_stration,269,2,0.5775435771685802,pass
BERT_base&Llama_3_8B,familiarity_stration,269,3,0.45932037177658647,pass
BERT_base&Llama_3_8B,familiarity_stration,269,4,0.44300974667751947,pass
BERT_base&Llama_3_8B,familiarity_stration,269,5,0.40109590046221955,pass
BERT_base&Llama_3_8B,meaningfulness_stration,269,1,0.13968040002386084,pass
BERT_base&Llama_3_8B,meaningfulness_stration,269,2,0.376879567217711,pass
BERT_base&Llama_3_8B,meaningfulness_stration,269,3,0.21104586756434818,pass
BERT_base&Llama_3_8B,meaningfulness_stration,269,4,0.19156159397976202,pass
BERT_base&Llama_3_8B,meaningfulness_stration,269,5,0.2857818867918457,pass
BERT_base&Llama_3_8B,valence_garrido,163,1,0.7687434907041053,pass
BERT_base&Llama_3_8B,valence_garrido,163,2,0.8023586993315792,pass
BERT_base&Llama_3_8B,valence_garrido,163,3,0.7664413139098245,pass
BERT_base&Llama_3_8B,valence_garrido,163,4,0.7271358589964794,pass
BERT_base&Llama_3_8B,valence_garrido,163,5,0.7862054781020439,pass
BERT_base&Llama_3_8B,emotionality_garrido,163,1,0.6189949733218271,pass
BERT_base&Llama_3_8B,emotionality_garrido,163,2,0.6121718761425955,pass
BERT_base&Llama_3_8B,emotionality_garrido,163,3,0.5259238317475364,pass
BERT_base&Llama_3_8B,emotionality_garrido,163,4,0.57331968802492,pass
BERT_base&Llama_3_8B,emotionality_garrido,163,5,0.45023286347471825,pass
BERT_base&Llama_3_8B,familiarity_garrido,163,1,0.20655615089980772,pass
BERT_base&Llama_3_8B,familiarity_garrido,163,2,0.41757470230391647,pass
BERT_base&Llama_3_8B,familiarity_garrido,163,3,0.4019150538146665,pass
BERT_base&Llama_3_8B,familiarity_garrido,163,4,0.30655082583850357,pass
BERT_base&Llama_3_8B,familiarity_garrido,163,5,0.315166656695697,pass
BERT_base&Llama_3_8B,angry_zupan,151,1,0.5741381251349161,pass
BERT_base&Llama_3_8B,angry_zupan,151,2,0.8417825880152018,pass
BERT_base&Llama_3_8B,angry_zupan,151,3,0.7323734071230774,pass
BERT_base&Llama_3_8B,angry_zupan,151,4,0.7110897909302245,pass
BERT_base&Llama_3_8B,angry_zupan,151,5,0.7034879064414898,pass
BERT_base&Llama_3_8B,fearful_zupan,151,1,0.6643900301858543,pass
BERT_base&Llama_3_8B,fearful_zupan,151,2,0.8462253062483982,pass
BERT_base&Llama_3_8B,fearful_zupan,151,3,0.7502241064042623,pass
BERT_base&Llama_3_8B,fearful_zupan,151,4,0.5125054627900791,pass
BERT_base&Llama_3_8B,fearful_zupan,151,5,0.7567702391230838,pass
BERT_base&Llama_3_8B,happy_zupan,151,1,0.7223036109545264,pass
BERT_base&Llama_3_8B,happy_zupan,151,2,0.8163080776464742,pass
BERT_base&Llama_3_8B,happy_zupan,151,3,0.7670249200517744,pass
BERT_base&Llama_3_8B,happy_zupan,151,4,0.7144527189208647,pass
BERT_base&Llama_3_8B,happy_zupan,151,5,0.7904470460309416,pass
BERT_base&Llama_3_8B,intensity_zupan,151,1,0.5570834198687662,pass
BERT_base&Llama_3_8B,intensity_zupan,151,2,0.5827880949506535,pass
BERT_base&Llama_3_8B,intensity_zupan,151,3,0.49527264477601685,pass
BERT_base&Llama_3_8B,intensity_zupan,151,4,0.44204996877861735,pass
BERT_base&Llama_3_8B,intensity_zupan,151,5,0.24915379115087344,pass
BERT_base&Llama_3_8B,neutral_zupan,151,1,0.4325807749503553,pass
BERT_base&Llama_3_8B,neutral_zupan,151,2,0.38604322644614775,pass
BERT_base&Llama_3_8B,neutral_zupan,151,3,0.409800713477812,pass
BERT_base&Llama_3_8B,neutral_zupan,151,4,0.4722242114522873,pass
BERT_base&Llama_3_8B,neutral_zupan,151,5,0.38997938529321274,pass
BERT_base&Llama_3_8B,sad_zupan,151,1,0.4678920894089643,pass
BERT_base&Llama_3_8B,sad_zupan,151,2,0.7595634983459313,pass
BERT_base&Llama_3_8B,sad_zupan,151,3,0.745564743718211,pass
BERT_base&Llama_3_8B,sad_zupan,151,4,0.5534382198768513,pass
BERT_base&Llama_3_8B,sad_zupan,151,5,0.7310991595776589,pass
BERT_base&Llama_3_8B,valence_zupan,151,1,0.7857848424722692,pass
BERT_base&Llama_3_8B,valence_zupan,151,2,0.8409964919246066,pass
BERT_base&Llama_3_8B,valence_zupan,151,3,0.7769176480793739,pass
BERT_base&Llama_3_8B,valence_zupan,151,4,0.6897686698236145,pass
BERT_base&Llama_3_8B,valence_zupan,151,5,0.7913496582552041,pass
BERT_base&Llama_3_8B,aoa_bird,1229,1,0.5737751318493476,pass
BERT_base&Llama_3_8B,aoa_bird,1229,2,0.6141070644752538,pass
BERT_base&Llama_3_8B,aoa_bird,1229,3,0.6590199663810459,pass
BERT_base&Llama_3_8B,aoa_bird,1229,4,0.586937493333329,pass
BERT_base&Llama_3_8B,aoa_bird,1229,5,0.6409652859773287,pass
BERT_base&Llama_3_8B,imageability_bird,788,1,0.5051379603620645,pass
BERT_base&Llama_3_8B,imageability_bird,788,2,0.5154459763384225,pass
BERT_base&Llama_3_8B,imageability_bird,788,3,0.6003457988062126,pass
BERT_base&Llama_3_8B,imageability_bird,788,4,0.5151076143148243,pass
BERT_base&Llama_3_8B,imageability_bird,788,5,0.5804865169170571,pass
BERT_base&Llama_3_8B,association_rt_ley,69,1,,test_n < 20
BERT_base&Llama_3_8B,association_rt_ley,69,2,,test_n < 20
BERT_base&Llama_3_8B,association_rt_ley,69,3,,test_n < 20
BERT_base&Llama_3_8B,association_rt_ley,69,4,,test_n < 20
BERT_base&Llama_3_8B,association_rt_ley,69,5,,test_n < 20
BERT_base&Llama_3_8B,meaningfulness_ley,69,1,,test_n < 20
BERT_base&Llama_3_8B,meaningfulness_ley,69,2,,test_n < 20
BERT_base&Llama_3_8B,meaningfulness_ley,69,3,,test_n < 20
BERT_base&Llama_3_8B,meaningfulness_ley,69,4,,test_n < 20
BERT_base&Llama_3_8B,meaningfulness_ley,69,5,,test_n < 20
BERT_base&Llama_3_8B,happiness_stevenson,668,1,0.8130101837281838,pass
BERT_base&Llama_3_8B,happiness_stevenson,668,2,0.8465785459502015,pass
BERT_base&Llama_3_8B,happiness_stevenson,668,3,0.7898937340744774,pass
BERT_base&Llama_3_8B,happiness_stevenson,668,4,0.7844412922556241,pass
BERT_base&Llama_3_8B,happiness_stevenson,668,5,0.7837702686828408,pass
BERT_base&Llama_3_8B,anger_stevenson,668,1,0.8184068424938563,pass
BERT_base&Llama_3_8B,anger_stevenson,668,2,0.8026618031015482,pass
BERT_base&Llama_3_8B,anger_stevenson,668,3,0.746409772421264,pass
BERT_base&Llama_3_8B,anger_stevenson,668,4,0.8037163140468689,pass
BERT_base&Llama_3_8B,anger_stevenson,668,5,0.7920668614563132,pass
BERT_base&Llama_3_8B,sadness_stevenson,668,1,0.7368774158468812,pass
BERT_base&Llama_3_8B,sadness_stevenson,668,2,0.7643388403561102,pass
BERT_base&Llama_3_8B,sadness_stevenson,668,3,0.7835174251632858,pass
BERT_base&Llama_3_8B,sadness_stevenson,668,4,0.7052570586954721,pass
BERT_base&Llama_3_8B,sadness_stevenson,668,5,0.7612997412139525,pass
BERT_base&Llama_3_8B,fear_stevenson,668,1,0.7696192936179063,pass
BERT_base&Llama_3_8B,fear_stevenson,668,2,0.760098523197156,pass
BERT_base&Llama_3_8B,fear_stevenson,668,3,0.7662331349665977,pass
BERT_base&Llama_3_8B,fear_stevenson,668,4,0.6830073802916521,pass
BERT_base&Llama_3_8B,fear_stevenson,668,5,0.7948371293113485,pass
BERT_base&Llama_3_8B,disgust_stevenson,668,1,0.7125375624352117,pass
BERT_base&Llama_3_8B,disgust_stevenson,668,2,0.740836190148485,pass
BERT_base&Llama_3_8B,disgust_stevenson,668,3,0.7221794031431086,pass
BERT_base&Llama_3_8B,disgust_stevenson,668,4,0.7216720596531765,pass
BERT_base&Llama_3_8B,disgust_stevenson,668,5,0.7844129110363328,pass
BERT_base&Llama_3_8B,goodness_brown,443,1,0.708474654553003,pass
BERT_base&Llama_3_8B,goodness_brown,443,2,0.7499076704595747,pass
BERT_base&Llama_3_8B,goodness_brown,443,3,0.7713367434154905,pass
BERT_base&Llama_3_8B,goodness_brown,443,4,0.6796182654089037,pass
BERT_base&Llama_3_8B,goodness_brown,443,5,0.6826917540605396,pass
BERT_base&Llama_3_8B,pleasantness_brown,443,1,0.7233182407924836,pass
BERT_base&Llama_3_8B,pleasantness_brown,443,2,0.7285000156613809,pass
BERT_base&Llama_3_8B,pleasantness_brown,443,3,0.7535083761231973,pass
BERT_base&Llama_3_8B,pleasantness_brown,443,4,0.6907352688999977,pass
BERT_base&Llama_3_8B,pleasantness_brown,443,5,0.7056554684881351,pass
BERT_base&Llama_3_8B,emotionality_brown,443,1,0.6932067313002115,pass
BERT_base&Llama_3_8B,emotionality_brown,443,2,0.649342126805373,pass
BERT_base&Llama_3_8B,emotionality_brown,443,3,0.6695001601947819,pass
BERT_base&Llama_3_8B,emotionality_brown,443,4,0.6493733989887265,pass
BERT_base&Llama_3_8B,emotionality_brown,443,5,0.560563858326553,pass
BERT_base&Llama_3_8B,concreteness_brown,443,1,0.7745895199775408,pass
BERT_base&Llama_3_8B,concreteness_brown,443,2,0.7732554391175285,pass
BERT_base&Llama_3_8B,concreteness_brown,443,3,0.7672742538782864,pass
BERT_base&Llama_3_8B,concreteness_brown,443,4,0.7900165925045868,pass
BERT_base&Llama_3_8B,concreteness_brown,443,5,0.7655445453431509,pass
BERT_base&Llama_3_8B,meaningfulness_brown,443,1,0.5344857900596516,pass
BERT_base&Llama_3_8B,meaningfulness_brown,443,2,0.5486050455947882,pass
BERT_base&Llama_3_8B,meaningfulness_brown,443,3,0.5738869039539589,pass
BERT_base&Llama_3_8B,meaningfulness_brown,443,4,0.46028063194405644,pass
BERT_base&Llama_3_8B,meaningfulness_brown,443,5,0.46392738923482746,pass
BERT_base&Llama_3_8B,difficulty_rudell,442,1,0.5460255663488736,pass
BERT_base&Llama_3_8B,difficulty_rudell,442,2,0.6584038418838327,pass
BERT_base&Llama_3_8B,difficulty_rudell,442,3,0.6242164980092695,pass
BERT_base&Llama_3_8B,difficulty_rudell,442,4,0.5728591454639933,pass
BERT_base&Llama_3_8B,difficulty_rudell,442,5,0.5376490892695709,pass
BERT_base&Llama_3_8B,imageability_chiarello,796,1,0.7299173486301838,pass
BERT_base&Llama_3_8B,imageability_chiarello,796,2,0.6409830707265596,pass
BERT_base&Llama_3_8B,imageability_chiarello,796,3,0.6366087439529533,pass
BERT_base&Llama_3_8B,imageability_chiarello,796,4,0.5758925770501905,pass
BERT_base&Llama_3_8B,imageability_chiarello,796,5,0.6130676173918843,pass
BERT_base&Llama_3_8B,imageability_rt_chiarello,796,1,0.43623364361495254,pass
BERT_base&Llama_3_8B,imageability_rt_chiarello,796,2,0.41587776653175423,pass
BERT_base&Llama_3_8B,imageability_rt_chiarello,796,3,0.3790464277471923,pass
BERT_base&Llama_3_8B,imageability_rt_chiarello,796,4,0.4860505987517475,pass
BERT_base&Llama_3_8B,imageability_rt_chiarello,796,5,0.37457780730797363,pass
BERT_base&Llama_3_8B,personal_use_janschewitz,272,1,0.6070578163522018,pass
BERT_base&Llama_3_8B,personal_use_janschewitz,272,2,0.6214528037651794,pass
BERT_base&Llama_3_8B,personal_use_janschewitz,272,3,0.5476099423324976,pass
BERT_base&Llama_3_8B,personal_use_janschewitz,272,4,0.49815988244716414,pass
BERT_base&Llama_3_8B,personal_use_janschewitz,272,5,0.6324775224162892,pass
BERT_base&Llama_3_8B,familiarity_janschewitz,272,1,0.6677699091712148,pass
BERT_base&Llama_3_8B,familiarity_janschewitz,272,2,0.621936281696857,pass
BERT_base&Llama_3_8B,familiarity_janschewitz,272,3,0.6136733526668793,pass
BERT_base&Llama_3_8B,familiarity_janschewitz,272,4,0.5472114059196236,pass
BERT_base&Llama_3_8B,familiarity_janschewitz,272,5,0.7023589317626876,pass
BERT_base&Llama_3_8B,offensiveness_janschewitz,272,1,0.7868471277608202,pass
BERT_base&Llama_3_8B,offensiveness_janschewitz,272,2,0.23294894461589033,pass
BERT_base&Llama_3_8B,offensiveness_janschewitz,272,3,0.7398443737014682,pass
BERT_base&Llama_3_8B,offensiveness_janschewitz,272,4,0.33399519456633675,pass
BERT_base&Llama_3_8B,offensiveness_janschewitz,272,5,0.6049857261497829,pass
BERT_base&Llama_3_8B,tabooness_janschewitz,272,1,0.7534695213097047,pass
BERT_base&Llama_3_8B,tabooness_janschewitz,272,2,0.42695268815661747,pass
BERT_base&Llama_3_8B,tabooness_janschewitz,272,3,0.6048171257784516,pass
BERT_base&Llama_3_8B,tabooness_janschewitz,272,4,0.4752634898921233,pass
BERT_base&Llama_3_8B,tabooness_janschewitz,272,5,0.643884248448169,pass
BERT_base&Llama_3_8B,valence_janschewitz,272,1,0.7018344699548962,pass
BERT_base&Llama_3_8B,valence_janschewitz,272,2,0.7599109016750347,pass
BERT_base&Llama_3_8B,valence_janschewitz,272,3,0.7418366336213669,pass
BERT_base&Llama_3_8B,valence_janschewitz,272,4,0.6747333114323906,pass
BERT_base&Llama_3_8B,valence_janschewitz,272,5,0.7894916888402015,pass
BERT_base&Llama_3_8B,arousal_janschewitz,272,1,0.7768715445349919,pass
BERT_base&Llama_3_8B,arousal_janschewitz,272,2,0.4699285225762533,pass
BERT_base&Llama_3_8B,arousal_janschewitz,272,3,0.6744006173081343,pass
BERT_base&Llama_3_8B,arousal_janschewitz,272,4,0.5927232438942177,pass
BERT_base&Llama_3_8B,arousal_janschewitz,272,5,0.7239445768433452,pass
BERT_base&Llama_3_8B,imageability_janschewitz,272,1,0.7857607410050087,pass
BERT_base&Llama_3_8B,imageability_janschewitz,272,2,0.7974386275280032,pass
BERT_base&Llama_3_8B,imageability_janschewitz,272,3,0.768747656884766,pass
BERT_base&Llama_3_8B,imageability_janschewitz,272,4,0.6816102970842846,pass
BERT_base&Llama_3_8B,imageability_janschewitz,272,5,0.7648005932274357,pass
BERT_base&Llama_3_8B,perc_known_britz,194,1,0.28514018244676165,pass
BERT_base&Llama_3_8B,perc_known_britz,194,2,0.2291826359323672,pass
BERT_base&Llama_3_8B,perc_known_britz,194,3,-0.7445184775764278,pass
BERT_base&Llama_3_8B,perc_known_britz,194,4,0.10470377906457684,pass
BERT_base&Llama_3_8B,perc_known_britz,194,5,0.0012178782710347003,pass
BERT_base&Llama_3_8B,valence_britz,194,1,0.9193030693482318,pass
BERT_base&Llama_3_8B,valence_britz,194,2,0.9015556472819073,pass
BERT_base&Llama_3_8B,valence_britz,194,3,0.7748682815357133,pass
BERT_base&Llama_3_8B,valence_britz,194,4,0.7830586878058425,pass
BERT_base&Llama_3_8B,valence_britz,194,5,0.8447560285418921,pass
BERT_base&Llama_3_8B,social_des_britz,194,1,0.9123779051827909,pass
BERT_base&Llama_3_8B,social_des_britz,194,2,0.8870349029593587,pass
BERT_base&Llama_3_8B,social_des_britz,194,3,0.7569535559178441,pass
BERT_base&Llama_3_8B,social_des_britz,194,4,0.7938531405156961,pass
BERT_base&Llama_3_8B,social_des_britz,194,5,0.8395123951900042,pass
BERT_base&Llama_3_8B,observability_britz,194,1,0.5234836367587903,pass
BERT_base&Llama_3_8B,observability_britz,194,2,0.4328392794638032,pass
BERT_base&Llama_3_8B,observability_britz,194,3,0.2700719612258201,pass
BERT_base&Llama_3_8B,observability_britz,194,4,0.10349941336642865,pass
BERT_base&Llama_3_8B,observability_britz,194,5,0.17884865523460425,pass
BERT_base&Llama_3_8B,aoa_rodriguez,1155,1,0.536075779026715,pass
BERT_base&Llama_3_8B,aoa_rodriguez,1155,2,0.5205159608985148,pass
BERT_base&Llama_3_8B,aoa_rodriguez,1155,3,0.6017199852706008,pass
BERT_base&Llama_3_8B,aoa_rodriguez,1155,4,0.5775658647678236,pass
BERT_base&Llama_3_8B,aoa_rodriguez,1155,5,0.5900968816660093,pass
BERT_base&Llama_3_8B,perc_known_rodriguez,1155,1,0.29754993372355243,pass
BERT_base&Llama_3_8B,perc_known_rodriguez,1155,2,0.36430508229620984,pass
BERT_base&Llama_3_8B,perc_known_rodriguez,1155,3,0.3235176277084274,pass
BERT_base&Llama_3_8B,perc_known_rodriguez,1155,4,0.3850699943433811,pass
BERT_base&Llama_3_8B,perc_known_rodriguez,1155,5,0.3978660810036383,pass
BERT_base&Llama_3_8B,known_rt_chen,168,1,0.2498946998013416,pass
BERT_base&Llama_3_8B,known_rt_chen,168,2,0.40742826167438717,pass
BERT_base&Llama_3_8B,known_rt_chen,168,3,0.5393613352371964,pass
BERT_base&Llama_3_8B,known_rt_chen,168,4,0.39391069920060884,pass
BERT_base&Llama_3_8B,known_rt_chen,168,5,0.4120331749081557,pass
BERT_base&Llama_3_8B,english_accuracy_chen,168,1,0.21170872050196676,pass
BERT_base&Llama_3_8B,english_accuracy_chen,168,2,0.3039686644916222,pass
BERT_base&Llama_3_8B,english_accuracy_chen,168,3,0.3007411066917769,pass
BERT_base&Llama_3_8B,english_accuracy_chen,168,4,0.2707463694391229,pass
BERT_base&Llama_3_8B,english_accuracy_chen,168,5,0.06605580548139678,pass
BERT_base&Llama_3_8B,subjective_frequency_chen,168,1,0.4954903619898805,pass
BERT_base&Llama_3_8B,subjective_frequency_chen,168,2,0.452189785411384,pass
BERT_base&Llama_3_8B,subjective_frequency_chen,168,3,0.5841660360664491,pass
BERT_base&Llama_3_8B,subjective_frequency_chen,168,4,0.5431042407999016,pass
BERT_base&Llama_3_8B,subjective_frequency_chen,168,5,0.5157725785488676,pass
BERT_base&Llama_3_8B,familiarity_juhasz,78,1,,test_n < 20
BERT_base&Llama_3_8B,familiarity_juhasz,78,2,,test_n < 20
BERT_base&Llama_3_8B,familiarity_juhasz,78,3,,test_n < 20
BERT_base&Llama_3_8B,familiarity_juhasz,78,4,,test_n < 20
BERT_base&Llama_3_8B,familiarity_juhasz,78,5,,test_n < 20
BERT_base&Llama_3_8B,aoa_juhasz,78,1,,test_n < 20
BERT_base&Llama_3_8B,aoa_juhasz,78,2,,test_n < 20
BERT_base&Llama_3_8B,aoa_juhasz,78,3,,test_n < 20
BERT_base&Llama_3_8B,aoa_juhasz,78,4,,test_n < 20
BERT_base&Llama_3_8B,aoa_juhasz,78,5,,test_n < 20
BERT_base&Llama_3_8B,transparency_juhasz,78,1,,test_n < 20
BERT_base&Llama_3_8B,transparency_juhasz,78,2,,test_n < 20
BERT_base&Llama_3_8B,transparency_juhasz,78,3,,test_n < 20
BERT_base&Llama_3_8B,transparency_juhasz,78,4,,test_n < 20
BERT_base&Llama_3_8B,transparency_juhasz,78,5,,test_n < 20
BERT_base&Llama_3_8B,lexeme_dominance_juhasz,78,1,,test_n < 20
BERT_base&Llama_3_8B,lexeme_dominance_juhasz,78,2,,test_n < 20
BERT_base&Llama_3_8B,lexeme_dominance_juhasz,78,3,,test_n < 20
BERT_base&Llama_3_8B,lexeme_dominance_juhasz,78,4,,test_n < 20
BERT_base&Llama_3_8B,lexeme_dominance_juhasz,78,5,,test_n < 20
BERT_base&Llama_3_8B,imageability_juhasz,78,1,,test_n < 20
BERT_base&Llama_3_8B,imageability_juhasz,78,2,,test_n < 20
BERT_base&Llama_3_8B,imageability_juhasz,78,3,,test_n < 20
BERT_base&Llama_3_8B,imageability_juhasz,78,4,,test_n < 20
BERT_base&Llama_3_8B,imageability_juhasz,78,5,,test_n < 20
BERT_base&Llama_3_8B,sensory_experience_juhasz2015,78,1,,test_n < 20
BERT_base&Llama_3_8B,sensory_experience_juhasz2015,78,2,,test_n < 20
BERT_base&Llama_3_8B,sensory_experience_juhasz2015,78,3,,test_n < 20
BERT_base&Llama_3_8B,sensory_experience_juhasz2015,78,4,,test_n < 20
BERT_base&Llama_3_8B,sensory_experience_juhasz2015,78,5,,test_n < 20
BERT_base&Llama_3_8B,emotion_troche,530,1,0.7568747798126642,pass
BERT_base&Llama_3_8B,emotion_troche,530,2,0.7592729181719886,pass
BERT_base&Llama_3_8B,emotion_troche,530,3,0.7689772008586124,pass
BERT_base&Llama_3_8B,emotion_troche,530,4,0.6295751280540187,pass
BERT_base&Llama_3_8B,emotion_troche,530,5,0.7084828991109278,pass
BERT_base&Llama_3_8B,polarity_troche,530,1,0.5765522453331843,pass
BERT_base&Llama_3_8B,polarity_troche,530,2,0.42755248919224076,pass
BERT_base&Llama_3_8B,polarity_troche,530,3,0.6300093804112361,pass
BERT_base&Llama_3_8B,polarity_troche,530,4,0.4906392246174942,pass
BERT_base&Llama_3_8B,polarity_troche,530,5,0.4382478139859072,pass
BERT_base&Llama_3_8B,socialness_troche,530,1,0.723796758140455,pass
BERT_base&Llama_3_8B,socialness_troche,530,2,0.7045892216812178,pass
BERT_base&Llama_3_8B,socialness_troche,530,3,0.7430028318346735,pass
BERT_base&Llama_3_8B,socialness_troche,530,4,0.5516585556505968,pass
BERT_base&Llama_3_8B,socialness_troche,530,5,0.6695317961091691,pass
BERT_base&Llama_3_8B,morality_troche,530,1,0.7232788717713787,pass
BERT_base&Llama_3_8B,morality_troche,530,2,0.7438825390540464,pass
BERT_base&Llama_3_8B,morality_troche,530,3,0.7563435403958472,pass
BERT_base&Llama_3_8B,morality_troche,530,4,0.7857147949134602,pass
BERT_base&Llama_3_8B,morality_troche,530,5,0.6030437323105641,pass
BERT_base&Llama_3_8B,visual_troche,530,1,0.8348074751069301,pass
BERT_base&Llama_3_8B,visual_troche,530,2,0.8124430443096522,pass
BERT_base&Llama_3_8B,visual_troche,530,3,0.7679810206812063,pass
BERT_base&Llama_3_8B,visual_troche,530,4,0.8092962879858635,pass
BERT_base&Llama_3_8B,visual_troche,530,5,0.785217784053129,pass
BERT_base&Llama_3_8B,motion_self_troche,530,1,0.6272002179452973,pass
BERT_base&Llama_3_8B,motion_self_troche,530,2,0.43597153355859186,pass
BERT_base&Llama_3_8B,motion_self_troche,530,3,0.547315301352673,pass
BERT_base&Llama_3_8B,motion_self_troche,530,4,0.461361286535124,pass
BERT_base&Llama_3_8B,motion_self_troche,530,5,0.4429971675777252,pass
BERT_base&Llama_3_8B,thought_troche,530,1,0.8166324792965075,pass
BERT_base&Llama_3_8B,thought_troche,530,2,0.7733998826218191,pass
BERT_base&Llama_3_8B,thought_troche,530,3,0.776092905832805,pass
BERT_base&Llama_3_8B,thought_troche,530,4,0.7604541766395023,pass
BERT_base&Llama_3_8B,thought_troche,530,5,0.7181230239710041,pass
BERT_base&Llama_3_8B,color_troche,530,1,0.6252816680560501,pass
BERT_base&Llama_3_8B,color_troche,530,2,0.6348559182354585,pass
BERT_base&Llama_3_8B,color_troche,530,3,0.6715034594534703,pass
BERT_base&Llama_3_8B,color_troche,530,4,0.5917373063492359,pass
BERT_base&Llama_3_8B,color_troche,530,5,0.6744328358404494,pass
BERT_base&Llama_3_8B,taste_smell_troche,530,1,0.8358485911456938,pass
BERT_base&Llama_3_8B,taste_smell_troche,530,2,0.7844583737205582,pass
BERT_base&Llama_3_8B,taste_smell_troche,530,3,0.7547613599400813,pass
BERT_base&Llama_3_8B,taste_smell_troche,530,4,0.8102848420816506,pass
BERT_base&Llama_3_8B,taste_smell_troche,530,5,0.6989799909960491,pass
BERT_base&Llama_3_8B,tactile_troche,530,1,0.7299689101957489,pass
BERT_base&Llama_3_8B,tactile_troche,530,2,0.7932087009291423,pass
BERT_base&Llama_3_8B,tactile_troche,530,3,0.6559398441206471,pass
BERT_base&Llama_3_8B,tactile_troche,530,4,0.6813069046306084,pass
BERT_base&Llama_3_8B,tactile_troche,530,5,0.6144417617786578,pass
BERT_base&Llama_3_8B,auditory_troche,530,1,0.5524584870118705,pass
BERT_base&Llama_3_8B,auditory_troche,530,2,0.6214162350267911,pass
BERT_base&Llama_3_8B,auditory_troche,530,3,0.6205152180618301,pass
BERT_base&Llama_3_8B,auditory_troche,530,4,0.6093513403739048,pass
BERT_base&Llama_3_8B,auditory_troche,530,5,0.6011488958275708,pass
BERT_base&Llama_3_8B,space_troche,530,1,0.4353287893076728,pass
BERT_base&Llama_3_8B,space_troche,530,2,0.3766407073292737,pass
BERT_base&Llama_3_8B,space_troche,530,3,0.5590292273950908,pass
BERT_base&Llama_3_8B,space_troche,530,4,0.3675549316942517,pass
BERT_base&Llama_3_8B,space_troche,530,5,0.36881144015981215,pass
BERT_base&Llama_3_8B,time_troche,530,1,0.6736851802961935,pass
BERT_base&Llama_3_8B,time_troche,530,2,0.685243901728833,pass
BERT_base&Llama_3_8B,time_troche,530,3,0.6904688429123569,pass
BERT_base&Llama_3_8B,time_troche,530,4,0.639348215978937,pass
BERT_base&Llama_3_8B,time_troche,530,5,0.6077626932912279,pass
BERT_base&Llama_3_8B,quantity_troche,530,1,0.5812135488413788,pass
BERT_base&Llama_3_8B,quantity_troche,530,2,0.5098994728238161,pass
BERT_base&Llama_3_8B,quantity_troche,530,3,0.5870891945693817,pass
BERT_base&Llama_3_8B,quantity_troche,530,4,0.5877500038224117,pass
BERT_base&Llama_3_8B,quantity_troche,530,5,0.5514056387489992,pass
BERT_base&Llama_3_8B,familiarity_morrow,324,1,0.6191413802110914,pass
BERT_base&Llama_3_8B,familiarity_morrow,324,2,0.44846264059404695,pass
BERT_base&Llama_3_8B,familiarity_morrow,324,3,0.4645758546598576,pass
BERT_base&Llama_3_8B,familiarity_morrow,324,4,0.5145247723643114,pass
BERT_base&Llama_3_8B,familiarity_morrow,324,5,0.5087591795368316,pass
BERT_base&Llama_3_8B,perc_known_morrow,324,1,-0.07216849484345045,pass
BERT_base&Llama_3_8B,perc_known_morrow,324,2,0.04375099854564901,pass
BERT_base&Llama_3_8B,perc_known_morrow,324,3,-0.031336279630017394,pass
BERT_base&Llama_3_8B,perc_known_morrow,324,4,0.1376518039530351,pass
BERT_base&Llama_3_8B,perc_known_morrow,324,5,0.05711253978457975,pass
BERT_base&Llama_3_8B,subjective_frequency_morrow,324,1,0.6878102691109906,pass
BERT_base&Llama_3_8B,subjective_frequency_morrow,324,2,0.5015989056728395,pass
BERT_base&Llama_3_8B,subjective_frequency_morrow,324,3,0.5981929985814493,pass
BERT_base&Llama_3_8B,subjective_frequency_morrow,324,4,0.5390218293535927,pass
BERT_base&Llama_3_8B,subjective_frequency_morrow,324,5,0.5724133406679703,pass
BERT_base&Llama_3_8B,visual_complexity_marrow,324,1,0.5077621388455861,pass
BERT_base&Llama_3_8B,visual_complexity_marrow,324,2,0.5634332885341826,pass
BERT_base&Llama_3_8B,visual_complexity_marrow,324,3,0.5348199776496405,pass
BERT_base&Llama_3_8B,visual_complexity_marrow,324,4,0.4936377040515326,pass
BERT_base&Llama_3_8B,visual_complexity_marrow,324,5,0.5687212523259224,pass
BERT_base&Llama_3_8B,imageability_morrow,324,1,0.4653938422305304,pass
BERT_base&Llama_3_8B,imageability_morrow,324,2,0.37105673942979267,pass
BERT_base&Llama_3_8B,imageability_morrow,324,3,0.3278709087760706,pass
BERT_base&Llama_3_8B,imageability_morrow,324,4,0.41937196749059835,pass
BERT_base&Llama_3_8B,imageability_morrow,324,5,0.4373155281620906,pass
BERT_base&Llama_3_8B,aoa_marrow,324,1,0.49114310167022757,pass
BERT_base&Llama_3_8B,aoa_marrow,324,2,0.4395965678699125,pass
BERT_base&Llama_3_8B,aoa_marrow,324,3,0.2464651575764597,pass
BERT_base&Llama_3_8B,aoa_marrow,324,4,0.39455064753544233,pass
BERT_base&Llama_3_8B,aoa_marrow,324,5,0.5094286942435038,pass
BERT_base&Llama_3_8B,aoa_cortese,1877,1,0.6840471270315278,pass
BERT_base&Llama_3_8B,aoa_cortese,1877,2,0.7073436538279898,pass
BERT_base&Llama_3_8B,aoa_cortese,1877,3,0.7029946799537408,pass
BERT_base&Llama_3_8B,aoa_cortese,1877,4,0.6922285846057143,pass
BERT_base&Llama_3_8B,aoa_cortese,1877,5,0.7223820839941679,pass
BERT_base&Llama_3_8B,aoa_rt_cortese,1877,1,0.03297191673099975,pass
BERT_base&Llama_3_8B,aoa_rt_cortese,1877,2,0.05980485862874241,pass
BERT_base&Llama_3_8B,aoa_rt_cortese,1877,3,0.06596967460716585,pass
BERT_base&Llama_3_8B,aoa_rt_cortese,1877,4,0.05468217866637537,pass
BERT_base&Llama_3_8B,aoa_rt_cortese,1877,5,0.01266335074310021,pass
BERT_base&Llama_3_8B,imagery_vanderveur,600,1,0.8619455930566637,pass
BERT_base&Llama_3_8B,imagery_vanderveur,600,2,0.8531996866397686,pass
BERT_base&Llama_3_8B,imagery_vanderveur,600,3,0.8219059795035684,pass
BERT_base&Llama_3_8B,imagery_vanderveur,600,4,0.8544063882886852,pass
BERT_base&Llama_3_8B,imagery_vanderveur,600,5,0.8275468507861292,pass
BERT_base&Llama_3_8B,likableness_chandler,256,1,0.8518244586520277,pass
BERT_base&Llama_3_8B,likableness_chandler,256,2,0.9018630265417324,pass
BERT_base&Llama_3_8B,likableness_chandler,256,3,0.7614625992574152,pass
BERT_base&Llama_3_8B,likableness_chandler,256,4,0.7645475649442135,pass
BERT_base&Llama_3_8B,likableness_chandler,256,5,0.7798067315659185,pass
BERT_base&Llama_3_8B,meaningfulness_chandler,256,1,0.23744676009438892,pass
BERT_base&Llama_3_8B,meaningfulness_chandler,256,2,0.4059583215067557,pass
BERT_base&Llama_3_8B,meaningfulness_chandler,256,3,0.2934956834067517,pass
BERT_base&Llama_3_8B,meaningfulness_chandler,256,4,0.39209219339068657,pass
BERT_base&Llama_3_8B,meaningfulness_chandler,256,5,0.26945702580112163,pass
BERT_base&Llama_3_8B,emotionality_chandler,256,1,0.6973592465494121,pass
BERT_base&Llama_3_8B,emotionality_chandler,256,2,0.6762196662270242,pass
BERT_base&Llama_3_8B,emotionality_chandler,256,3,0.5423032186636852,pass
BERT_base&Llama_3_8B,emotionality_chandler,256,4,0.6180055994843086,pass
BERT_base&Llama_3_8B,emotionality_chandler,256,5,0.6385540933677374,pass
BERT_base&Llama_3_8B,gender_assoc_crawford,350,1,0.7288580199113398,pass
BERT_base&Llama_3_8B,gender_assoc_crawford,350,2,0.8468380100314012,pass
BERT_base&Llama_3_8B,gender_assoc_crawford,350,3,0.8038865574809149,pass
BERT_base&Llama_3_8B,gender_assoc_crawford,350,4,0.8035119842418945,pass
BERT_base&Llama_3_8B,gender_assoc_crawford,350,5,0.692455935082847,pass
BERT_base&Llama_3_8B,polysemy_armstrong,379,1,0.06863507780855105,pass
BERT_base&Llama_3_8B,polysemy_armstrong,379,2,0.06022018749960589,pass
BERT_base&Llama_3_8B,polysemy_armstrong,379,3,-0.050892409352545576,pass
BERT_base&Llama_3_8B,polysemy_armstrong,379,4,0.013168251629068761,pass
BERT_base&Llama_3_8B,polysemy_armstrong,379,5,0.042398473924339486,pass
BERT_base&Llama_3_8B,imageability_rt_cortese,1877,1,0.3791381738697831,pass
BERT_base&Llama_3_8B,imageability_rt_cortese,1877,2,0.3775495686138016,pass
BERT_base&Llama_3_8B,imageability_rt_cortese,1877,3,0.32032814472706583,pass
BERT_base&Llama_3_8B,imageability_rt_cortese,1877,4,0.28034474665411,pass
BERT_base&Llama_3_8B,imageability_rt_cortese,1877,5,0.3288686630884883,pass
BERT_base&Llama_3_8B,imageability_cortese,1877,1,0.7282408267262956,pass
BERT_base&Llama_3_8B,imageability_cortese,1877,2,0.6827817384483106,pass
BERT_base&Llama_3_8B,imageability_cortese,1877,3,0.6962199601895652,pass
BERT_base&Llama_3_8B,imageability_cortese,1877,4,0.6591285186146477,pass
BERT_base&Llama_3_8B,imageability_cortese,1877,5,0.73018433943004,pass
BERT_base&Llama_3_8B,valence_citron,183,1,0.7803879974798422,pass
BERT_base&Llama_3_8B,valence_citron,183,2,0.7623605348114981,pass
BERT_base&Llama_3_8B,valence_citron,183,3,0.6845365702844042,pass
BERT_base&Llama_3_8B,valence_citron,183,4,0.7502887199575472,pass
BERT_base&Llama_3_8B,valence_citron,183,5,0.7907374025285936,pass
BERT_base&Llama_3_8B,arousal_citron,183,1,0.7408707659821065,pass
BERT_base&Llama_3_8B,arousal_citron,183,2,0.5869337002263872,pass
BERT_base&Llama_3_8B,arousal_citron,183,3,0.646120328701657,pass
BERT_base&Llama_3_8B,arousal_citron,183,4,0.6670563899357038,pass
BERT_base&Llama_3_8B,arousal_citron,183,5,0.48391081857482443,pass
BERT_base&Llama_3_8B,familiarity_citron,183,1,0.543690369251812,pass
BERT_base&Llama_3_8B,familiarity_citron,183,2,0.6578401657000916,pass
BERT_base&Llama_3_8B,familiarity_citron,183,3,0.4761475799650917,pass
BERT_base&Llama_3_8B,familiarity_citron,183,4,0.5558908364602709,pass
BERT_base&Llama_3_8B,familiarity_citron,183,5,0.49122467324053476,pass
BERT_base&Llama_3_8B,aoa_citron,183,1,0.6333859017861195,pass
BERT_base&Llama_3_8B,aoa_citron,183,2,0.5978481993552621,pass
BERT_base&Llama_3_8B,aoa_citron,183,3,0.3952528017131254,pass
BERT_base&Llama_3_8B,aoa_citron,183,4,0.6275422070457696,pass
BERT_base&Llama_3_8B,aoa_citron,183,5,0.61850435862214,pass
BERT_base&Llama_3_8B,imageability_citron,183,1,0.7765549698603047,pass
BERT_base&Llama_3_8B,imageability_citron,183,2,0.762437899265761,pass
BERT_base&Llama_3_8B,imageability_citron,183,3,0.7689187442095757,pass
BERT_base&Llama_3_8B,imageability_citron,183,4,0.703371815067712,pass
BERT_base&Llama_3_8B,imageability_citron,183,5,0.7539203856201806,pass
BERT_base&Llama_3_8B,valence_imbault,1414,1,0.5869656953668397,pass
BERT_base&Llama_3_8B,valence_imbault,1414,2,0.7078054649562808,pass
BERT_base&Llama_3_8B,valence_imbault,1414,3,0.6946913674477406,pass
BERT_base&Llama_3_8B,valence_imbault,1414,4,0.633886886866849,pass
BERT_base&Llama_3_8B,valence_imbault,1414,5,0.6002645757517509,pass
BERT_base&Llama_3_8B,arousal_imbault,1441,1,0.31609055159237187,pass
BERT_base&Llama_3_8B,arousal_imbault,1441,2,0.4349314367073043,pass
BERT_base&Llama_3_8B,arousal_imbault,1441,3,0.39913139998629554,pass
BERT_base&Llama_3_8B,arousal_imbault,1441,4,0.33893407320300506,pass
BERT_base&Llama_3_8B,arousal_imbault,1441,5,0.3653618200015474,pass
BERT_base&Llama_3_8B,likableness_anderson,193,1,0.786027155190128,pass
BERT_base&Llama_3_8B,likableness_anderson,193,2,0.8624918943690361,pass
BERT_base&Llama_3_8B,likableness_anderson,193,3,0.7116463373063131,pass
BERT_base&Llama_3_8B,likableness_anderson,193,4,0.7352373842530915,pass
BERT_base&Llama_3_8B,likableness_anderson,193,5,0.8100501463387291,pass
BERT_base&Llama_3_8B,meaningfulness_anderson,193,1,-0.05332142212121482,pass
BERT_base&Llama_3_8B,meaningfulness_anderson,193,2,0.1307179189089489,pass
BERT_base&Llama_3_8B,meaningfulness_anderson,193,3,0.22282833604064234,pass
BERT_base&Llama_3_8B,meaningfulness_anderson,193,4,0.05922191154789769,pass
BERT_base&Llama_3_8B,meaningfulness_anderson,193,5,0.21191246662361607,pass
BERT_base&Llama_3_8B,perc_known_winter,5536,1,0.060805265725021096,pass
BERT_base&Llama_3_8B,perc_known_winter,5536,2,0.07097293617150002,pass
BERT_base&Llama_3_8B,perc_known_winter,5536,3,0.05026635947696756,pass
BERT_base&Llama_3_8B,perc_known_winter,5536,4,0.05150587988566124,pass
BERT_base&Llama_3_8B,perc_known_winter,5536,5,0.061170258964246105,pass
BERT_base&Llama_3_8B,iconicity_winter2023,5536,1,0.36324441600017,pass
BERT_base&Llama_3_8B,iconicity_winter2023,5536,2,0.40151287599929486,pass
BERT_base&Llama_3_8B,iconicity_winter2023,5536,3,0.3309499659737214,pass
BERT_base&Llama_3_8B,iconicity_winter2023,5536,4,0.3719629549060297,pass
BERT_base&Llama_3_8B,iconicity_winter2023,5536,5,0.4195429954677803,pass
BERT_base&Llama_3_8B,body_object_miklashevsky,1046,1,0.6986052825051685,pass
BERT_base&Llama_3_8B,body_object_miklashevsky,1046,2,0.6671015589928859,pass
BERT_base&Llama_3_8B,body_object_miklashevsky,1046,3,0.656467490781528,pass
BERT_base&Llama_3_8B,body_object_miklashevsky,1046,4,0.7096219056818285,pass
BERT_base&Llama_3_8B,body_object_miklashevsky,1046,5,0.6946792616702697,pass
BERT_base&Llama_3_8B,aoa_schock,1888,1,0.6950108506159449,pass
BERT_base&Llama_3_8B,aoa_schock,1888,2,0.699171527945265,pass
BERT_base&Llama_3_8B,aoa_schock,1888,3,0.7071237968233484,pass
BERT_base&Llama_3_8B,aoa_schock,1888,4,0.68283059100289,pass
BERT_base&Llama_3_8B,aoa_schock,1888,5,0.7294243139611687,pass
BERT_base&Llama_3_8B,aoa_rt_schock,1888,1,0.014066953855861652,pass
BERT_base&Llama_3_8B,aoa_rt_schock,1888,2,0.007339451427958998,pass
BERT_base&Llama_3_8B,aoa_rt_schock,1888,3,0.020921786322766645,pass
BERT_base&Llama_3_8B,aoa_rt_schock,1888,4,0.014164661078921559,pass
BERT_base&Llama_3_8B,aoa_rt_schock,1888,5,0.016671899887087394,pass
BERT_base&Llama_3_8B,aoa_davies,588,1,0.4873592802955553,pass
BERT_base&Llama_3_8B,aoa_davies,588,2,0.6099360542452624,pass
BERT_base&Llama_3_8B,aoa_davies,588,3,0.6506494622342784,pass
BERT_base&Llama_3_8B,aoa_davies,588,4,0.5637713450667022,pass
BERT_base&Llama_3_8B,aoa_davies,588,5,0.676087247985518,pass
BERT_base&Llama_3_8B,imageability_davies,588,1,0.5749786252537659,pass
BERT_base&Llama_3_8B,imageability_davies,588,2,0.6247879735928237,pass
BERT_base&Llama_3_8B,imageability_davies,588,3,0.5966966173245383,pass
BERT_base&Llama_3_8B,imageability_davies,588,4,0.5087985165949909,pass
BERT_base&Llama_3_8B,imageability_davies,588,5,0.6623734835158684,pass
BERT_base&Llama_3_8B,this_that_rocca,342,1,0.5798973389655735,pass
BERT_base&Llama_3_8B,this_that_rocca,342,2,0.5911967964500416,pass
BERT_base&Llama_3_8B,this_that_rocca,342,3,0.6487893902166548,pass
BERT_base&Llama_3_8B,this_that_rocca,342,4,0.46959138359289543,pass
BERT_base&Llama_3_8B,this_that_rocca,342,5,0.48757633431621505,pass
BERT_base&Llama_3_8B,iconicity_winter2017,1757,1,0.36898298363684356,pass
BERT_base&Llama_3_8B,iconicity_winter2017,1757,2,0.3060595474596578,pass
BERT_base&Llama_3_8B,iconicity_winter2017,1757,3,0.33326153908178135,pass
BERT_base&Llama_3_8B,iconicity_winter2017,1757,4,0.41420651450823753,pass
BERT_base&Llama_3_8B,iconicity_winter2017,1757,5,0.3779219164913603,pass
BERT_base&Llama_3_8B,living_vanarsdall,904,1,0.8578012139306322,pass
BERT_base&Llama_3_8B,living_vanarsdall,904,2,0.820657314192158,pass
BERT_base&Llama_3_8B,living_vanarsdall,904,3,0.836821820133925,pass
BERT_base&Llama_3_8B,living_vanarsdall,904,4,0.8678744462085759,pass
BERT_base&Llama_3_8B,living_vanarsdall,904,5,0.8461543010120953,pass
BERT_base&Llama_3_8B,thought_vanarsdall,904,1,0.8727365184206181,pass
BERT_base&Llama_3_8B,thought_vanarsdall,904,2,0.8771371472099571,pass
BERT_base&Llama_3_8B,thought_vanarsdall,904,3,0.8646445413380555,pass
BERT_base&Llama_3_8B,thought_vanarsdall,904,4,0.9076626922939627,pass
BERT_base&Llama_3_8B,thought_vanarsdall,904,5,0.8582411876346134,pass
BERT_base&Llama_3_8B,reproduction_vanarsdall,904,1,0.8002132572721147,pass
BERT_base&Llama_3_8B,reproduction_vanarsdall,904,2,0.808734136136246,pass
BERT_base&Llama_3_8B,reproduction_vanarsdall,904,3,0.8353921818970519,pass
BERT_base&Llama_3_8B,reproduction_vanarsdall,904,4,0.8536727098710724,pass
BERT_base&Llama_3_8B,reproduction_vanarsdall,904,5,0.8207951495674288,pass
BERT_base&Llama_3_8B,person_vanarsdall,904,1,0.8767634431802054,pass
BERT_base&Llama_3_8B,person_vanarsdall,904,2,0.8637485236811371,pass
BERT_base&Llama_3_8B,person_vanarsdall,904,3,0.8669296382543541,pass
BERT_base&Llama_3_8B,person_vanarsdall,904,4,0.9033174122621713,pass
BERT_base&Llama_3_8B,person_vanarsdall,904,5,0.8600952991056746,pass
BERT_base&Llama_3_8B,goals_vanarsdall,904,1,0.8662460027695892,pass
BERT_base&Llama_3_8B,goals_vanarsdall,904,2,0.8531504583383593,pass
BERT_base&Llama_3_8B,goals_vanarsdall,904,3,0.8415007317009681,pass
BERT_base&Llama_3_8B,goals_vanarsdall,904,4,0.8878662210406023,pass
BERT_base&Llama_3_8B,goals_vanarsdall,904,5,0.8246353132750758,pass
BERT_base&Llama_3_8B,movement_vanarsdall,904,1,0.7961334586738718,pass
BERT_base&Llama_3_8B,movement_vanarsdall,904,2,0.7545603507560847,pass
BERT_base&Llama_3_8B,movement_vanarsdall,904,3,0.79125117715126,pass
BERT_base&Llama_3_8B,movement_vanarsdall,904,4,0.8027577334066052,pass
BERT_base&Llama_3_8B,movement_vanarsdall,904,5,0.738710384133415,pass
BERT_base&Llama_3_8B,concreteness_vanarsdall,904,1,0.43892710863888706,pass
BERT_base&Llama_3_8B,concreteness_vanarsdall,904,2,0.6007292617922366,pass
BERT_base&Llama_3_8B,concreteness_vanarsdall,904,3,0.5128335183331048,pass
BERT_base&Llama_3_8B,concreteness_vanarsdall,904,4,0.4799077550186982,pass
BERT_base&Llama_3_8B,concreteness_vanarsdall,904,5,0.5444000968263719,pass
BERT_base&Llama_3_8B,familiarity_vanarsdall,904,1,0.2697454132702807,pass
BERT_base&Llama_3_8B,familiarity_vanarsdall,904,2,0.27748501706542317,pass
BERT_base&Llama_3_8B,familiarity_vanarsdall,904,3,0.23446992211789475,pass
BERT_base&Llama_3_8B,familiarity_vanarsdall,904,4,0.27644802814091207,pass
BERT_base&Llama_3_8B,familiarity_vanarsdall,904,5,0.29472846556649446,pass
BERT_base&Llama_3_8B,imageability_vanarsdall,904,1,0.3514081031227704,pass
BERT_base&Llama_3_8B,imageability_vanarsdall,904,2,0.4388885515135903,pass
BERT_base&Llama_3_8B,imageability_vanarsdall,904,3,0.4103309028360056,pass
BERT_base&Llama_3_8B,imageability_vanarsdall,904,4,0.3258541766725741,pass
BERT_base&Llama_3_8B,imageability_vanarsdall,904,5,0.31395094864678974,pass
BERT_base&Llama_3_8B,familiarity_fear,466,1,0.4627046360395388,pass
BERT_base&Llama_3_8B,familiarity_fear,466,2,0.5585414291127352,pass
BERT_base&Llama_3_8B,familiarity_fear,466,3,0.5673154134450311,pass
BERT_base&Llama_3_8B,familiarity_fear,466,4,0.582947829434826,pass
BERT_base&Llama_3_8B,familiarity_fear,466,5,0.5485544048383512,pass
BERT_base&Llama_3_8B,aoa_fear,466,1,0.618588827379082,pass
BERT_base&Llama_3_8B,aoa_fear,466,2,0.6595726540951934,pass
BERT_base&Llama_3_8B,aoa_fear,466,3,0.5943451854966766,pass
BERT_base&Llama_3_8B,aoa_fear,466,4,0.5927326358461198,pass
BERT_base&Llama_3_8B,aoa_fear,466,5,0.6538119281252011,pass
BERT_base&Llama_3_8B,imageability_fear,466,1,0.6964700931833401,pass
BERT_base&Llama_3_8B,imageability_fear,466,2,0.7831130991184545,pass
BERT_base&Llama_3_8B,imageability_fear,466,3,0.7327932752300849,pass
BERT_base&Llama_3_8B,imageability_fear,466,4,0.6630863359435746,pass
BERT_base&Llama_3_8B,imageability_fear,466,5,0.7180249817594446,pass
BERT_base&Llama_3_8B,sensory_experience_juhasz2013,3683,1,0.51727972043629,pass
BERT_base&Llama_3_8B,sensory_experience_juhasz2013,3683,2,0.46002041910342095,pass
BERT_base&Llama_3_8B,sensory_experience_juhasz2013,3683,3,0.5191758570236391,pass
BERT_base&Llama_3_8B,sensory_experience_juhasz2013,3683,4,0.4367515791734268,pass
BERT_base&Llama_3_8B,sensory_experience_juhasz2013,3683,5,0.5294499742097827,pass
