embed,norm,train_n,fold,r2,check
Llama_3_8B&SVD_SWOW,frequency_lund,5815,1,0.7588927950532541,pass
Llama_3_8B&SVD_SWOW,frequency_lund,5815,2,0.7681744196198853,pass
Llama_3_8B&SVD_SWOW,frequency_lund,5815,3,0.8060880898370127,pass
Llama_3_8B&SVD_SWOW,frequency_lund,5815,4,0.7906594652206305,pass
Llama_3_8B&SVD_SWOW,frequency_lund,5815,5,0.7960272749906945,pass
Llama_3_8B&SVD_SWOW,frequency_kucera,5273,1,0.707864683451553,pass
Llama_3_8B&SVD_SWOW,frequency_kucera,5273,2,0.7202639803434773,pass
Llama_3_8B&SVD_SWOW,frequency_kucera,5273,3,0.7276590450282987,pass
Llama_3_8B&SVD_SWOW,frequency_kucera,5273,4,0.7145231953955385,pass
Llama_3_8B&SVD_SWOW,frequency_kucera,5273,5,0.7412057726253611,pass
Llama_3_8B&SVD_SWOW,frequency_subtlexus,5852,1,0.7562384000065129,pass
Llama_3_8B&SVD_SWOW,frequency_subtlexus,5852,2,0.7685442378688547,pass
Llama_3_8B&SVD_SWOW,frequency_subtlexus,5852,3,0.8011662844893089,pass
Llama_3_8B&SVD_SWOW,frequency_subtlexus,5852,4,0.7702711808838052,pass
Llama_3_8B&SVD_SWOW,frequency_subtlexus,5852,5,0.778357606833974,pass
Llama_3_8B&SVD_SWOW,frequency_subtlexuk,5840,1,0.7334648199659246,pass
Llama_3_8B&SVD_SWOW,frequency_subtlexuk,5840,2,0.7525628312721329,pass
Llama_3_8B&SVD_SWOW,frequency_subtlexuk,5840,3,0.7767891309590832,pass
Llama_3_8B&SVD_SWOW,frequency_subtlexuk,5840,4,0.7334154192966635,pass
Llama_3_8B&SVD_SWOW,frequency_subtlexuk,5840,5,0.7658315350331056,pass
Llama_3_8B&SVD_SWOW,frequency_blog_gimenes,5852,1,0.8135908477282302,pass
Llama_3_8B&SVD_SWOW,frequency_blog_gimenes,5852,2,0.8160764692642832,pass
Llama_3_8B&SVD_SWOW,frequency_blog_gimenes,5852,3,0.8301869658362991,pass
Llama_3_8B&SVD_SWOW,frequency_blog_gimenes,5852,4,0.804966919936063,pass
Llama_3_8B&SVD_SWOW,frequency_blog_gimenes,5852,5,0.8254222382243215,pass
Llama_3_8B&SVD_SWOW,frequency_twitter_gimenes,5852,1,0.7869705752653222,pass
Llama_3_8B&SVD_SWOW,frequency_twitter_gimenes,5852,2,0.7977649847561963,pass
Llama_3_8B&SVD_SWOW,frequency_twitter_gimenes,5852,3,0.8111506562925319,pass
Llama_3_8B&SVD_SWOW,frequency_twitter_gimenes,5852,4,0.7852749432164433,pass
Llama_3_8B&SVD_SWOW,frequency_twitter_gimenes,5852,5,0.8220805558084621,pass
Llama_3_8B&SVD_SWOW,frequency_news_gimenes,5852,1,0.7978845966759921,pass
Llama_3_8B&SVD_SWOW,frequency_news_gimenes,5852,2,0.8042618707167174,pass
Llama_3_8B&SVD_SWOW,frequency_news_gimenes,5852,3,0.803269008756833,pass
Llama_3_8B&SVD_SWOW,frequency_news_gimenes,5852,4,0.8002294052730587,pass
Llama_3_8B&SVD_SWOW,frequency_news_gimenes,5852,5,0.8155892703183854,pass
Llama_3_8B&SVD_SWOW,frequency_written_cobuild,5764,1,0.5207530671930009,pass
Llama_3_8B&SVD_SWOW,frequency_written_cobuild,5764,2,0.528509278436452,pass
Llama_3_8B&SVD_SWOW,frequency_written_cobuild,5764,3,0.5646791390202489,pass
Llama_3_8B&SVD_SWOW,frequency_written_cobuild,5764,4,0.4922342737732661,pass
Llama_3_8B&SVD_SWOW,frequency_written_cobuild,5764,5,0.57586448908842,pass
Llama_3_8B&SVD_SWOW,frequency_spoken_cobuild,5764,1,0.5534556256895294,pass
Llama_3_8B&SVD_SWOW,frequency_spoken_cobuild,5764,2,0.5592270686543342,pass
Llama_3_8B&SVD_SWOW,frequency_spoken_cobuild,5764,3,0.5559076100756855,pass
Llama_3_8B&SVD_SWOW,frequency_spoken_cobuild,5764,4,0.5170297187190077,pass
Llama_3_8B&SVD_SWOW,frequency_spoken_cobuild,5764,5,0.5802023235091749,pass
Llama_3_8B&SVD_SWOW,context_diversity_subtlexus,5852,1,0.7564503594526609,pass
Llama_3_8B&SVD_SWOW,context_diversity_subtlexus,5852,2,0.7615729354104208,pass
Llama_3_8B&SVD_SWOW,context_diversity_subtlexus,5852,3,0.7904933757863041,pass
Llama_3_8B&SVD_SWOW,context_diversity_subtlexus,5852,4,0.7635603950835002,pass
Llama_3_8B&SVD_SWOW,context_diversity_subtlexus,5852,5,0.7759943093121418,pass
Llama_3_8B&SVD_SWOW,context_diversity_subtlexuk,5840,1,0.7418302205509782,pass
Llama_3_8B&SVD_SWOW,context_diversity_subtlexuk,5840,2,0.7504603638471965,pass
Llama_3_8B&SVD_SWOW,context_diversity_subtlexuk,5840,3,0.776466558952333,pass
Llama_3_8B&SVD_SWOW,context_diversity_subtlexuk,5840,4,0.7438075378467743,pass
Llama_3_8B&SVD_SWOW,context_diversity_subtlexuk,5840,5,0.769569642018969,pass
Llama_3_8B&SVD_SWOW,context_diversity_blog_gimenes,5852,1,0.8179064515159195,pass
Llama_3_8B&SVD_SWOW,context_diversity_blog_gimenes,5852,2,0.8192158952020764,pass
Llama_3_8B&SVD_SWOW,context_diversity_blog_gimenes,5852,3,0.834292763538824,pass
Llama_3_8B&SVD_SWOW,context_diversity_blog_gimenes,5852,4,0.8082814040063355,pass
Llama_3_8B&SVD_SWOW,context_diversity_blog_gimenes,5852,5,0.8314861336407839,pass
Llama_3_8B&SVD_SWOW,context_diversity_twitter_gimenes,5852,1,0.7876023322017512,pass
Llama_3_8B&SVD_SWOW,context_diversity_twitter_gimenes,5852,2,0.7984766313769659,pass
Llama_3_8B&SVD_SWOW,context_diversity_twitter_gimenes,5852,3,0.8116234389009276,pass
Llama_3_8B&SVD_SWOW,context_diversity_twitter_gimenes,5852,4,0.7861061942613002,pass
Llama_3_8B&SVD_SWOW,context_diversity_twitter_gimenes,5852,5,0.8232150834870526,pass
Llama_3_8B&SVD_SWOW,context_diversity_news_gimenes,5852,1,0.8010546918166879,pass
Llama_3_8B&SVD_SWOW,context_diversity_news_gimenes,5852,2,0.8063922566865143,pass
Llama_3_8B&SVD_SWOW,context_diversity_news_gimenes,5852,3,0.8051744901916658,pass
Llama_3_8B&SVD_SWOW,context_diversity_news_gimenes,5852,4,0.8024642915857941,pass
Llama_3_8B&SVD_SWOW,context_diversity_news_gimenes,5852,5,0.8182869761810183,pass
Llama_3_8B&SVD_SWOW,familiarity_glasgow,2762,1,0.5330210809928638,pass
Llama_3_8B&SVD_SWOW,familiarity_glasgow,2762,2,0.5119936451145715,pass
Llama_3_8B&SVD_SWOW,familiarity_glasgow,2762,3,0.5247792615202067,pass
Llama_3_8B&SVD_SWOW,familiarity_glasgow,2762,4,0.47805551436541105,pass
Llama_3_8B&SVD_SWOW,familiarity_glasgow,2762,5,0.5310569821825949,pass
Llama_3_8B&SVD_SWOW,familiarity_brysbaert,5832,1,0.09050845292650078,pass
Llama_3_8B&SVD_SWOW,familiarity_brysbaert,5832,2,0.09613048409511693,pass
Llama_3_8B&SVD_SWOW,familiarity_brysbaert,5832,3,0.10196336182046695,pass
Llama_3_8B&SVD_SWOW,familiarity_brysbaert,5832,4,0.11839197846556704,pass
Llama_3_8B&SVD_SWOW,familiarity_brysbaert,5832,5,0.08510672392258822,pass
Llama_3_8B&SVD_SWOW,prevalence_brysbaert,5845,1,0.24437912204488788,pass
Llama_3_8B&SVD_SWOW,prevalence_brysbaert,5845,2,0.26089214545275163,pass
Llama_3_8B&SVD_SWOW,prevalence_brysbaert,5845,3,0.28842798959357896,pass
Llama_3_8B&SVD_SWOW,prevalence_brysbaert,5845,4,0.30705718707651386,pass
Llama_3_8B&SVD_SWOW,prevalence_brysbaert,5845,5,0.2734150395383643,pass
Llama_3_8B&SVD_SWOW,aoa_kuperman,5742,1,0.656996149963206,pass
Llama_3_8B&SVD_SWOW,aoa_kuperman,5742,2,0.6459202265750922,pass
Llama_3_8B&SVD_SWOW,aoa_kuperman,5742,3,0.6500184463442362,pass
Llama_3_8B&SVD_SWOW,aoa_kuperman,5742,4,0.6327525291666707,pass
Llama_3_8B&SVD_SWOW,aoa_kuperman,5742,5,0.6534222776596503,pass
Llama_3_8B&SVD_SWOW,aoa_brysbaert,5533,1,0.690411063891439,pass
Llama_3_8B&SVD_SWOW,aoa_brysbaert,5533,2,0.6995874453405597,pass
Llama_3_8B&SVD_SWOW,aoa_brysbaert,5533,3,0.6789816528575503,pass
Llama_3_8B&SVD_SWOW,aoa_brysbaert,5533,4,0.6803740585431146,pass
Llama_3_8B&SVD_SWOW,aoa_brysbaert,5533,5,0.6950746660490272,pass
Llama_3_8B&SVD_SWOW,aoa_glasgow,2762,1,0.6703364384864006,pass
Llama_3_8B&SVD_SWOW,aoa_glasgow,2762,2,0.6818775236340686,pass
Llama_3_8B&SVD_SWOW,aoa_glasgow,2762,3,0.6201896289401159,pass
Llama_3_8B&SVD_SWOW,aoa_glasgow,2762,4,0.6732321366185,pass
Llama_3_8B&SVD_SWOW,aoa_glasgow,2762,5,0.6767081911494162,pass
Llama_3_8B&SVD_SWOW,frequency_trajectory_brysbaert,4892,1,0.7500347774681119,pass
Llama_3_8B&SVD_SWOW,frequency_trajectory_brysbaert,4892,2,0.7526222234073101,pass
Llama_3_8B&SVD_SWOW,frequency_trajectory_brysbaert,4892,3,0.7531351189668009,pass
Llama_3_8B&SVD_SWOW,frequency_trajectory_brysbaert,4892,4,0.7556541917953958,pass
Llama_3_8B&SVD_SWOW,frequency_trajectory_brysbaert,4892,5,0.7297783583730921,pass
Llama_3_8B&SVD_SWOW,pos_brysbaert,5788,1,0.7392599697844511,pass
Llama_3_8B&SVD_SWOW,pos_brysbaert,5788,2,0.7660278749901195,pass
Llama_3_8B&SVD_SWOW,pos_brysbaert,5788,3,0.74756438134298,pass
Llama_3_8B&SVD_SWOW,pos_brysbaert,5788,4,0.7591581576622507,pass
Llama_3_8B&SVD_SWOW,pos_brysbaert,5788,5,0.7240979618676704,pass
Llama_3_8B&SVD_SWOW,pos_vanheuven,5787,1,0.668466386338428,pass
Llama_3_8B&SVD_SWOW,pos_vanheuven,5787,2,0.6889190527105888,pass
Llama_3_8B&SVD_SWOW,pos_vanheuven,5787,3,0.6552604020820972,pass
Llama_3_8B&SVD_SWOW,pos_vanheuven,5787,4,0.694169982587233,pass
Llama_3_8B&SVD_SWOW,pos_vanheuven,5787,5,0.6292340902437226,pass
Llama_3_8B&SVD_SWOW,concreteness_brysbaert,5832,1,0.8215519980143933,pass
Llama_3_8B&SVD_SWOW,concreteness_brysbaert,5832,2,0.7917643191597512,pass
Llama_3_8B&SVD_SWOW,concreteness_brysbaert,5832,3,0.8054118420816323,pass
Llama_3_8B&SVD_SWOW,concreteness_brysbaert,5832,4,0.8148518671534852,pass
Llama_3_8B&SVD_SWOW,concreteness_brysbaert,5832,5,0.7923832110985145,pass
Llama_3_8B&SVD_SWOW,concreteness_glasgow,2762,1,0.8303195929135686,pass
Llama_3_8B&SVD_SWOW,concreteness_glasgow,2762,2,0.7980554385362901,pass
Llama_3_8B&SVD_SWOW,concreteness_glasgow,2762,3,0.8168196467223604,pass
Llama_3_8B&SVD_SWOW,concreteness_glasgow,2762,4,0.8105876973452735,pass
Llama_3_8B&SVD_SWOW,concreteness_glasgow,2762,5,0.8073729268997003,pass
Llama_3_8B&SVD_SWOW,imageability_glasgow,2762,1,0.7908135656941259,pass
Llama_3_8B&SVD_SWOW,imageability_glasgow,2762,2,0.7367708674143779,pass
Llama_3_8B&SVD_SWOW,imageability_glasgow,2762,3,0.7661891831600973,pass
Llama_3_8B&SVD_SWOW,imageability_glasgow,2762,4,0.7579261420043868,pass
Llama_3_8B&SVD_SWOW,imageability_glasgow,2762,5,0.7490106194027484,pass
Llama_3_8B&SVD_SWOW,n_senses_wordnet_miller,5803,1,0.4295360852793424,pass
Llama_3_8B&SVD_SWOW,n_senses_wordnet_miller,5803,2,0.47615513842043233,pass
Llama_3_8B&SVD_SWOW,n_senses_wordnet_miller,5803,3,0.4483281847376128,pass
Llama_3_8B&SVD_SWOW,n_senses_wordnet_miller,5803,4,0.44172392266706106,pass
Llama_3_8B&SVD_SWOW,n_senses_wordnet_miller,5803,5,0.4270888385622188,pass
Llama_3_8B&SVD_SWOW,n_senses_wordsmyth_rice,365,1,0.34589080219857493,pass
Llama_3_8B&SVD_SWOW,n_senses_wordsmyth_rice,365,2,0.27943706949569946,pass
Llama_3_8B&SVD_SWOW,n_senses_wordsmyth_rice,365,3,0.27690948902957235,pass
Llama_3_8B&SVD_SWOW,n_senses_wordsmyth_rice,365,4,0.25891086361016624,pass
Llama_3_8B&SVD_SWOW,n_senses_wordsmyth_rice,365,5,0.2571734833121617,pass
Llama_3_8B&SVD_SWOW,n_meanings_wordsmyth_rice,365,1,-0.010568171135957094,pass
Llama_3_8B&SVD_SWOW,n_meanings_wordsmyth_rice,365,2,0.00619628459553434,pass
Llama_3_8B&SVD_SWOW,n_meanings_wordsmyth_rice,365,3,-0.0827130234999165,pass
Llama_3_8B&SVD_SWOW,n_meanings_wordsmyth_rice,365,4,0.010286981912147941,pass
Llama_3_8B&SVD_SWOW,n_meanings_wordsmyth_rice,365,5,-0.031574160461201206,pass
Llama_3_8B&SVD_SWOW,n_meanings_websters_gao,5596,1,0.27362961273397957,pass
Llama_3_8B&SVD_SWOW,n_meanings_websters_gao,5596,2,0.291876526345459,pass
Llama_3_8B&SVD_SWOW,n_meanings_websters_gao,5596,3,0.2801582331495568,pass
Llama_3_8B&SVD_SWOW,n_meanings_websters_gao,5596,4,0.29847028074998483,pass
Llama_3_8B&SVD_SWOW,n_meanings_websters_gao,5596,5,0.3158943958550703,pass
Llama_3_8B&SVD_SWOW,n_features_buchanan,2787,1,0.2118503932237038,pass
Llama_3_8B&SVD_SWOW,n_features_buchanan,2787,2,0.19675744767543601,pass
Llama_3_8B&SVD_SWOW,n_features_buchanan,2787,3,0.2298983394313463,pass
Llama_3_8B&SVD_SWOW,n_features_buchanan,2787,4,0.25975569296168377,pass
Llama_3_8B&SVD_SWOW,n_features_buchanan,2787,5,0.1878026789084145,pass
Llama_3_8B&SVD_SWOW,visual_lancaster,5828,1,0.5501094398644819,pass
Llama_3_8B&SVD_SWOW,visual_lancaster,5828,2,0.5054898451427661,pass
Llama_3_8B&SVD_SWOW,visual_lancaster,5828,3,0.5295945713341652,pass
Llama_3_8B&SVD_SWOW,visual_lancaster,5828,4,0.5361452106378412,pass
Llama_3_8B&SVD_SWOW,visual_lancaster,5828,5,0.5395991421471837,pass
Llama_3_8B&SVD_SWOW,auditory_lancaster,5828,1,0.642528913979264,pass
Llama_3_8B&SVD_SWOW,auditory_lancaster,5828,2,0.5676156814171185,pass
Llama_3_8B&SVD_SWOW,auditory_lancaster,5828,3,0.6433769280274583,pass
Llama_3_8B&SVD_SWOW,auditory_lancaster,5828,4,0.6223763217598484,pass
Llama_3_8B&SVD_SWOW,auditory_lancaster,5828,5,0.6290494997439966,pass
Llama_3_8B&SVD_SWOW,haptic_lancaster,5828,1,0.6220559890492751,pass
Llama_3_8B&SVD_SWOW,haptic_lancaster,5828,2,0.6043868227208905,pass
Llama_3_8B&SVD_SWOW,haptic_lancaster,5828,3,0.6137291014901616,pass
Llama_3_8B&SVD_SWOW,haptic_lancaster,5828,4,0.6471713185286336,pass
Llama_3_8B&SVD_SWOW,haptic_lancaster,5828,5,0.6358673154007328,pass
Llama_3_8B&SVD_SWOW,olfactory_lancaster,5828,1,0.6934306579891898,pass
Llama_3_8B&SVD_SWOW,olfactory_lancaster,5828,2,0.6620185616598271,pass
Llama_3_8B&SVD_SWOW,olfactory_lancaster,5828,3,0.6031500584522136,pass
Llama_3_8B&SVD_SWOW,olfactory_lancaster,5828,4,0.6766691560800329,pass
Llama_3_8B&SVD_SWOW,olfactory_lancaster,5828,5,0.6306710125668995,pass
Llama_3_8B&SVD_SWOW,gustatory_lancaster,5828,1,0.8031897446953921,pass
Llama_3_8B&SVD_SWOW,gustatory_lancaster,5828,2,0.7205891826411275,pass
Llama_3_8B&SVD_SWOW,gustatory_lancaster,5828,3,0.7159517636054598,pass
Llama_3_8B&SVD_SWOW,gustatory_lancaster,5828,4,0.7741283998036749,pass
Llama_3_8B&SVD_SWOW,gustatory_lancaster,5828,5,0.7473190039131756,pass
Llama_3_8B&SVD_SWOW,interoceptive_lancaster,5828,1,0.6807375476486122,pass
Llama_3_8B&SVD_SWOW,interoceptive_lancaster,5828,2,0.6625786607159319,pass
Llama_3_8B&SVD_SWOW,interoceptive_lancaster,5828,3,0.7072501895210066,pass
Llama_3_8B&SVD_SWOW,interoceptive_lancaster,5828,4,0.6378502395361632,pass
Llama_3_8B&SVD_SWOW,interoceptive_lancaster,5828,5,0.6662357741386947,pass
Llama_3_8B&SVD_SWOW,head_lancaster,5828,1,0.4195765211667568,pass
Llama_3_8B&SVD_SWOW,head_lancaster,5828,2,0.3940270190444224,pass
Llama_3_8B&SVD_SWOW,head_lancaster,5828,3,0.44863188189934466,pass
Llama_3_8B&SVD_SWOW,head_lancaster,5828,4,0.4443660073377539,pass
Llama_3_8B&SVD_SWOW,head_lancaster,5828,5,0.4432830867942804,pass
Llama_3_8B&SVD_SWOW,torso_lancaster,5828,1,0.5536648556988801,pass
Llama_3_8B&SVD_SWOW,torso_lancaster,5828,2,0.483471675819824,pass
Llama_3_8B&SVD_SWOW,torso_lancaster,5828,3,0.45533147748469616,pass
Llama_3_8B&SVD_SWOW,torso_lancaster,5828,4,0.505584926640736,pass
Llama_3_8B&SVD_SWOW,torso_lancaster,5828,5,0.5152362695036175,pass
Llama_3_8B&SVD_SWOW,mouth_throat_lancaster,5828,1,0.6452279588544068,pass
Llama_3_8B&SVD_SWOW,mouth_throat_lancaster,5828,2,0.602733475006646,pass
Llama_3_8B&SVD_SWOW,mouth_throat_lancaster,5828,3,0.5533576250743651,pass
Llama_3_8B&SVD_SWOW,mouth_throat_lancaster,5828,4,0.6173382286448204,pass
Llama_3_8B&SVD_SWOW,mouth_throat_lancaster,5828,5,0.6610421963863494,pass
Llama_3_8B&SVD_SWOW,hand_arm_lancaster,5828,1,0.5400593813238058,pass
Llama_3_8B&SVD_SWOW,hand_arm_lancaster,5828,2,0.5629041150911782,pass
Llama_3_8B&SVD_SWOW,hand_arm_lancaster,5828,3,0.5235217923633664,pass
Llama_3_8B&SVD_SWOW,hand_arm_lancaster,5828,4,0.5764406956984507,pass
Llama_3_8B&SVD_SWOW,hand_arm_lancaster,5828,5,0.5707185088015183,pass
Llama_3_8B&SVD_SWOW,foot_leg_lancaster,5828,1,0.5621881172847064,pass
Llama_3_8B&SVD_SWOW,foot_leg_lancaster,5828,2,0.5741698302467427,pass
Llama_3_8B&SVD_SWOW,foot_leg_lancaster,5828,3,0.546559279742018,pass
Llama_3_8B&SVD_SWOW,foot_leg_lancaster,5828,4,0.5505360441652125,pass
Llama_3_8B&SVD_SWOW,foot_leg_lancaster,5828,5,0.6329339876705813,pass
Llama_3_8B&SVD_SWOW,body_object_interact_pexman,3920,1,0.7130475880418706,pass
Llama_3_8B&SVD_SWOW,body_object_interact_pexman,3920,2,0.678784148188512,pass
Llama_3_8B&SVD_SWOW,body_object_interact_pexman,3920,3,0.6746589426888985,pass
Llama_3_8B&SVD_SWOW,body_object_interact_pexman,3920,4,0.6961923738926304,pass
Llama_3_8B&SVD_SWOW,body_object_interact_pexman,3920,5,0.6882012309352068,pass
Llama_3_8B&SVD_SWOW,child_body_object_interact,2105,1,0.6296015893138311,pass
Llama_3_8B&SVD_SWOW,child_body_object_interact,2105,2,0.5748632351383217,pass
Llama_3_8B&SVD_SWOW,child_body_object_interact,2105,3,0.5948406428471777,pass
Llama_3_8B&SVD_SWOW,child_body_object_interact,2105,4,0.5771270031843234,pass
Llama_3_8B&SVD_SWOW,child_body_object_interact,2105,5,0.6040321545441586,pass
Llama_3_8B&SVD_SWOW,semantic_size_glasgow,2762,1,0.7451164209308758,pass
Llama_3_8B&SVD_SWOW,semantic_size_glasgow,2762,2,0.7378491257777589,pass
Llama_3_8B&SVD_SWOW,semantic_size_glasgow,2762,3,0.7638225106990577,pass
Llama_3_8B&SVD_SWOW,semantic_size_glasgow,2762,4,0.7584754007682813,pass
Llama_3_8B&SVD_SWOW,semantic_size_glasgow,2762,5,0.7633746396472068,pass
Llama_3_8B&SVD_SWOW,gender_association_glasgow,2762,1,0.7341169421787476,pass
Llama_3_8B&SVD_SWOW,gender_association_glasgow,2762,2,0.7280003827677077,pass
Llama_3_8B&SVD_SWOW,gender_association_glasgow,2762,3,0.74285531648911,pass
Llama_3_8B&SVD_SWOW,gender_association_glasgow,2762,4,0.6785442847399117,pass
Llama_3_8B&SVD_SWOW,gender_association_glasgow,2762,5,0.6721498497935845,pass
Llama_3_8B&SVD_SWOW,feature_visual_vinson,726,1,0.03769474203464107,pass
Llama_3_8B&SVD_SWOW,feature_visual_vinson,726,2,-0.4551189057155336,pass
Llama_3_8B&SVD_SWOW,feature_visual_vinson,726,3,0.2541533240043734,pass
Llama_3_8B&SVD_SWOW,feature_visual_vinson,726,4,0.03134315823248279,pass
Llama_3_8B&SVD_SWOW,feature_visual_vinson,726,5,0.18232746929665766,pass
Llama_3_8B&SVD_SWOW,feature_perceptual_vinson,726,1,-0.07607117883247905,pass
Llama_3_8B&SVD_SWOW,feature_perceptual_vinson,726,2,-0.14648804255182224,pass
Llama_3_8B&SVD_SWOW,feature_perceptual_vinson,726,3,-0.21140986816147245,pass
Llama_3_8B&SVD_SWOW,feature_perceptual_vinson,726,4,0.061634889609383126,pass
Llama_3_8B&SVD_SWOW,feature_perceptual_vinson,726,5,0.01276676986972558,pass
Llama_3_8B&SVD_SWOW,feature_functional_vinson,726,1,0.19490418464832437,pass
Llama_3_8B&SVD_SWOW,feature_functional_vinson,726,2,0.0026017457921938547,pass
Llama_3_8B&SVD_SWOW,feature_functional_vinson,726,3,0.1496233666189032,pass
Llama_3_8B&SVD_SWOW,feature_functional_vinson,726,4,-0.004253342114281411,pass
Llama_3_8B&SVD_SWOW,feature_functional_vinson,726,5,0.15088634350080887,pass
Llama_3_8B&SVD_SWOW,feature_motoric_vinson,726,1,0.178238671371731,pass
Llama_3_8B&SVD_SWOW,feature_motoric_vinson,726,2,0.21567279161587405,pass
Llama_3_8B&SVD_SWOW,feature_motoric_vinson,726,3,0.16932753353927832,pass
Llama_3_8B&SVD_SWOW,feature_motoric_vinson,726,4,0.20368415179520338,pass
Llama_3_8B&SVD_SWOW,feature_motoric_vinson,726,5,0.20085840946825295,pass
Llama_3_8B&SVD_SWOW,socialness_diveica,3423,1,0.7570976824798006,pass
Llama_3_8B&SVD_SWOW,socialness_diveica,3423,2,0.7449784814668867,pass
Llama_3_8B&SVD_SWOW,socialness_diveica,3423,3,0.7432839985443228,pass
Llama_3_8B&SVD_SWOW,socialness_diveica,3423,4,0.7170548950292956,pass
Llama_3_8B&SVD_SWOW,socialness_diveica,3423,5,0.7123596635913114,pass
Llama_3_8B&SVD_SWOW,valence_warriner,5384,1,0.7207232002752683,pass
Llama_3_8B&SVD_SWOW,valence_warriner,5384,2,0.7723687754525854,pass
Llama_3_8B&SVD_SWOW,valence_warriner,5384,3,0.756232433312191,pass
Llama_3_8B&SVD_SWOW,valence_warriner,5384,4,0.6893282554374348,pass
Llama_3_8B&SVD_SWOW,valence_warriner,5384,5,0.7267903321143581,pass
Llama_3_8B&SVD_SWOW,valence_glasgow,2762,1,0.7746215625112908,pass
Llama_3_8B&SVD_SWOW,valence_glasgow,2762,2,0.8334706741605441,pass
Llama_3_8B&SVD_SWOW,valence_glasgow,2762,3,0.8233711084273294,pass
Llama_3_8B&SVD_SWOW,valence_glasgow,2762,4,0.805620279370521,pass
Llama_3_8B&SVD_SWOW,valence_glasgow,2762,5,0.8324356225336917,pass
Llama_3_8B&SVD_SWOW,valence_mohammad,5592,1,0.6892831206803272,pass
Llama_3_8B&SVD_SWOW,valence_mohammad,5592,2,0.7418080230293984,pass
Llama_3_8B&SVD_SWOW,valence_mohammad,5592,3,0.7373021217874569,pass
Llama_3_8B&SVD_SWOW,valence_mohammad,5592,4,0.6722099165531279,pass
Llama_3_8B&SVD_SWOW,valence_mohammad,5592,5,0.6927700455063319,pass
Llama_3_8B&SVD_SWOW,valence_older_kyrolainen,1935,1,0.7597108202464293,pass
Llama_3_8B&SVD_SWOW,valence_older_kyrolainen,1935,2,0.7713050661751604,pass
Llama_3_8B&SVD_SWOW,valence_older_kyrolainen,1935,3,0.770250533117872,pass
Llama_3_8B&SVD_SWOW,valence_older_kyrolainen,1935,4,0.7563446140409582,pass
Llama_3_8B&SVD_SWOW,valence_older_kyrolainen,1935,5,0.7586982017430115,pass
Llama_3_8B&SVD_SWOW,valence_younger_kyrolainen,1935,1,0.7605069807104969,pass
Llama_3_8B&SVD_SWOW,valence_younger_kyrolainen,1935,2,0.8122809397583124,pass
Llama_3_8B&SVD_SWOW,valence_younger_kyrolainen,1935,3,0.7744855293621213,pass
Llama_3_8B&SVD_SWOW,valence_younger_kyrolainen,1935,4,0.7844236312276256,pass
Llama_3_8B&SVD_SWOW,valence_younger_kyrolainen,1935,5,0.7674861309234928,pass
Llama_3_8B&SVD_SWOW,arousal_warriner,5384,1,0.47204713836258994,pass
Llama_3_8B&SVD_SWOW,arousal_warriner,5384,2,0.4510009884646856,pass
Llama_3_8B&SVD_SWOW,arousal_warriner,5384,3,0.480438838124035,pass
Llama_3_8B&SVD_SWOW,arousal_warriner,5384,4,0.45073226955910084,pass
Llama_3_8B&SVD_SWOW,arousal_warriner,5384,5,0.45865684248928185,pass
Llama_3_8B&SVD_SWOW,arousal_glasgow,2762,1,0.6246201717067654,pass
Llama_3_8B&SVD_SWOW,arousal_glasgow,2762,2,0.6624613190453632,pass
Llama_3_8B&SVD_SWOW,arousal_glasgow,2762,3,0.6892002801622605,pass
Llama_3_8B&SVD_SWOW,arousal_glasgow,2762,4,0.5815565701224124,pass
Llama_3_8B&SVD_SWOW,arousal_glasgow,2762,5,0.6655948426849332,pass
Llama_3_8B&SVD_SWOW,arousal_mohammad,5592,1,0.5898926825241164,pass
Llama_3_8B&SVD_SWOW,arousal_mohammad,5592,2,0.5851778320774726,pass
Llama_3_8B&SVD_SWOW,arousal_mohammad,5592,3,0.6028303671366757,pass
Llama_3_8B&SVD_SWOW,arousal_mohammad,5592,4,0.578288953506317,pass
Llama_3_8B&SVD_SWOW,arousal_mohammad,5592,5,0.5620280216618843,pass
Llama_3_8B&SVD_SWOW,dominance_warriner,5384,1,0.499271151378717,pass
Llama_3_8B&SVD_SWOW,dominance_warriner,5384,2,0.5669502879451065,pass
Llama_3_8B&SVD_SWOW,dominance_warriner,5384,3,0.5374779461926806,pass
Llama_3_8B&SVD_SWOW,dominance_warriner,5384,4,0.5114420127194755,pass
Llama_3_8B&SVD_SWOW,dominance_warriner,5384,5,0.5296743811716751,pass
Llama_3_8B&SVD_SWOW,dominance_glasgow,2762,1,0.6035213973861291,pass
Llama_3_8B&SVD_SWOW,dominance_glasgow,2762,2,0.6609177692939047,pass
Llama_3_8B&SVD_SWOW,dominance_glasgow,2762,3,0.6085592966930351,pass
Llama_3_8B&SVD_SWOW,dominance_glasgow,2762,4,0.5979584331180339,pass
Llama_3_8B&SVD_SWOW,dominance_glasgow,2762,5,0.6397396505836435,pass
Llama_3_8B&SVD_SWOW,dominance_mohammad,5592,1,0.6154516802979835,pass
Llama_3_8B&SVD_SWOW,dominance_mohammad,5592,2,0.6200080548571385,pass
Llama_3_8B&SVD_SWOW,dominance_mohammad,5592,3,0.6290289086750127,pass
Llama_3_8B&SVD_SWOW,dominance_mohammad,5592,4,0.5834432827947993,pass
Llama_3_8B&SVD_SWOW,dominance_mohammad,5592,5,0.5665700580409598,pass
Llama_3_8B&SVD_SWOW,humor_engelthaler,2682,1,0.482372973512357,pass
Llama_3_8B&SVD_SWOW,humor_engelthaler,2682,2,0.5076214815052733,pass
Llama_3_8B&SVD_SWOW,humor_engelthaler,2682,3,0.47550607924741417,pass
Llama_3_8B&SVD_SWOW,humor_engelthaler,2682,4,0.4469428807377326,pass
Llama_3_8B&SVD_SWOW,humor_engelthaler,2682,5,0.48084690879873027,pass
Llama_3_8B&SVD_SWOW,anger_mohammad,4946,1,0.41322011019430527,pass
Llama_3_8B&SVD_SWOW,anger_mohammad,4946,2,0.3700295481435052,pass
Llama_3_8B&SVD_SWOW,anger_mohammad,4946,3,0.3553789486398916,pass
Llama_3_8B&SVD_SWOW,anger_mohammad,4946,4,0.30235264454252553,pass
Llama_3_8B&SVD_SWOW,anger_mohammad,4946,5,0.3839024045912688,pass
Llama_3_8B&SVD_SWOW,anticipation_mohammad,4946,1,0.16076892142601407,pass
Llama_3_8B&SVD_SWOW,anticipation_mohammad,4946,2,0.1411468497665166,pass
Llama_3_8B&SVD_SWOW,anticipation_mohammad,4946,3,0.13662440246299234,pass
Llama_3_8B&SVD_SWOW,anticipation_mohammad,4946,4,0.1552075836147746,pass
Llama_3_8B&SVD_SWOW,anticipation_mohammad,4946,5,0.1391315099455641,pass
Llama_3_8B&SVD_SWOW,disgust_mohammad,4946,1,0.3838438019697281,pass
Llama_3_8B&SVD_SWOW,disgust_mohammad,4946,2,0.35895588713927684,pass
Llama_3_8B&SVD_SWOW,disgust_mohammad,4946,3,0.3526484788867298,pass
Llama_3_8B&SVD_SWOW,disgust_mohammad,4946,4,0.40787309071079314,pass
Llama_3_8B&SVD_SWOW,disgust_mohammad,4946,5,0.41866033039464157,pass
Llama_3_8B&SVD_SWOW,fear_mohammad,4946,1,0.35816545177346704,pass
Llama_3_8B&SVD_SWOW,fear_mohammad,4946,2,0.3494987813353876,pass
Llama_3_8B&SVD_SWOW,fear_mohammad,4946,3,0.37255332728388824,pass
Llama_3_8B&SVD_SWOW,fear_mohammad,4946,4,0.3859465460568702,pass
Llama_3_8B&SVD_SWOW,fear_mohammad,4946,5,0.3661668207058766,pass
Llama_3_8B&SVD_SWOW,joy_mohammad,4946,1,0.43098736265646054,pass
Llama_3_8B&SVD_SWOW,joy_mohammad,4946,2,0.2842917856385788,pass
Llama_3_8B&SVD_SWOW,joy_mohammad,4946,3,0.39357696167656386,pass
Llama_3_8B&SVD_SWOW,joy_mohammad,4946,4,0.367341392832772,pass
Llama_3_8B&SVD_SWOW,joy_mohammad,4946,5,0.41245502787936605,pass
Llama_3_8B&SVD_SWOW,negative_emotion_mohammad,4946,1,0.4763585867762057,pass
Llama_3_8B&SVD_SWOW,negative_emotion_mohammad,4946,2,0.5092601412518247,pass
Llama_3_8B&SVD_SWOW,negative_emotion_mohammad,4946,3,0.5056891143575666,pass
Llama_3_8B&SVD_SWOW,negative_emotion_mohammad,4946,4,0.44333553868229714,pass
Llama_3_8B&SVD_SWOW,negative_emotion_mohammad,4946,5,0.4128317563640319,pass
Llama_3_8B&SVD_SWOW,positive_emotion_mohammad,4946,1,0.3224174188703015,pass
Llama_3_8B&SVD_SWOW,positive_emotion_mohammad,4946,2,0.3295100919482711,pass
Llama_3_8B&SVD_SWOW,positive_emotion_mohammad,4946,3,0.35273318565860545,pass
Llama_3_8B&SVD_SWOW,positive_emotion_mohammad,4946,4,0.23033561990278761,pass
Llama_3_8B&SVD_SWOW,positive_emotion_mohammad,4946,5,0.31128119052887315,pass
Llama_3_8B&SVD_SWOW,sadness_mohammad,4946,1,0.4253256939768547,pass
Llama_3_8B&SVD_SWOW,sadness_mohammad,4946,2,0.35769323469862657,pass
Llama_3_8B&SVD_SWOW,sadness_mohammad,4946,3,0.3878117409160685,pass
Llama_3_8B&SVD_SWOW,sadness_mohammad,4946,4,0.36480705258536394,pass
Llama_3_8B&SVD_SWOW,sadness_mohammad,4946,5,0.29118217773384636,pass
Llama_3_8B&SVD_SWOW,surprise_mohammad,4946,1,0.26587118107649144,pass
Llama_3_8B&SVD_SWOW,surprise_mohammad,4946,2,0.175453689643427,pass
Llama_3_8B&SVD_SWOW,surprise_mohammad,4946,3,0.13534507828308429,pass
Llama_3_8B&SVD_SWOW,surprise_mohammad,4946,4,0.14782632633809967,pass
Llama_3_8B&SVD_SWOW,surprise_mohammad,4946,5,0.12383156312365329,pass
Llama_3_8B&SVD_SWOW,trust_mohammad,4946,1,0.2728884389101356,pass
Llama_3_8B&SVD_SWOW,trust_mohammad,4946,2,0.24334472039486,pass
Llama_3_8B&SVD_SWOW,trust_mohammad,4946,3,0.2069409611390267,pass
Llama_3_8B&SVD_SWOW,trust_mohammad,4946,4,0.23549418653555632,pass
Llama_3_8B&SVD_SWOW,trust_mohammad,4946,5,0.2647433626771648,pass
Llama_3_8B&SVD_SWOW,semantic_diversity_hoffman,5580,1,0.6353058625492146,pass
Llama_3_8B&SVD_SWOW,semantic_diversity_hoffman,5580,2,0.6078786226177799,pass
Llama_3_8B&SVD_SWOW,semantic_diversity_hoffman,5580,3,0.5854749420995807,pass
Llama_3_8B&SVD_SWOW,semantic_diversity_hoffman,5580,4,0.6149291029234221,pass
Llama_3_8B&SVD_SWOW,semantic_diversity_hoffman,5580,5,0.6073389009854311,pass
Llama_3_8B&SVD_SWOW,n_semantic_neighbors_shaoul,5828,1,0.5708849469343742,pass
Llama_3_8B&SVD_SWOW,n_semantic_neighbors_shaoul,5828,2,0.6035999780972401,pass
Llama_3_8B&SVD_SWOW,n_semantic_neighbors_shaoul,5828,3,0.6033218861224291,pass
Llama_3_8B&SVD_SWOW,n_semantic_neighbors_shaoul,5828,4,0.623616162897463,pass
Llama_3_8B&SVD_SWOW,n_semantic_neighbors_shaoul,5828,5,0.6162227540924252,pass
Llama_3_8B&SVD_SWOW,distance_semantic_neighbors_shaoul,5828,1,0.7345696611133801,pass
Llama_3_8B&SVD_SWOW,distance_semantic_neighbors_shaoul,5828,2,0.7642518947731808,pass
Llama_3_8B&SVD_SWOW,distance_semantic_neighbors_shaoul,5828,3,0.7571434901348394,pass
Llama_3_8B&SVD_SWOW,distance_semantic_neighbors_shaoul,5828,4,0.750621548648112,pass
Llama_3_8B&SVD_SWOW,distance_semantic_neighbors_shaoul,5828,5,0.7937138152769063,pass
Llama_3_8B&SVD_SWOW,association_frequency_dedeyne,5791,1,0.5290261661211686,pass
Llama_3_8B&SVD_SWOW,association_frequency_dedeyne,5791,2,0.5443443710844543,pass
Llama_3_8B&SVD_SWOW,association_frequency_dedeyne,5791,3,0.5489912703672031,pass
Llama_3_8B&SVD_SWOW,association_frequency_dedeyne,5791,4,0.5274888487886484,pass
Llama_3_8B&SVD_SWOW,association_frequency_dedeyne,5791,5,0.5742362366817374,pass
Llama_3_8B&SVD_SWOW,cue_setsize_nelson,3287,1,0.10922722739559032,pass
Llama_3_8B&SVD_SWOW,cue_setsize_nelson,3287,2,0.13331924574072296,pass
Llama_3_8B&SVD_SWOW,cue_setsize_nelson,3287,3,0.15829570469464838,pass
Llama_3_8B&SVD_SWOW,cue_setsize_nelson,3287,4,0.16122343772768521,pass
Llama_3_8B&SVD_SWOW,cue_setsize_nelson,3287,5,0.15665980459350737,pass
Llama_3_8B&SVD_SWOW,cue_connectedness_nelson,3287,1,0.18054282593275295,pass
Llama_3_8B&SVD_SWOW,cue_connectedness_nelson,3287,2,0.13813117916283413,pass
Llama_3_8B&SVD_SWOW,cue_connectedness_nelson,3287,3,0.17578608889572067,pass
Llama_3_8B&SVD_SWOW,cue_connectedness_nelson,3287,4,0.15388997916135894,pass
Llama_3_8B&SVD_SWOW,cue_connectedness_nelson,3287,5,0.21995489331728346,pass
Llama_3_8B&SVD_SWOW,cue_probability_nelson,3287,1,0.2711901403993412,pass
Llama_3_8B&SVD_SWOW,cue_probability_nelson,3287,2,0.32512428873130195,pass
Llama_3_8B&SVD_SWOW,cue_probability_nelson,3287,3,0.3135021755923154,pass
Llama_3_8B&SVD_SWOW,cue_probability_nelson,3287,4,0.2799580968369272,pass
Llama_3_8B&SVD_SWOW,cue_probability_nelson,3287,5,0.2801108805281649,pass
Llama_3_8B&SVD_SWOW,cue_resonance_strength_nelson,3287,1,0.28904410953763837,pass
Llama_3_8B&SVD_SWOW,cue_resonance_strength_nelson,3287,2,0.333685049350266,pass
Llama_3_8B&SVD_SWOW,cue_resonance_strength_nelson,3287,3,0.2778005295242091,pass
Llama_3_8B&SVD_SWOW,cue_resonance_strength_nelson,3287,4,0.22385342739190284,pass
Llama_3_8B&SVD_SWOW,cue_resonance_strength_nelson,3287,5,0.2946590222268265,pass
Llama_3_8B&SVD_SWOW,visual_lexical_rt_balota,5803,1,0.4045556709875727,pass
Llama_3_8B&SVD_SWOW,visual_lexical_rt_balota,5803,2,0.41547432164103326,pass
Llama_3_8B&SVD_SWOW,visual_lexical_rt_balota,5803,3,0.4341322785985531,pass
Llama_3_8B&SVD_SWOW,visual_lexical_rt_balota,5803,4,0.4107829232860817,pass
Llama_3_8B&SVD_SWOW,visual_lexical_rt_balota,5803,5,0.4115910160634272,pass
Llama_3_8B&SVD_SWOW,visual_lexical_rt_mandera,5845,1,0.3767266938458351,pass
Llama_3_8B&SVD_SWOW,visual_lexical_rt_mandera,5845,2,0.40822022791058676,pass
Llama_3_8B&SVD_SWOW,visual_lexical_rt_mandera,5845,3,0.3889286433321941,pass
Llama_3_8B&SVD_SWOW,visual_lexical_rt_mandera,5845,4,0.39433693349210697,pass
Llama_3_8B&SVD_SWOW,visual_lexical_rt_mandera,5845,5,0.38502699588943523,pass
Llama_3_8B&SVD_SWOW,visual_lexical_rt_keuleers,4422,1,0.39788003800085414,pass
Llama_3_8B&SVD_SWOW,visual_lexical_rt_keuleers,4422,2,0.44070787637898146,pass
Llama_3_8B&SVD_SWOW,visual_lexical_rt_keuleers,4422,3,0.4675031755916016,pass
Llama_3_8B&SVD_SWOW,visual_lexical_rt_keuleers,4422,4,0.4610700464062043,pass
Llama_3_8B&SVD_SWOW,visual_lexical_rt_keuleers,4422,5,0.442912194008773,pass
Llama_3_8B&SVD_SWOW,visual_lexical_accuracy_balota,5803,1,0.2687922552971581,pass
Llama_3_8B&SVD_SWOW,visual_lexical_accuracy_balota,5803,2,0.28847126660786127,pass
Llama_3_8B&SVD_SWOW,visual_lexical_accuracy_balota,5803,3,0.2975972070520463,pass
Llama_3_8B&SVD_SWOW,visual_lexical_accuracy_balota,5803,4,0.30018465535258665,pass
Llama_3_8B&SVD_SWOW,visual_lexical_accuracy_balota,5803,5,0.2611706469034242,pass
Llama_3_8B&SVD_SWOW,visual_lexical_accuracy_mandera,5845,1,0.2450517395819154,pass
Llama_3_8B&SVD_SWOW,visual_lexical_accuracy_mandera,5845,2,0.3067976271454985,pass
Llama_3_8B&SVD_SWOW,visual_lexical_accuracy_mandera,5845,3,0.28813950486167816,pass
Llama_3_8B&SVD_SWOW,visual_lexical_accuracy_mandera,5845,4,0.2870539391450989,pass
Llama_3_8B&SVD_SWOW,visual_lexical_accuracy_mandera,5845,5,0.2827309393266231,pass
Llama_3_8B&SVD_SWOW,visual_lexical_accuracy_keuleers,4422,1,0.21753954516344098,pass
Llama_3_8B&SVD_SWOW,visual_lexical_accuracy_keuleers,4422,2,0.25213543330871113,pass
Llama_3_8B&SVD_SWOW,visual_lexical_accuracy_keuleers,4422,3,0.29729489780864427,pass
Llama_3_8B&SVD_SWOW,visual_lexical_accuracy_keuleers,4422,4,0.28206346910205493,pass
Llama_3_8B&SVD_SWOW,visual_lexical_accuracy_keuleers,4422,5,0.3032061516264142,pass
Llama_3_8B&SVD_SWOW,auditory_lexical_rt_tucker,5133,1,0.043312545385402634,pass
Llama_3_8B&SVD_SWOW,auditory_lexical_rt_tucker,5133,2,0.05552547925412532,pass
Llama_3_8B&SVD_SWOW,auditory_lexical_rt_tucker,5133,3,0.01966723491115252,pass
Llama_3_8B&SVD_SWOW,auditory_lexical_rt_tucker,5133,4,0.030505940160497236,pass
Llama_3_8B&SVD_SWOW,auditory_lexical_rt_tucker,5133,5,-0.009209710707656527,pass
Llama_3_8B&SVD_SWOW,auditory_lexical_rt_goh,4544,1,0.18242150466087292,pass
Llama_3_8B&SVD_SWOW,auditory_lexical_rt_goh,4544,2,0.2436212612806279,pass
Llama_3_8B&SVD_SWOW,auditory_lexical_rt_goh,4544,3,0.2050224800575723,pass
Llama_3_8B&SVD_SWOW,auditory_lexical_rt_goh,4544,4,0.22499515458701924,pass
Llama_3_8B&SVD_SWOW,auditory_lexical_rt_goh,4544,5,0.21270757900574122,pass
Llama_3_8B&SVD_SWOW,auditory_lexical_accuracy_tucker,5140,1,0.03208727810562495,pass
Llama_3_8B&SVD_SWOW,auditory_lexical_accuracy_tucker,5140,2,0.02982250847400858,pass
Llama_3_8B&SVD_SWOW,auditory_lexical_accuracy_tucker,5140,3,0.026366907144744434,pass
Llama_3_8B&SVD_SWOW,auditory_lexical_accuracy_tucker,5140,4,0.026919382528129976,pass
Llama_3_8B&SVD_SWOW,auditory_lexical_accuracy_tucker,5140,5,0.029427504569229712,pass
Llama_3_8B&SVD_SWOW,auditory_lexical_accuracy_goh,4544,1,0.22048231529971107,pass
Llama_3_8B&SVD_SWOW,auditory_lexical_accuracy_goh,4544,2,0.25302954228639596,pass
Llama_3_8B&SVD_SWOW,auditory_lexical_accuracy_goh,4544,3,0.2681214552227136,pass
Llama_3_8B&SVD_SWOW,auditory_lexical_accuracy_goh,4544,4,0.26414527176572544,pass
Llama_3_8B&SVD_SWOW,auditory_lexical_accuracy_goh,4544,5,0.28716727957033705,pass
Llama_3_8B&SVD_SWOW,naming_rt_balota,5803,1,0.36034714911966015,pass
Llama_3_8B&SVD_SWOW,naming_rt_balota,5803,2,0.34956248785902355,pass
Llama_3_8B&SVD_SWOW,naming_rt_balota,5803,3,0.33784834661747043,pass
Llama_3_8B&SVD_SWOW,naming_rt_balota,5803,4,0.3433618099566641,pass
Llama_3_8B&SVD_SWOW,naming_rt_balota,5803,5,0.19500483366212773,pass
Llama_3_8B&SVD_SWOW,naming_accuracy_balota,5803,1,0.07918363042168752,pass
Llama_3_8B&SVD_SWOW,naming_accuracy_balota,5803,2,0.0641571042243414,pass
Llama_3_8B&SVD_SWOW,naming_accuracy_balota,5803,3,0.07206814255503924,pass
Llama_3_8B&SVD_SWOW,naming_accuracy_balota,5803,4,0.07937234973168461,pass
Llama_3_8B&SVD_SWOW,naming_accuracy_balota,5803,5,0.00516886941790895,pass
Llama_3_8B&SVD_SWOW,concreteness_rt_pexman,2364,1,0.39239162949743034,pass
Llama_3_8B&SVD_SWOW,concreteness_rt_pexman,2364,2,0.347591560952884,pass
Llama_3_8B&SVD_SWOW,concreteness_rt_pexman,2364,3,0.3306415690356632,pass
Llama_3_8B&SVD_SWOW,concreteness_rt_pexman,2364,4,0.3763451992158984,pass
Llama_3_8B&SVD_SWOW,concreteness_rt_pexman,2364,5,0.39024681350520596,pass
Llama_3_8B&SVD_SWOW,concreteness_accuracy_pexman,2365,1,0.16049357550257914,pass
Llama_3_8B&SVD_SWOW,concreteness_accuracy_pexman,2365,2,0.1431985437878871,pass
Llama_3_8B&SVD_SWOW,concreteness_accuracy_pexman,2365,3,0.1962051417768843,pass
Llama_3_8B&SVD_SWOW,concreteness_accuracy_pexman,2365,4,0.18250080536705182,pass
Llama_3_8B&SVD_SWOW,concreteness_accuracy_pexman,2365,5,0.182389966323678,pass
Llama_3_8B&SVD_SWOW,recognition_memory_accuracy_cortese,3278,1,0.48241601647828547,pass
Llama_3_8B&SVD_SWOW,recognition_memory_accuracy_cortese,3278,2,0.42139574731600316,pass
Llama_3_8B&SVD_SWOW,recognition_memory_accuracy_cortese,3278,3,0.4385529232993466,pass
Llama_3_8B&SVD_SWOW,recognition_memory_accuracy_cortese,3278,4,0.4678897178174869,pass
Llama_3_8B&SVD_SWOW,recognition_memory_accuracy_cortese,3278,5,0.37725818071503747,pass
Llama_3_8B&SVD_SWOW,vision_binder,342,1,0.7344686205068126,pass
Llama_3_8B&SVD_SWOW,vision_binder,342,2,0.7366185669409057,pass
Llama_3_8B&SVD_SWOW,vision_binder,342,3,0.7455876955257252,pass
Llama_3_8B&SVD_SWOW,vision_binder,342,4,0.6828232684993042,pass
Llama_3_8B&SVD_SWOW,vision_binder,342,5,0.7225109060390422,pass
Llama_3_8B&SVD_SWOW,bright_binder,342,1,0.34303986946098153,pass
Llama_3_8B&SVD_SWOW,bright_binder,342,2,0.5228349344780416,pass
Llama_3_8B&SVD_SWOW,bright_binder,342,3,0.5703917815255783,pass
Llama_3_8B&SVD_SWOW,bright_binder,342,4,0.5166980996969828,pass
Llama_3_8B&SVD_SWOW,bright_binder,342,5,0.5509248834237341,pass
Llama_3_8B&SVD_SWOW,dark_binder,342,1,0.2080963048232909,pass
Llama_3_8B&SVD_SWOW,dark_binder,342,2,0.4443377635907151,pass
Llama_3_8B&SVD_SWOW,dark_binder,342,3,0.09181385551024701,pass
Llama_3_8B&SVD_SWOW,dark_binder,342,4,0.4000487060673066,pass
Llama_3_8B&SVD_SWOW,dark_binder,342,5,0.2896067656441661,pass
Llama_3_8B&SVD_SWOW,color_binder,342,1,0.7495874678844119,pass
Llama_3_8B&SVD_SWOW,color_binder,342,2,0.6283161860523382,pass
Llama_3_8B&SVD_SWOW,color_binder,342,3,0.7127720590344948,pass
Llama_3_8B&SVD_SWOW,color_binder,342,4,0.7669644180195252,pass
Llama_3_8B&SVD_SWOW,color_binder,342,5,0.753877123015089,pass
Llama_3_8B&SVD_SWOW,pattern_binder,342,1,0.61972934777402,pass
Llama_3_8B&SVD_SWOW,pattern_binder,342,2,0.7057650340127641,pass
Llama_3_8B&SVD_SWOW,pattern_binder,342,3,0.6692815285362734,pass
Llama_3_8B&SVD_SWOW,pattern_binder,342,4,0.715198967950349,pass
Llama_3_8B&SVD_SWOW,pattern_binder,342,5,0.7103299201491634,pass
Llama_3_8B&SVD_SWOW,large_binder,342,1,0.7131157503974598,pass
Llama_3_8B&SVD_SWOW,large_binder,342,2,0.6377151896495136,pass
Llama_3_8B&SVD_SWOW,large_binder,342,3,0.7083673457286047,pass
Llama_3_8B&SVD_SWOW,large_binder,342,4,0.5696792299703826,pass
Llama_3_8B&SVD_SWOW,large_binder,342,5,0.6972858996675704,pass
Llama_3_8B&SVD_SWOW,small_binder,342,1,0.5790945658556101,pass
Llama_3_8B&SVD_SWOW,small_binder,342,2,0.6257026687496319,pass
Llama_3_8B&SVD_SWOW,small_binder,342,3,0.5895094389450521,pass
Llama_3_8B&SVD_SWOW,small_binder,342,4,0.6103791930020004,pass
Llama_3_8B&SVD_SWOW,small_binder,342,5,0.45820395097507827,pass
Llama_3_8B&SVD_SWOW,motion_binder,342,1,0.6963196519503846,pass
Llama_3_8B&SVD_SWOW,motion_binder,342,2,0.7049419912835138,pass
Llama_3_8B&SVD_SWOW,motion_binder,342,3,0.753765257287766,pass
Llama_3_8B&SVD_SWOW,motion_binder,342,4,0.717263504837212,pass
Llama_3_8B&SVD_SWOW,motion_binder,342,5,0.6921661870405164,pass
Llama_3_8B&SVD_SWOW,biomotion_binder,342,1,0.7865836804197724,pass
Llama_3_8B&SVD_SWOW,biomotion_binder,342,2,0.7873619213416141,pass
Llama_3_8B&SVD_SWOW,biomotion_binder,342,3,0.798250581203532,pass
Llama_3_8B&SVD_SWOW,biomotion_binder,342,4,0.7636307601721165,pass
Llama_3_8B&SVD_SWOW,biomotion_binder,342,5,0.7307885467202326,pass
Llama_3_8B&SVD_SWOW,fast_binder,342,1,0.7297285844925743,pass
Llama_3_8B&SVD_SWOW,fast_binder,342,2,0.6870157826468708,pass
Llama_3_8B&SVD_SWOW,fast_binder,342,3,0.7533464511582751,pass
Llama_3_8B&SVD_SWOW,fast_binder,342,4,0.7269037016962396,pass
Llama_3_8B&SVD_SWOW,fast_binder,342,5,0.5095419382668198,pass
Llama_3_8B&SVD_SWOW,slow_binder,342,1,0.41462574589835266,pass
Llama_3_8B&SVD_SWOW,slow_binder,342,2,0.3540377612588288,pass
Llama_3_8B&SVD_SWOW,slow_binder,342,3,0.29505896148881805,pass
Llama_3_8B&SVD_SWOW,slow_binder,342,4,0.4258219594066667,pass
Llama_3_8B&SVD_SWOW,slow_binder,342,5,0.4223837065135152,pass
Llama_3_8B&SVD_SWOW,shape_binder,342,1,0.7251856085690869,pass
Llama_3_8B&SVD_SWOW,shape_binder,342,2,0.7809126561785651,pass
Llama_3_8B&SVD_SWOW,shape_binder,342,3,0.6918870141300615,pass
Llama_3_8B&SVD_SWOW,shape_binder,342,4,0.7581159558581786,pass
Llama_3_8B&SVD_SWOW,shape_binder,342,5,0.7305210258751603,pass
Llama_3_8B&SVD_SWOW,complexity_binder,300,1,0.6478139927327491,pass
Llama_3_8B&SVD_SWOW,complexity_binder,300,2,0.6720486180941099,pass
Llama_3_8B&SVD_SWOW,complexity_binder,300,3,0.7030481875712071,pass
Llama_3_8B&SVD_SWOW,complexity_binder,300,4,0.6633681905921142,pass
Llama_3_8B&SVD_SWOW,complexity_binder,300,5,0.6753453119914703,pass
Llama_3_8B&SVD_SWOW,face_binder,342,1,0.8213251775424433,pass
Llama_3_8B&SVD_SWOW,face_binder,342,2,0.7465465307854602,pass
Llama_3_8B&SVD_SWOW,face_binder,342,3,0.8024051544636044,pass
Llama_3_8B&SVD_SWOW,face_binder,342,4,0.7719762983403222,pass
Llama_3_8B&SVD_SWOW,face_binder,342,5,0.7261678220816898,pass
Llama_3_8B&SVD_SWOW,body_binder,342,1,0.7574199574383921,pass
Llama_3_8B&SVD_SWOW,body_binder,342,2,0.7464997745483519,pass
Llama_3_8B&SVD_SWOW,body_binder,342,3,0.7905826172817355,pass
Llama_3_8B&SVD_SWOW,body_binder,342,4,0.7364007345987069,pass
Llama_3_8B&SVD_SWOW,body_binder,342,5,0.6872116617070537,pass
Llama_3_8B&SVD_SWOW,touch_binder,342,1,0.6527119597253461,pass
Llama_3_8B&SVD_SWOW,touch_binder,342,2,0.6779703941130801,pass
Llama_3_8B&SVD_SWOW,touch_binder,342,3,0.6613909905911577,pass
Llama_3_8B&SVD_SWOW,touch_binder,342,4,0.7293849413115456,pass
Llama_3_8B&SVD_SWOW,touch_binder,342,5,0.6779164113037772,pass
Llama_3_8B&SVD_SWOW,temperature_binder,342,1,0.6279487989947494,pass
Llama_3_8B&SVD_SWOW,temperature_binder,342,2,0.4621084948773163,pass
Llama_3_8B&SVD_SWOW,temperature_binder,342,3,0.64642681609362,pass
Llama_3_8B&SVD_SWOW,temperature_binder,342,4,0.696922622042957,pass
Llama_3_8B&SVD_SWOW,temperature_binder,342,5,0.5723461643447031,pass
Llama_3_8B&SVD_SWOW,texture_binder,342,1,0.6548664443325636,pass
Llama_3_8B&SVD_SWOW,texture_binder,342,2,0.7638437859397097,pass
Llama_3_8B&SVD_SWOW,texture_binder,342,3,0.6333408978315028,pass
Llama_3_8B&SVD_SWOW,texture_binder,342,4,0.7683701018463733,pass
Llama_3_8B&SVD_SWOW,texture_binder,342,5,0.6855475023242763,pass
Llama_3_8B&SVD_SWOW,weight_binder,342,1,0.6868783242887851,pass
Llama_3_8B&SVD_SWOW,weight_binder,342,2,0.6339832997788335,pass
Llama_3_8B&SVD_SWOW,weight_binder,342,3,0.5521457347042957,pass
Llama_3_8B&SVD_SWOW,weight_binder,342,4,0.5648536297866051,pass
Llama_3_8B&SVD_SWOW,weight_binder,342,5,0.6822901808544783,pass
Llama_3_8B&SVD_SWOW,pain_binder,342,1,0.5854239995626618,pass
Llama_3_8B&SVD_SWOW,pain_binder,342,2,0.7157443511609902,pass
Llama_3_8B&SVD_SWOW,pain_binder,342,3,0.4862067893283414,pass
Llama_3_8B&SVD_SWOW,pain_binder,342,4,0.6641499548121466,pass
Llama_3_8B&SVD_SWOW,pain_binder,342,5,0.6450437319342677,pass
Llama_3_8B&SVD_SWOW,audition_binder,342,1,0.6647980919115878,pass
Llama_3_8B&SVD_SWOW,audition_binder,342,2,0.6256412317861937,pass
Llama_3_8B&SVD_SWOW,audition_binder,342,3,0.6564949051528146,pass
Llama_3_8B&SVD_SWOW,audition_binder,342,4,0.6861952013852128,pass
Llama_3_8B&SVD_SWOW,audition_binder,342,5,0.7085522953261194,pass
Llama_3_8B&SVD_SWOW,loud_binder,342,1,0.6487097890384521,pass
Llama_3_8B&SVD_SWOW,loud_binder,342,2,0.6503191024117129,pass
Llama_3_8B&SVD_SWOW,loud_binder,342,3,0.6904648428625213,pass
Llama_3_8B&SVD_SWOW,loud_binder,342,4,0.7140854485957777,pass
Llama_3_8B&SVD_SWOW,loud_binder,342,5,0.7898187909965164,pass
Llama_3_8B&SVD_SWOW,low_binder,342,1,0.6454906980079931,pass
Llama_3_8B&SVD_SWOW,low_binder,342,2,0.5726588571730723,pass
Llama_3_8B&SVD_SWOW,low_binder,342,3,0.4873437644279096,pass
Llama_3_8B&SVD_SWOW,low_binder,342,4,0.619786470647294,pass
Llama_3_8B&SVD_SWOW,low_binder,342,5,0.6084908474635498,pass
Llama_3_8B&SVD_SWOW,high_binder,342,1,0.5868741974687903,pass
Llama_3_8B&SVD_SWOW,high_binder,342,2,0.562974552568726,pass
Llama_3_8B&SVD_SWOW,high_binder,342,3,0.7195501082882649,pass
Llama_3_8B&SVD_SWOW,high_binder,342,4,0.7261849374261504,pass
Llama_3_8B&SVD_SWOW,high_binder,342,5,0.6721341175988025,pass
Llama_3_8B&SVD_SWOW,sound_binder,342,1,0.6652750490656201,pass
Llama_3_8B&SVD_SWOW,sound_binder,342,2,0.6666508678217902,pass
Llama_3_8B&SVD_SWOW,sound_binder,342,3,0.6414010226559975,pass
Llama_3_8B&SVD_SWOW,sound_binder,342,4,0.6661651703008635,pass
Llama_3_8B&SVD_SWOW,sound_binder,342,5,0.7353117703974197,pass
Llama_3_8B&SVD_SWOW,music_binder,342,1,0.7576264767314963,pass
Llama_3_8B&SVD_SWOW,music_binder,342,2,0.7511620754974988,pass
Llama_3_8B&SVD_SWOW,music_binder,342,3,0.5690632740667108,pass
Llama_3_8B&SVD_SWOW,music_binder,342,4,0.7519846664833384,pass
Llama_3_8B&SVD_SWOW,music_binder,342,5,0.8318432947489385,pass
Llama_3_8B&SVD_SWOW,speech_binder,342,1,0.7727767628627813,pass
Llama_3_8B&SVD_SWOW,speech_binder,342,2,0.7330730989813607,pass
Llama_3_8B&SVD_SWOW,speech_binder,342,3,0.790666278415057,pass
Llama_3_8B&SVD_SWOW,speech_binder,342,4,0.7265993176081613,pass
Llama_3_8B&SVD_SWOW,speech_binder,342,5,0.6470055169248154,pass
Llama_3_8B&SVD_SWOW,taste_binder,342,1,0.8994526398772638,pass
Llama_3_8B&SVD_SWOW,taste_binder,342,2,0.7597916180379499,pass
Llama_3_8B&SVD_SWOW,taste_binder,342,3,0.6753177276998661,pass
Llama_3_8B&SVD_SWOW,taste_binder,342,4,0.8226456870521865,pass
Llama_3_8B&SVD_SWOW,taste_binder,342,5,0.6494748307632616,pass
Llama_3_8B&SVD_SWOW,smell_binder,342,1,0.7743884091589426,pass
Llama_3_8B&SVD_SWOW,smell_binder,342,2,0.6496591542130433,pass
Llama_3_8B&SVD_SWOW,smell_binder,342,3,0.5693395337027782,pass
Llama_3_8B&SVD_SWOW,smell_binder,342,4,0.7449783191957574,pass
Llama_3_8B&SVD_SWOW,smell_binder,342,5,0.5899079296544152,pass
Llama_3_8B&SVD_SWOW,head_binder,342,1,0.6746411458455317,pass
Llama_3_8B&SVD_SWOW,head_binder,342,2,0.6624820944313836,pass
Llama_3_8B&SVD_SWOW,head_binder,342,3,0.5919752524688721,pass
Llama_3_8B&SVD_SWOW,head_binder,342,4,0.6049477458038945,pass
Llama_3_8B&SVD_SWOW,head_binder,342,5,0.7036434863667,pass
Llama_3_8B&SVD_SWOW,upper_limb_binder,342,1,0.4816110877173607,pass
Llama_3_8B&SVD_SWOW,upper_limb_binder,342,2,0.6266197194100926,pass
Llama_3_8B&SVD_SWOW,upper_limb_binder,342,3,0.4430143359959048,pass
Llama_3_8B&SVD_SWOW,upper_limb_binder,342,4,0.5990414948013023,pass
Llama_3_8B&SVD_SWOW,upper_limb_binder,342,5,0.5992336610873288,pass
Llama_3_8B&SVD_SWOW,lower_limb_binder,342,1,0.4807185408664305,pass
Llama_3_8B&SVD_SWOW,lower_limb_binder,342,2,0.5122924506972171,pass
Llama_3_8B&SVD_SWOW,lower_limb_binder,342,3,0.42286889270001715,pass
Llama_3_8B&SVD_SWOW,lower_limb_binder,342,4,0.47890675807942806,pass
Llama_3_8B&SVD_SWOW,lower_limb_binder,342,5,0.5475886883337086,pass
Llama_3_8B&SVD_SWOW,practice_binder,314,1,0.7401600483242237,pass
Llama_3_8B&SVD_SWOW,practice_binder,314,2,0.7322782369277816,pass
Llama_3_8B&SVD_SWOW,practice_binder,314,3,0.7052893008509007,pass
Llama_3_8B&SVD_SWOW,practice_binder,314,4,0.7339537920145409,pass
Llama_3_8B&SVD_SWOW,practice_binder,314,5,0.6817864364546824,pass
Llama_3_8B&SVD_SWOW,landmark_binder,342,1,0.8076674509486512,pass
Llama_3_8B&SVD_SWOW,landmark_binder,342,2,0.6499869621750518,pass
Llama_3_8B&SVD_SWOW,landmark_binder,342,3,0.7796698026539133,pass
Llama_3_8B&SVD_SWOW,landmark_binder,342,4,0.7349575663809873,pass
Llama_3_8B&SVD_SWOW,landmark_binder,342,5,0.7039792612173605,pass
Llama_3_8B&SVD_SWOW,path_binder,342,1,0.685813974634315,pass
Llama_3_8B&SVD_SWOW,path_binder,342,2,0.7343626452073844,pass
Llama_3_8B&SVD_SWOW,path_binder,342,3,0.530124486190055,pass
Llama_3_8B&SVD_SWOW,path_binder,342,4,0.7250058992483592,pass
Llama_3_8B&SVD_SWOW,path_binder,342,5,0.7237833874066364,pass
Llama_3_8B&SVD_SWOW,scene_binder,342,1,0.6700638806827631,pass
Llama_3_8B&SVD_SWOW,scene_binder,342,2,0.6881958669462239,pass
Llama_3_8B&SVD_SWOW,scene_binder,342,3,0.7502734686199277,pass
Llama_3_8B&SVD_SWOW,scene_binder,342,4,0.6851869744785675,pass
Llama_3_8B&SVD_SWOW,scene_binder,342,5,0.7162080100624464,pass
Llama_3_8B&SVD_SWOW,near_binder,342,1,0.6096749374251416,pass
Llama_3_8B&SVD_SWOW,near_binder,342,2,0.6633031657929251,pass
Llama_3_8B&SVD_SWOW,near_binder,342,3,0.6846282127440239,pass
Llama_3_8B&SVD_SWOW,near_binder,342,4,0.5385067210808681,pass
Llama_3_8B&SVD_SWOW,near_binder,342,5,0.6038888838995782,pass
Llama_3_8B&SVD_SWOW,toward_binder,342,1,0.545351128038077,pass
Llama_3_8B&SVD_SWOW,toward_binder,342,2,0.44324307180714884,pass
Llama_3_8B&SVD_SWOW,toward_binder,342,3,0.4439119261330534,pass
Llama_3_8B&SVD_SWOW,toward_binder,342,4,0.46649463857238216,pass
Llama_3_8B&SVD_SWOW,toward_binder,342,5,0.48273511068962016,pass
Llama_3_8B&SVD_SWOW,away_binder,342,1,0.4902633603219271,pass
Llama_3_8B&SVD_SWOW,away_binder,342,2,0.4860368679756998,pass
Llama_3_8B&SVD_SWOW,away_binder,342,3,0.3254300544315628,pass
Llama_3_8B&SVD_SWOW,away_binder,342,4,0.6154554383213262,pass
Llama_3_8B&SVD_SWOW,away_binder,342,5,0.44685162292958447,pass
Llama_3_8B&SVD_SWOW,number_binder,342,1,0.21195520035187854,pass
Llama_3_8B&SVD_SWOW,number_binder,342,2,0.5938729656932811,pass
Llama_3_8B&SVD_SWOW,number_binder,342,3,0.43063788341771525,pass
Llama_3_8B&SVD_SWOW,number_binder,342,4,0.5121030207889694,pass
Llama_3_8B&SVD_SWOW,number_binder,342,5,0.5994280697076869,pass
Llama_3_8B&SVD_SWOW,time_binder,342,1,0.27284264843966843,pass
Llama_3_8B&SVD_SWOW,time_binder,342,2,0.7906199473029795,pass
Llama_3_8B&SVD_SWOW,time_binder,342,3,0.5884064743728463,pass
Llama_3_8B&SVD_SWOW,time_binder,342,4,0.6279893536381764,pass
Llama_3_8B&SVD_SWOW,time_binder,342,5,0.6622587359233414,pass
Llama_3_8B&SVD_SWOW,duration_binder,342,1,0.3742741781647285,pass
Llama_3_8B&SVD_SWOW,duration_binder,342,2,0.6087669901551843,pass
Llama_3_8B&SVD_SWOW,duration_binder,342,3,0.46840001518920005,pass
Llama_3_8B&SVD_SWOW,duration_binder,342,4,0.43634838372396434,pass
Llama_3_8B&SVD_SWOW,duration_binder,342,5,0.6059775631857345,pass
Llama_3_8B&SVD_SWOW,long_binder,342,1,0.42771655771768735,pass
Llama_3_8B&SVD_SWOW,long_binder,342,2,0.4604938840791096,pass
Llama_3_8B&SVD_SWOW,long_binder,342,3,0.4481399647989217,pass
Llama_3_8B&SVD_SWOW,long_binder,342,4,0.4258452095838311,pass
Llama_3_8B&SVD_SWOW,long_binder,342,5,0.5211215857890441,pass
Llama_3_8B&SVD_SWOW,short_binder,342,1,0.588776885080994,pass
Llama_3_8B&SVD_SWOW,short_binder,342,2,0.6135772408471691,pass
Llama_3_8B&SVD_SWOW,short_binder,342,3,0.48249955264137956,pass
Llama_3_8B&SVD_SWOW,short_binder,342,4,0.550962741383637,pass
Llama_3_8B&SVD_SWOW,short_binder,342,5,0.5802951137368836,pass
Llama_3_8B&SVD_SWOW,caused_binder,314,1,0.7036342302609817,pass
Llama_3_8B&SVD_SWOW,caused_binder,314,2,0.7381391900690502,pass
Llama_3_8B&SVD_SWOW,caused_binder,314,3,0.7214630511178906,pass
Llama_3_8B&SVD_SWOW,caused_binder,314,4,0.7010769062763877,pass
Llama_3_8B&SVD_SWOW,caused_binder,314,5,0.6800197015838407,pass
Llama_3_8B&SVD_SWOW,consequential_binder,342,1,0.7142741885002196,pass
Llama_3_8B&SVD_SWOW,consequential_binder,342,2,0.772431893344725,pass
Llama_3_8B&SVD_SWOW,consequential_binder,342,3,0.6931933708948343,pass
Llama_3_8B&SVD_SWOW,consequential_binder,342,4,0.7589441375221558,pass
Llama_3_8B&SVD_SWOW,consequential_binder,342,5,0.6987026037459099,pass
Llama_3_8B&SVD_SWOW,social_binder,342,1,0.6169937483438745,pass
Llama_3_8B&SVD_SWOW,social_binder,342,2,0.7132992294131495,pass
Llama_3_8B&SVD_SWOW,social_binder,342,3,0.6513394652056658,pass
Llama_3_8B&SVD_SWOW,social_binder,342,4,0.6873988938983109,pass
Llama_3_8B&SVD_SWOW,social_binder,342,5,0.7499065055207568,pass
Llama_3_8B&SVD_SWOW,human_binder,342,1,0.7776143942423454,pass
Llama_3_8B&SVD_SWOW,human_binder,342,2,0.8170329629624244,pass
Llama_3_8B&SVD_SWOW,human_binder,342,3,0.8729627924557833,pass
Llama_3_8B&SVD_SWOW,human_binder,342,4,0.744126812368478,pass
Llama_3_8B&SVD_SWOW,human_binder,342,5,0.7435250561411759,pass
Llama_3_8B&SVD_SWOW,communication_binder,342,1,0.7082178125880065,pass
Llama_3_8B&SVD_SWOW,communication_binder,342,2,0.6139283246966603,pass
Llama_3_8B&SVD_SWOW,communication_binder,342,3,0.6352869125081912,pass
Llama_3_8B&SVD_SWOW,communication_binder,342,4,0.6246569935525986,pass
Llama_3_8B&SVD_SWOW,communication_binder,342,5,0.7538693079036143,pass
Llama_3_8B&SVD_SWOW,self_binder,342,1,0.4431136185594925,pass
Llama_3_8B&SVD_SWOW,self_binder,342,2,0.5780329711867053,pass
Llama_3_8B&SVD_SWOW,self_binder,342,3,0.653390438938095,pass
Llama_3_8B&SVD_SWOW,self_binder,342,4,0.583845435391423,pass
Llama_3_8B&SVD_SWOW,self_binder,342,5,0.5630714917548475,pass
Llama_3_8B&SVD_SWOW,cognition_binder,342,1,0.7633345767880512,pass
Llama_3_8B&SVD_SWOW,cognition_binder,342,2,0.7570174012173663,pass
Llama_3_8B&SVD_SWOW,cognition_binder,342,3,0.8179147408288195,pass
Llama_3_8B&SVD_SWOW,cognition_binder,342,4,0.7234414634449124,pass
Llama_3_8B&SVD_SWOW,cognition_binder,342,5,0.7181048777344237,pass
Llama_3_8B&SVD_SWOW,benefit_binder,342,1,0.6499819620154366,pass
Llama_3_8B&SVD_SWOW,benefit_binder,342,2,0.6116627280031717,pass
Llama_3_8B&SVD_SWOW,benefit_binder,342,3,0.6674813750490726,pass
Llama_3_8B&SVD_SWOW,benefit_binder,342,4,0.4994768447558102,pass
Llama_3_8B&SVD_SWOW,benefit_binder,342,5,0.5342058650911785,pass
Llama_3_8B&SVD_SWOW,harm_binder,342,1,0.571831309728611,pass
Llama_3_8B&SVD_SWOW,harm_binder,342,2,0.7014129625150607,pass
Llama_3_8B&SVD_SWOW,harm_binder,342,3,0.5312361180439861,pass
Llama_3_8B&SVD_SWOW,harm_binder,342,4,0.6571573526131,pass
Llama_3_8B&SVD_SWOW,harm_binder,342,5,0.568493306201183,pass
Llama_3_8B&SVD_SWOW,pleasant_binder,342,1,0.6515485580444627,pass
Llama_3_8B&SVD_SWOW,pleasant_binder,342,2,0.7123609993663518,pass
Llama_3_8B&SVD_SWOW,pleasant_binder,342,3,0.6749582554991111,pass
Llama_3_8B&SVD_SWOW,pleasant_binder,342,4,0.6531114485097125,pass
Llama_3_8B&SVD_SWOW,pleasant_binder,342,5,0.5541556138685524,pass
Llama_3_8B&SVD_SWOW,unpleasant_binder,342,1,0.6495790683282967,pass
Llama_3_8B&SVD_SWOW,unpleasant_binder,342,2,0.745080479901437,pass
Llama_3_8B&SVD_SWOW,unpleasant_binder,342,3,0.6651310255927299,pass
Llama_3_8B&SVD_SWOW,unpleasant_binder,342,4,0.7092443358610856,pass
Llama_3_8B&SVD_SWOW,unpleasant_binder,342,5,0.6073694116230053,pass
Llama_3_8B&SVD_SWOW,happy_binder,342,1,0.5819284159538765,pass
Llama_3_8B&SVD_SWOW,happy_binder,342,2,0.6664767178548565,pass
Llama_3_8B&SVD_SWOW,happy_binder,342,3,0.6446786929611488,pass
Llama_3_8B&SVD_SWOW,happy_binder,342,4,0.647061634750321,pass
Llama_3_8B&SVD_SWOW,happy_binder,342,5,0.5785907700816032,pass
Llama_3_8B&SVD_SWOW,sad_binder,342,1,0.5144405135758796,pass
Llama_3_8B&SVD_SWOW,sad_binder,342,2,0.6842230825977851,pass
Llama_3_8B&SVD_SWOW,sad_binder,342,3,0.5690005499062987,pass
Llama_3_8B&SVD_SWOW,sad_binder,342,4,0.6877516787219634,pass
Llama_3_8B&SVD_SWOW,sad_binder,342,5,0.6330054270834644,pass
Llama_3_8B&SVD_SWOW,angry_binder,342,1,0.5519833444422213,pass
Llama_3_8B&SVD_SWOW,angry_binder,342,2,0.7430489968222976,pass
Llama_3_8B&SVD_SWOW,angry_binder,342,3,0.5285552302389092,pass
Llama_3_8B&SVD_SWOW,angry_binder,342,4,0.6542067756867835,pass
Llama_3_8B&SVD_SWOW,angry_binder,342,5,0.5732657735799195,pass
Llama_3_8B&SVD_SWOW,disgusted_binder,342,1,0.46146652294722357,pass
Llama_3_8B&SVD_SWOW,disgusted_binder,342,2,0.649213316489651,pass
Llama_3_8B&SVD_SWOW,disgusted_binder,342,3,0.5747344845835702,pass
Llama_3_8B&SVD_SWOW,disgusted_binder,342,4,0.612290610164687,pass
Llama_3_8B&SVD_SWOW,disgusted_binder,342,5,0.41408610333270135,pass
Llama_3_8B&SVD_SWOW,fearful_binder,342,1,0.6328450394436816,pass
Llama_3_8B&SVD_SWOW,fearful_binder,342,2,0.7137992489354045,pass
Llama_3_8B&SVD_SWOW,fearful_binder,342,3,0.4877326916947373,pass
Llama_3_8B&SVD_SWOW,fearful_binder,342,4,0.6458687259549797,pass
Llama_3_8B&SVD_SWOW,fearful_binder,342,5,0.6555976934217742,pass
Llama_3_8B&SVD_SWOW,surprised_binder,342,1,0.6878312990178901,pass
Llama_3_8B&SVD_SWOW,surprised_binder,342,2,0.629183796674943,pass
Llama_3_8B&SVD_SWOW,surprised_binder,342,3,0.5817970778533826,pass
Llama_3_8B&SVD_SWOW,surprised_binder,342,4,0.6009127626237494,pass
Llama_3_8B&SVD_SWOW,surprised_binder,342,5,0.6654061292050415,pass
Llama_3_8B&SVD_SWOW,drive_binder,342,1,0.6381839070987475,pass
Llama_3_8B&SVD_SWOW,drive_binder,342,2,0.48464141371864966,pass
Llama_3_8B&SVD_SWOW,drive_binder,342,3,0.6202606339800428,pass
Llama_3_8B&SVD_SWOW,drive_binder,342,4,0.6084586230762892,pass
Llama_3_8B&SVD_SWOW,drive_binder,342,5,0.6850683981517871,pass
Llama_3_8B&SVD_SWOW,needs_binder,342,1,0.4852858583264159,pass
Llama_3_8B&SVD_SWOW,needs_binder,342,2,0.5784140003390763,pass
Llama_3_8B&SVD_SWOW,needs_binder,342,3,0.6115045343542589,pass
Llama_3_8B&SVD_SWOW,needs_binder,342,4,0.47054709985359155,pass
Llama_3_8B&SVD_SWOW,needs_binder,342,5,0.47887351163624936,pass
Llama_3_8B&SVD_SWOW,attention_binder,342,1,0.6739652390315836,pass
Llama_3_8B&SVD_SWOW,attention_binder,342,2,0.5762809451307437,pass
Llama_3_8B&SVD_SWOW,attention_binder,342,3,0.5541361749842596,pass
Llama_3_8B&SVD_SWOW,attention_binder,342,4,0.7172135327857848,pass
Llama_3_8B&SVD_SWOW,attention_binder,342,5,0.702674546805653,pass
Llama_3_8B&SVD_SWOW,arousal_binder,342,1,0.6130974950283468,pass
Llama_3_8B&SVD_SWOW,arousal_binder,342,2,0.6466043209261383,pass
Llama_3_8B&SVD_SWOW,arousal_binder,342,3,0.6562984682217237,pass
Llama_3_8B&SVD_SWOW,arousal_binder,342,4,0.7060396565537006,pass
Llama_3_8B&SVD_SWOW,arousal_binder,342,5,0.598576052479017,pass
Llama_3_8B&SVD_SWOW,goals_wilkowski,344,1,0.8511353751876637,pass
Llama_3_8B&SVD_SWOW,goals_wilkowski,344,2,0.8547930552109475,pass
Llama_3_8B&SVD_SWOW,goals_wilkowski,344,3,0.8393892860838004,pass
Llama_3_8B&SVD_SWOW,goals_wilkowski,344,4,0.8203518283052352,pass
Llama_3_8B&SVD_SWOW,goals_wilkowski,344,5,0.7938915001054517,pass
Llama_3_8B&SVD_SWOW,familiarity_lynott,164,1,-0.38471115278706414,pass
Llama_3_8B&SVD_SWOW,familiarity_lynott,164,2,-3.1508552434881327,pass
Llama_3_8B&SVD_SWOW,familiarity_lynott,164,3,0.01750738865523338,pass
Llama_3_8B&SVD_SWOW,familiarity_lynott,164,4,0.03757303894531461,pass
Llama_3_8B&SVD_SWOW,familiarity_lynott,164,5,-1.310032629898882,pass
Llama_3_8B&SVD_SWOW,visual_lynott,164,1,0.6377602795663173,pass
Llama_3_8B&SVD_SWOW,visual_lynott,164,2,0.334694345000486,pass
Llama_3_8B&SVD_SWOW,visual_lynott,164,3,0.5327300415774324,pass
Llama_3_8B&SVD_SWOW,visual_lynott,164,4,0.7892228547470918,pass
Llama_3_8B&SVD_SWOW,visual_lynott,164,5,0.727572938720005,pass
Llama_3_8B&SVD_SWOW,haptic_lynott,164,1,0.6885111052128294,pass
Llama_3_8B&SVD_SWOW,haptic_lynott,164,2,0.5290382257463145,pass
Llama_3_8B&SVD_SWOW,haptic_lynott,164,3,0.6133396310188293,pass
Llama_3_8B&SVD_SWOW,haptic_lynott,164,4,0.7907757252836937,pass
Llama_3_8B&SVD_SWOW,haptic_lynott,164,5,0.697466508506263,pass
Llama_3_8B&SVD_SWOW,auditory_lynott,164,1,0.33725638315142104,pass
Llama_3_8B&SVD_SWOW,auditory_lynott,164,2,0.24757807239249074,pass
Llama_3_8B&SVD_SWOW,auditory_lynott,164,3,0.4938865203020687,pass
Llama_3_8B&SVD_SWOW,auditory_lynott,164,4,0.7397479546949616,pass
Llama_3_8B&SVD_SWOW,auditory_lynott,164,5,0.16963977724232726,pass
Llama_3_8B&SVD_SWOW,olfactory_lynott,164,1,0.49191870763637313,pass
Llama_3_8B&SVD_SWOW,olfactory_lynott,164,2,0.49270864502605616,pass
Llama_3_8B&SVD_SWOW,olfactory_lynott,164,3,0.6935826015341972,pass
Llama_3_8B&SVD_SWOW,olfactory_lynott,164,4,0.6736506880978991,pass
Llama_3_8B&SVD_SWOW,olfactory_lynott,164,5,0.544383545598744,pass
Llama_3_8B&SVD_SWOW,gustatory_lynott,164,1,0.6919370063615402,pass
Llama_3_8B&SVD_SWOW,gustatory_lynott,164,2,0.49431938728915337,pass
Llama_3_8B&SVD_SWOW,gustatory_lynott,164,3,0.6615205011723533,pass
Llama_3_8B&SVD_SWOW,gustatory_lynott,164,4,0.7732067750115499,pass
Llama_3_8B&SVD_SWOW,gustatory_lynott,164,5,0.80436012156448,pass
Llama_3_8B&SVD_SWOW,dominant_modality_lynott,135,1,0.6657842098781475,pass
Llama_3_8B&SVD_SWOW,dominant_modality_lynott,135,2,-0.3804674192202575,pass
Llama_3_8B&SVD_SWOW,dominant_modality_lynott,135,3,-0.15545325968942425,pass
Llama_3_8B&SVD_SWOW,dominant_modality_lynott,135,4,-0.023539256601844416,pass
Llama_3_8B&SVD_SWOW,dominant_modality_lynott,135,5,-0.3154317146493275,pass
Llama_3_8B&SVD_SWOW,imagery_toronto,759,1,0.7582593022178744,pass
Llama_3_8B&SVD_SWOW,imagery_toronto,759,2,0.5303188553219824,pass
Llama_3_8B&SVD_SWOW,imagery_toronto,759,3,0.7147004194037225,pass
Llama_3_8B&SVD_SWOW,imagery_toronto,759,4,0.6951873356391681,pass
Llama_3_8B&SVD_SWOW,imagery_toronto,759,5,0.6089880215476196,pass
Llama_3_8B&SVD_SWOW,concreteness_toronto,759,1,0.8192066676057259,pass
Llama_3_8B&SVD_SWOW,concreteness_toronto,759,2,0.6534287822202026,pass
Llama_3_8B&SVD_SWOW,concreteness_toronto,759,3,0.7688720832164168,pass
Llama_3_8B&SVD_SWOW,concreteness_toronto,759,4,0.7477510204536952,pass
Llama_3_8B&SVD_SWOW,concreteness_toronto,759,5,0.6856915183860699,pass
Llama_3_8B&SVD_SWOW,aoa_khanna,944,1,0.008496915565386787,pass
Llama_3_8B&SVD_SWOW,aoa_khanna,944,2,-0.06640689130823563,pass
Llama_3_8B&SVD_SWOW,aoa_khanna,944,3,-0.04254623927275736,pass
Llama_3_8B&SVD_SWOW,aoa_khanna,944,4,-0.10771493604150617,pass
Llama_3_8B&SVD_SWOW,aoa_khanna,944,5,-0.0017858747106187511,pass
Llama_3_8B&SVD_SWOW,aoa_rt_khanna,944,1,-0.18659233093580574,pass
Llama_3_8B&SVD_SWOW,aoa_rt_khanna,944,2,-0.06828643445123017,pass
Llama_3_8B&SVD_SWOW,aoa_rt_khanna,944,3,-0.06415676469081877,pass
Llama_3_8B&SVD_SWOW,aoa_rt_khanna,944,4,-0.3370682493615407,pass
Llama_3_8B&SVD_SWOW,aoa_rt_khanna,944,5,-0.1463303096444053,pass
Llama_3_8B&SVD_SWOW,aoa_hollis,672,1,0.626969736450295,pass
Llama_3_8B&SVD_SWOW,aoa_hollis,672,2,0.6637721462707993,pass
Llama_3_8B&SVD_SWOW,aoa_hollis,672,3,0.6847900608033526,pass
Llama_3_8B&SVD_SWOW,aoa_hollis,672,4,0.640213733052533,pass
Llama_3_8B&SVD_SWOW,aoa_hollis,672,5,0.5922350307748533,pass
Llama_3_8B&SVD_SWOW,valence_hollis,672,1,0.8297740008822188,pass
Llama_3_8B&SVD_SWOW,valence_hollis,672,2,0.8453386897456594,pass
Llama_3_8B&SVD_SWOW,valence_hollis,672,3,0.827783310575644,pass
Llama_3_8B&SVD_SWOW,valence_hollis,672,4,0.8399605960816827,pass
Llama_3_8B&SVD_SWOW,valence_hollis,672,5,0.8503630733785232,pass
Llama_3_8B&SVD_SWOW,arousal_hollis,672,1,0.7292937633610407,pass
Llama_3_8B&SVD_SWOW,arousal_hollis,672,2,0.7301995734070528,pass
Llama_3_8B&SVD_SWOW,arousal_hollis,672,3,0.7299593357223557,pass
Llama_3_8B&SVD_SWOW,arousal_hollis,672,4,0.6755846987833372,pass
Llama_3_8B&SVD_SWOW,arousal_hollis,672,5,0.6483374363814454,pass
Llama_3_8B&SVD_SWOW,concreteness_hollis,672,1,0.8291561685010691,pass
Llama_3_8B&SVD_SWOW,concreteness_hollis,672,2,0.8514167278541536,pass
Llama_3_8B&SVD_SWOW,concreteness_hollis,672,3,0.8296870604363226,pass
Llama_3_8B&SVD_SWOW,concreteness_hollis,672,4,0.813009534555027,pass
Llama_3_8B&SVD_SWOW,concreteness_hollis,672,5,0.8233907023858986,pass
Llama_3_8B&SVD_SWOW,aoa_stration,269,1,0.31622117459210086,pass
Llama_3_8B&SVD_SWOW,aoa_stration,269,2,0.45850911231276037,pass
Llama_3_8B&SVD_SWOW,aoa_stration,269,3,0.325422261011726,pass
Llama_3_8B&SVD_SWOW,aoa_stration,269,4,0.3228375026125393,pass
Llama_3_8B&SVD_SWOW,aoa_stration,269,5,0.4015119485949299,pass
Llama_3_8B&SVD_SWOW,imagery_stration,269,1,0.6620318871704189,pass
Llama_3_8B&SVD_SWOW,imagery_stration,269,2,0.5445223587639466,pass
Llama_3_8B&SVD_SWOW,imagery_stration,269,3,0.35193923297961893,pass
Llama_3_8B&SVD_SWOW,imagery_stration,269,4,0.5867166874022782,pass
Llama_3_8B&SVD_SWOW,imagery_stration,269,5,0.5570605115292924,pass
Llama_3_8B&SVD_SWOW,familiarity_stration,269,1,0.3375583216470899,pass
Llama_3_8B&SVD_SWOW,familiarity_stration,269,2,0.5742079032768809,pass
Llama_3_8B&SVD_SWOW,familiarity_stration,269,3,0.3458843769353993,pass
Llama_3_8B&SVD_SWOW,familiarity_stration,269,4,0.4381524664069604,pass
Llama_3_8B&SVD_SWOW,familiarity_stration,269,5,0.3045959040178414,pass
Llama_3_8B&SVD_SWOW,meaningfulness_stration,269,1,0.15093652597201035,pass
Llama_3_8B&SVD_SWOW,meaningfulness_stration,269,2,0.4480233337353413,pass
Llama_3_8B&SVD_SWOW,meaningfulness_stration,269,3,0.20544490053277764,pass
Llama_3_8B&SVD_SWOW,meaningfulness_stration,269,4,0.1470377062927991,pass
Llama_3_8B&SVD_SWOW,meaningfulness_stration,269,5,0.28702197845560407,pass
Llama_3_8B&SVD_SWOW,valence_garrido,163,1,0.7696010963774991,pass
Llama_3_8B&SVD_SWOW,valence_garrido,163,2,0.8092782654002391,pass
Llama_3_8B&SVD_SWOW,valence_garrido,163,3,0.7495241091648001,pass
Llama_3_8B&SVD_SWOW,valence_garrido,163,4,0.7383284840038278,pass
Llama_3_8B&SVD_SWOW,valence_garrido,163,5,0.7623494308431522,pass
Llama_3_8B&SVD_SWOW,emotionality_garrido,163,1,0.586872152310431,pass
Llama_3_8B&SVD_SWOW,emotionality_garrido,163,2,0.6227127979844624,pass
Llama_3_8B&SVD_SWOW,emotionality_garrido,163,3,0.497044680305715,pass
Llama_3_8B&SVD_SWOW,emotionality_garrido,163,4,0.5574655677469516,pass
Llama_3_8B&SVD_SWOW,emotionality_garrido,163,5,0.47441628837797933,pass
Llama_3_8B&SVD_SWOW,familiarity_garrido,163,1,0.19800598858496776,pass
Llama_3_8B&SVD_SWOW,familiarity_garrido,163,2,0.38581798325619676,pass
Llama_3_8B&SVD_SWOW,familiarity_garrido,163,3,0.34437980333567875,pass
Llama_3_8B&SVD_SWOW,familiarity_garrido,163,4,0.297316458998525,pass
Llama_3_8B&SVD_SWOW,familiarity_garrido,163,5,0.26913199792581743,pass
Llama_3_8B&SVD_SWOW,angry_zupan,151,1,0.5684276034461722,pass
Llama_3_8B&SVD_SWOW,angry_zupan,151,2,0.8483926789857748,pass
Llama_3_8B&SVD_SWOW,angry_zupan,151,3,0.6895187796988158,pass
Llama_3_8B&SVD_SWOW,angry_zupan,151,4,0.7132416645724886,pass
Llama_3_8B&SVD_SWOW,angry_zupan,151,5,0.6422893157837719,pass
Llama_3_8B&SVD_SWOW,fearful_zupan,151,1,0.6831422056760725,pass
Llama_3_8B&SVD_SWOW,fearful_zupan,151,2,0.842315881701877,pass
Llama_3_8B&SVD_SWOW,fearful_zupan,151,3,0.8075760173127553,pass
Llama_3_8B&SVD_SWOW,fearful_zupan,151,4,0.5898678881044694,pass
Llama_3_8B&SVD_SWOW,fearful_zupan,151,5,0.7749765007204076,pass
Llama_3_8B&SVD_SWOW,happy_zupan,151,1,0.7009725220825578,pass
Llama_3_8B&SVD_SWOW,happy_zupan,151,2,0.8086763777132832,pass
Llama_3_8B&SVD_SWOW,happy_zupan,151,3,0.7649312730414738,pass
Llama_3_8B&SVD_SWOW,happy_zupan,151,4,0.6829290971811466,pass
Llama_3_8B&SVD_SWOW,happy_zupan,151,5,0.7619882443784625,pass
Llama_3_8B&SVD_SWOW,intensity_zupan,151,1,0.5406615236276464,pass
Llama_3_8B&SVD_SWOW,intensity_zupan,151,2,0.5626269485985793,pass
Llama_3_8B&SVD_SWOW,intensity_zupan,151,3,0.4929948302967567,pass
Llama_3_8B&SVD_SWOW,intensity_zupan,151,4,0.5082462271603752,pass
Llama_3_8B&SVD_SWOW,intensity_zupan,151,5,0.22860979513623048,pass
Llama_3_8B&SVD_SWOW,neutral_zupan,151,1,0.4752808077700117,pass
Llama_3_8B&SVD_SWOW,neutral_zupan,151,2,0.4112491072608143,pass
Llama_3_8B&SVD_SWOW,neutral_zupan,151,3,0.4624025168305399,pass
Llama_3_8B&SVD_SWOW,neutral_zupan,151,4,0.4237143751466339,pass
Llama_3_8B&SVD_SWOW,neutral_zupan,151,5,0.488431397901226,pass
Llama_3_8B&SVD_SWOW,sad_zupan,151,1,0.5624047366253925,pass
Llama_3_8B&SVD_SWOW,sad_zupan,151,2,0.8259003061213612,pass
Llama_3_8B&SVD_SWOW,sad_zupan,151,3,0.7613907563344074,pass
Llama_3_8B&SVD_SWOW,sad_zupan,151,4,0.6851764096909039,pass
Llama_3_8B&SVD_SWOW,sad_zupan,151,5,0.7821301662172344,pass
Llama_3_8B&SVD_SWOW,valence_zupan,151,1,0.7657827671350157,pass
Llama_3_8B&SVD_SWOW,valence_zupan,151,2,0.8341823767240196,pass
Llama_3_8B&SVD_SWOW,valence_zupan,151,3,0.7694144186632016,pass
Llama_3_8B&SVD_SWOW,valence_zupan,151,4,0.6950830499427875,pass
Llama_3_8B&SVD_SWOW,valence_zupan,151,5,0.7321273748502986,pass
Llama_3_8B&SVD_SWOW,aoa_bird,1229,1,0.5363875306054486,pass
Llama_3_8B&SVD_SWOW,aoa_bird,1229,2,0.6016106481939114,pass
Llama_3_8B&SVD_SWOW,aoa_bird,1229,3,0.603347801271513,pass
Llama_3_8B&SVD_SWOW,aoa_bird,1229,4,0.5398376325063579,pass
Llama_3_8B&SVD_SWOW,aoa_bird,1229,5,0.5984809104063589,pass
Llama_3_8B&SVD_SWOW,imageability_bird,788,1,0.48642395233906,pass
Llama_3_8B&SVD_SWOW,imageability_bird,788,2,0.46728540241093686,pass
Llama_3_8B&SVD_SWOW,imageability_bird,788,3,0.5670411089144024,pass
Llama_3_8B&SVD_SWOW,imageability_bird,788,4,0.48820861859580333,pass
Llama_3_8B&SVD_SWOW,imageability_bird,788,5,0.551068228004256,pass
Llama_3_8B&SVD_SWOW,association_rt_ley,69,1,,test_n < 20
Llama_3_8B&SVD_SWOW,association_rt_ley,69,2,,test_n < 20
Llama_3_8B&SVD_SWOW,association_rt_ley,69,3,,test_n < 20
Llama_3_8B&SVD_SWOW,association_rt_ley,69,4,,test_n < 20
Llama_3_8B&SVD_SWOW,association_rt_ley,69,5,,test_n < 20
Llama_3_8B&SVD_SWOW,meaningfulness_ley,69,1,,test_n < 20
Llama_3_8B&SVD_SWOW,meaningfulness_ley,69,2,,test_n < 20
Llama_3_8B&SVD_SWOW,meaningfulness_ley,69,3,,test_n < 20
Llama_3_8B&SVD_SWOW,meaningfulness_ley,69,4,,test_n < 20
Llama_3_8B&SVD_SWOW,meaningfulness_ley,69,5,,test_n < 20
Llama_3_8B&SVD_SWOW,happiness_stevenson,668,1,0.795131824570753,pass
Llama_3_8B&SVD_SWOW,happiness_stevenson,668,2,0.826802605200508,pass
Llama_3_8B&SVD_SWOW,happiness_stevenson,668,3,0.7801460046596183,pass
Llama_3_8B&SVD_SWOW,happiness_stevenson,668,4,0.766128134390037,pass
Llama_3_8B&SVD_SWOW,happiness_stevenson,668,5,0.7684851545991808,pass
Llama_3_8B&SVD_SWOW,anger_stevenson,668,1,0.8034217686343905,pass
Llama_3_8B&SVD_SWOW,anger_stevenson,668,2,0.8087562722045014,pass
Llama_3_8B&SVD_SWOW,anger_stevenson,668,3,0.7437487549370474,pass
Llama_3_8B&SVD_SWOW,anger_stevenson,668,4,0.8038169885627866,pass
Llama_3_8B&SVD_SWOW,anger_stevenson,668,5,0.7774156341561478,pass
Llama_3_8B&SVD_SWOW,sadness_stevenson,668,1,0.7324630778204357,pass
Llama_3_8B&SVD_SWOW,sadness_stevenson,668,2,0.77740759680354,pass
Llama_3_8B&SVD_SWOW,sadness_stevenson,668,3,0.7885032110357526,pass
Llama_3_8B&SVD_SWOW,sadness_stevenson,668,4,0.7413662408617929,pass
Llama_3_8B&SVD_SWOW,sadness_stevenson,668,5,0.7574736979623545,pass
Llama_3_8B&SVD_SWOW,fear_stevenson,668,1,0.7582847339001055,pass
Llama_3_8B&SVD_SWOW,fear_stevenson,668,2,0.7713773187355065,pass
Llama_3_8B&SVD_SWOW,fear_stevenson,668,3,0.7526153064974673,pass
Llama_3_8B&SVD_SWOW,fear_stevenson,668,4,0.7027259440514081,pass
Llama_3_8B&SVD_SWOW,fear_stevenson,668,5,0.7939301863949952,pass
Llama_3_8B&SVD_SWOW,disgust_stevenson,668,1,0.7229726039727574,pass
Llama_3_8B&SVD_SWOW,disgust_stevenson,668,2,0.7501997041363548,pass
Llama_3_8B&SVD_SWOW,disgust_stevenson,668,3,0.7371084179096208,pass
Llama_3_8B&SVD_SWOW,disgust_stevenson,668,4,0.7468533044247807,pass
Llama_3_8B&SVD_SWOW,disgust_stevenson,668,5,0.7725437020379811,pass
Llama_3_8B&SVD_SWOW,goodness_brown,443,1,0.693740688564863,pass
Llama_3_8B&SVD_SWOW,goodness_brown,443,2,0.7342046336622934,pass
Llama_3_8B&SVD_SWOW,goodness_brown,443,3,0.7222795532492134,pass
Llama_3_8B&SVD_SWOW,goodness_brown,443,4,0.6460179629256018,pass
Llama_3_8B&SVD_SWOW,goodness_brown,443,5,0.6736730106712703,pass
Llama_3_8B&SVD_SWOW,pleasantness_brown,443,1,0.7050219946738976,pass
Llama_3_8B&SVD_SWOW,pleasantness_brown,443,2,0.7082774523852233,pass
Llama_3_8B&SVD_SWOW,pleasantness_brown,443,3,0.7187436721634408,pass
Llama_3_8B&SVD_SWOW,pleasantness_brown,443,4,0.6543023761740611,pass
Llama_3_8B&SVD_SWOW,pleasantness_brown,443,5,0.7009757532837586,pass
Llama_3_8B&SVD_SWOW,emotionality_brown,443,1,0.669809762182872,pass
Llama_3_8B&SVD_SWOW,emotionality_brown,443,2,0.630812428341841,pass
Llama_3_8B&SVD_SWOW,emotionality_brown,443,3,0.6707847406469338,pass
Llama_3_8B&SVD_SWOW,emotionality_brown,443,4,0.6505693964764285,pass
Llama_3_8B&SVD_SWOW,emotionality_brown,443,5,0.564222857144935,pass
Llama_3_8B&SVD_SWOW,concreteness_brown,443,1,0.7677316668773354,pass
Llama_3_8B&SVD_SWOW,concreteness_brown,443,2,0.7273805373616149,pass
Llama_3_8B&SVD_SWOW,concreteness_brown,443,3,0.7468943261589982,pass
Llama_3_8B&SVD_SWOW,concreteness_brown,443,4,0.7645788707216319,pass
Llama_3_8B&SVD_SWOW,concreteness_brown,443,5,0.775206101910249,pass
Llama_3_8B&SVD_SWOW,meaningfulness_brown,443,1,0.5110000742039253,pass
Llama_3_8B&SVD_SWOW,meaningfulness_brown,443,2,0.5551196342190842,pass
Llama_3_8B&SVD_SWOW,meaningfulness_brown,443,3,0.5646054971241319,pass
Llama_3_8B&SVD_SWOW,meaningfulness_brown,443,4,0.43050319018717764,pass
Llama_3_8B&SVD_SWOW,meaningfulness_brown,443,5,0.44797952207618663,pass
Llama_3_8B&SVD_SWOW,difficulty_rudell,442,1,0.5148879190510658,pass
Llama_3_8B&SVD_SWOW,difficulty_rudell,442,2,0.6314419369640063,pass
Llama_3_8B&SVD_SWOW,difficulty_rudell,442,3,0.5730529762995261,pass
Llama_3_8B&SVD_SWOW,difficulty_rudell,442,4,0.519476733009447,pass
Llama_3_8B&SVD_SWOW,difficulty_rudell,442,5,0.4814393227197129,pass
Llama_3_8B&SVD_SWOW,imageability_chiarello,796,1,0.707120530200464,pass
Llama_3_8B&SVD_SWOW,imageability_chiarello,796,2,0.5980464464330169,pass
Llama_3_8B&SVD_SWOW,imageability_chiarello,796,3,0.6253311692826637,pass
Llama_3_8B&SVD_SWOW,imageability_chiarello,796,4,0.5635420252107004,pass
Llama_3_8B&SVD_SWOW,imageability_chiarello,796,5,0.6088021240649876,pass
Llama_3_8B&SVD_SWOW,imageability_rt_chiarello,796,1,0.4134925569201674,pass
Llama_3_8B&SVD_SWOW,imageability_rt_chiarello,796,2,0.4011707866255432,pass
Llama_3_8B&SVD_SWOW,imageability_rt_chiarello,796,3,0.3549818658406706,pass
Llama_3_8B&SVD_SWOW,imageability_rt_chiarello,796,4,0.46482104219097875,pass
Llama_3_8B&SVD_SWOW,imageability_rt_chiarello,796,5,0.37248782184489415,pass
Llama_3_8B&SVD_SWOW,personal_use_janschewitz,272,1,0.5411422425793557,pass
Llama_3_8B&SVD_SWOW,personal_use_janschewitz,272,2,0.5924752847409072,pass
Llama_3_8B&SVD_SWOW,personal_use_janschewitz,272,3,0.5036739086214828,pass
Llama_3_8B&SVD_SWOW,personal_use_janschewitz,272,4,0.4963762654169567,pass
Llama_3_8B&SVD_SWOW,personal_use_janschewitz,272,5,0.5677392969069208,pass
Llama_3_8B&SVD_SWOW,familiarity_janschewitz,272,1,0.5775545921266798,pass
Llama_3_8B&SVD_SWOW,familiarity_janschewitz,272,2,0.5377398078354219,pass
Llama_3_8B&SVD_SWOW,familiarity_janschewitz,272,3,0.5377615704973526,pass
Llama_3_8B&SVD_SWOW,familiarity_janschewitz,272,4,0.49663036289440354,pass
Llama_3_8B&SVD_SWOW,familiarity_janschewitz,272,5,0.6236727212613282,pass
Llama_3_8B&SVD_SWOW,offensiveness_janschewitz,272,1,0.8012551229605134,pass
Llama_3_8B&SVD_SWOW,offensiveness_janschewitz,272,2,0.2665245947029382,pass
Llama_3_8B&SVD_SWOW,offensiveness_janschewitz,272,3,0.7431861730603477,pass
Llama_3_8B&SVD_SWOW,offensiveness_janschewitz,272,4,0.3061175765749674,pass
Llama_3_8B&SVD_SWOW,offensiveness_janschewitz,272,5,0.5564535356662401,pass
Llama_3_8B&SVD_SWOW,tabooness_janschewitz,272,1,0.7736327607508526,pass
Llama_3_8B&SVD_SWOW,tabooness_janschewitz,272,2,0.4320254002715821,pass
Llama_3_8B&SVD_SWOW,tabooness_janschewitz,272,3,0.5687123222937478,pass
Llama_3_8B&SVD_SWOW,tabooness_janschewitz,272,4,0.4344793056753753,pass
Llama_3_8B&SVD_SWOW,tabooness_janschewitz,272,5,0.6118545139568652,pass
Llama_3_8B&SVD_SWOW,valence_janschewitz,272,1,0.7111653572753707,pass
Llama_3_8B&SVD_SWOW,valence_janschewitz,272,2,0.7606197358172168,pass
Llama_3_8B&SVD_SWOW,valence_janschewitz,272,3,0.7179108172878682,pass
Llama_3_8B&SVD_SWOW,valence_janschewitz,272,4,0.6388387912641732,pass
Llama_3_8B&SVD_SWOW,valence_janschewitz,272,5,0.758021545960792,pass
Llama_3_8B&SVD_SWOW,arousal_janschewitz,272,1,0.7735207731005922,pass
Llama_3_8B&SVD_SWOW,arousal_janschewitz,272,2,0.46063324475433043,pass
Llama_3_8B&SVD_SWOW,arousal_janschewitz,272,3,0.6735391294347208,pass
Llama_3_8B&SVD_SWOW,arousal_janschewitz,272,4,0.5922619748040646,pass
Llama_3_8B&SVD_SWOW,arousal_janschewitz,272,5,0.7063800322782336,pass
Llama_3_8B&SVD_SWOW,imageability_janschewitz,272,1,0.7771642267210527,pass
Llama_3_8B&SVD_SWOW,imageability_janschewitz,272,2,0.7865157703125212,pass
Llama_3_8B&SVD_SWOW,imageability_janschewitz,272,3,0.7933635515412947,pass
Llama_3_8B&SVD_SWOW,imageability_janschewitz,272,4,0.6752209242956019,pass
Llama_3_8B&SVD_SWOW,imageability_janschewitz,272,5,0.7472381145804892,pass
Llama_3_8B&SVD_SWOW,perc_known_britz,194,1,0.3370722425737609,pass
Llama_3_8B&SVD_SWOW,perc_known_britz,194,2,0.24077960628546824,pass
Llama_3_8B&SVD_SWOW,perc_known_britz,194,3,-0.7891520286475002,pass
Llama_3_8B&SVD_SWOW,perc_known_britz,194,4,0.09993026246093983,pass
Llama_3_8B&SVD_SWOW,perc_known_britz,194,5,-0.1963817186441532,pass
Llama_3_8B&SVD_SWOW,valence_britz,194,1,0.8917621347777164,pass
Llama_3_8B&SVD_SWOW,valence_britz,194,2,0.8892971136087116,pass
Llama_3_8B&SVD_SWOW,valence_britz,194,3,0.775172235956781,pass
Llama_3_8B&SVD_SWOW,valence_britz,194,4,0.7997181586610802,pass
Llama_3_8B&SVD_SWOW,valence_britz,194,5,0.8287665479210667,pass
Llama_3_8B&SVD_SWOW,social_des_britz,194,1,0.8836597669605655,pass
Llama_3_8B&SVD_SWOW,social_des_britz,194,2,0.872405092647383,pass
Llama_3_8B&SVD_SWOW,social_des_britz,194,3,0.7581579344132094,pass
Llama_3_8B&SVD_SWOW,social_des_britz,194,4,0.7854390155857754,pass
Llama_3_8B&SVD_SWOW,social_des_britz,194,5,0.8188127126416064,pass
Llama_3_8B&SVD_SWOW,observability_britz,194,1,0.4562891015182511,pass
Llama_3_8B&SVD_SWOW,observability_britz,194,2,0.4169164962121893,pass
Llama_3_8B&SVD_SWOW,observability_britz,194,3,0.2519211764813809,pass
Llama_3_8B&SVD_SWOW,observability_britz,194,4,0.2387695307213481,pass
Llama_3_8B&SVD_SWOW,observability_britz,194,5,0.26248982322192027,pass
Llama_3_8B&SVD_SWOW,aoa_rodriguez,1155,1,0.46824548781750297,pass
Llama_3_8B&SVD_SWOW,aoa_rodriguez,1155,2,0.5103792143470536,pass
Llama_3_8B&SVD_SWOW,aoa_rodriguez,1155,3,0.5573064991436412,pass
Llama_3_8B&SVD_SWOW,aoa_rodriguez,1155,4,0.49521022611814414,pass
Llama_3_8B&SVD_SWOW,aoa_rodriguez,1155,5,0.5489711802217712,pass
Llama_3_8B&SVD_SWOW,perc_known_rodriguez,1155,1,0.3116942258012606,pass
Llama_3_8B&SVD_SWOW,perc_known_rodriguez,1155,2,0.3390376556659881,pass
Llama_3_8B&SVD_SWOW,perc_known_rodriguez,1155,3,0.2801273557314936,pass
Llama_3_8B&SVD_SWOW,perc_known_rodriguez,1155,4,0.33497952498432915,pass
Llama_3_8B&SVD_SWOW,perc_known_rodriguez,1155,5,0.35954423536936253,pass
Llama_3_8B&SVD_SWOW,known_rt_chen,168,1,0.27634478298075116,pass
Llama_3_8B&SVD_SWOW,known_rt_chen,168,2,0.3580360228959477,pass
Llama_3_8B&SVD_SWOW,known_rt_chen,168,3,0.45741152267803264,pass
Llama_3_8B&SVD_SWOW,known_rt_chen,168,4,0.3522561089754971,pass
Llama_3_8B&SVD_SWOW,known_rt_chen,168,5,0.38156019470038893,pass
Llama_3_8B&SVD_SWOW,english_accuracy_chen,168,1,0.18510186229347914,pass
Llama_3_8B&SVD_SWOW,english_accuracy_chen,168,2,0.2989547770475647,pass
Llama_3_8B&SVD_SWOW,english_accuracy_chen,168,3,0.2697439807840317,pass
Llama_3_8B&SVD_SWOW,english_accuracy_chen,168,4,0.27157829676394796,pass
Llama_3_8B&SVD_SWOW,english_accuracy_chen,168,5,0.03728218948376438,pass
Llama_3_8B&SVD_SWOW,subjective_frequency_chen,168,1,0.44916465986819165,pass
Llama_3_8B&SVD_SWOW,subjective_frequency_chen,168,2,0.43917872006459757,pass
Llama_3_8B&SVD_SWOW,subjective_frequency_chen,168,3,0.5313362504395998,pass
Llama_3_8B&SVD_SWOW,subjective_frequency_chen,168,4,0.5310903329066097,pass
Llama_3_8B&SVD_SWOW,subjective_frequency_chen,168,5,0.4337652319969316,pass
Llama_3_8B&SVD_SWOW,familiarity_juhasz,78,1,,test_n < 20
Llama_3_8B&SVD_SWOW,familiarity_juhasz,78,2,,test_n < 20
Llama_3_8B&SVD_SWOW,familiarity_juhasz,78,3,,test_n < 20
Llama_3_8B&SVD_SWOW,familiarity_juhasz,78,4,,test_n < 20
Llama_3_8B&SVD_SWOW,familiarity_juhasz,78,5,,test_n < 20
Llama_3_8B&SVD_SWOW,aoa_juhasz,78,1,,test_n < 20
Llama_3_8B&SVD_SWOW,aoa_juhasz,78,2,,test_n < 20
Llama_3_8B&SVD_SWOW,aoa_juhasz,78,3,,test_n < 20
Llama_3_8B&SVD_SWOW,aoa_juhasz,78,4,,test_n < 20
Llama_3_8B&SVD_SWOW,aoa_juhasz,78,5,,test_n < 20
Llama_3_8B&SVD_SWOW,transparency_juhasz,78,1,,test_n < 20
Llama_3_8B&SVD_SWOW,transparency_juhasz,78,2,,test_n < 20
Llama_3_8B&SVD_SWOW,transparency_juhasz,78,3,,test_n < 20
Llama_3_8B&SVD_SWOW,transparency_juhasz,78,4,,test_n < 20
Llama_3_8B&SVD_SWOW,transparency_juhasz,78,5,,test_n < 20
Llama_3_8B&SVD_SWOW,lexeme_dominance_juhasz,78,1,,test_n < 20
Llama_3_8B&SVD_SWOW,lexeme_dominance_juhasz,78,2,,test_n < 20
Llama_3_8B&SVD_SWOW,lexeme_dominance_juhasz,78,3,,test_n < 20
Llama_3_8B&SVD_SWOW,lexeme_dominance_juhasz,78,4,,test_n < 20
Llama_3_8B&SVD_SWOW,lexeme_dominance_juhasz,78,5,,test_n < 20
Llama_3_8B&SVD_SWOW,imageability_juhasz,78,1,,test_n < 20
Llama_3_8B&SVD_SWOW,imageability_juhasz,78,2,,test_n < 20
Llama_3_8B&SVD_SWOW,imageability_juhasz,78,3,,test_n < 20
Llama_3_8B&SVD_SWOW,imageability_juhasz,78,4,,test_n < 20
Llama_3_8B&SVD_SWOW,imageability_juhasz,78,5,,test_n < 20
Llama_3_8B&SVD_SWOW,sensory_experience_juhasz2015,78,1,,test_n < 20
Llama_3_8B&SVD_SWOW,sensory_experience_juhasz2015,78,2,,test_n < 20
Llama_3_8B&SVD_SWOW,sensory_experience_juhasz2015,78,3,,test_n < 20
Llama_3_8B&SVD_SWOW,sensory_experience_juhasz2015,78,4,,test_n < 20
Llama_3_8B&SVD_SWOW,sensory_experience_juhasz2015,78,5,,test_n < 20
Llama_3_8B&SVD_SWOW,emotion_troche,530,1,0.7550117339362814,pass
Llama_3_8B&SVD_SWOW,emotion_troche,530,2,0.7628758614513094,pass
Llama_3_8B&SVD_SWOW,emotion_troche,530,3,0.7593954102165232,pass
Llama_3_8B&SVD_SWOW,emotion_troche,530,4,0.6353606679981056,pass
Llama_3_8B&SVD_SWOW,emotion_troche,530,5,0.6999270037669754,pass
Llama_3_8B&SVD_SWOW,polarity_troche,530,1,0.5704796336427067,pass
Llama_3_8B&SVD_SWOW,polarity_troche,530,2,0.441152613607772,pass
Llama_3_8B&SVD_SWOW,polarity_troche,530,3,0.6107975639892886,pass
Llama_3_8B&SVD_SWOW,polarity_troche,530,4,0.488899425418304,pass
Llama_3_8B&SVD_SWOW,polarity_troche,530,5,0.4464458695910247,pass
Llama_3_8B&SVD_SWOW,socialness_troche,530,1,0.700634768618794,pass
Llama_3_8B&SVD_SWOW,socialness_troche,530,2,0.7175702289566421,pass
Llama_3_8B&SVD_SWOW,socialness_troche,530,3,0.7332711504104887,pass
Llama_3_8B&SVD_SWOW,socialness_troche,530,4,0.5293293133204204,pass
Llama_3_8B&SVD_SWOW,socialness_troche,530,5,0.6621252819362039,pass
Llama_3_8B&SVD_SWOW,morality_troche,530,1,0.7325677768358667,pass
Llama_3_8B&SVD_SWOW,morality_troche,530,2,0.7594651667496051,pass
Llama_3_8B&SVD_SWOW,morality_troche,530,3,0.7665077645011418,pass
Llama_3_8B&SVD_SWOW,morality_troche,530,4,0.7637598660779547,pass
Llama_3_8B&SVD_SWOW,morality_troche,530,5,0.5938924922487261,pass
Llama_3_8B&SVD_SWOW,visual_troche,530,1,0.8302382589221741,pass
Llama_3_8B&SVD_SWOW,visual_troche,530,2,0.8054927833253688,pass
Llama_3_8B&SVD_SWOW,visual_troche,530,3,0.7554714537763952,pass
Llama_3_8B&SVD_SWOW,visual_troche,530,4,0.7961470013909242,pass
Llama_3_8B&SVD_SWOW,visual_troche,530,5,0.7744064377552355,pass
Llama_3_8B&SVD_SWOW,motion_self_troche,530,1,0.617699741809688,pass
Llama_3_8B&SVD_SWOW,motion_self_troche,530,2,0.438762897518963,pass
Llama_3_8B&SVD_SWOW,motion_self_troche,530,3,0.5397485484986447,pass
Llama_3_8B&SVD_SWOW,motion_self_troche,530,4,0.47730952537261107,pass
Llama_3_8B&SVD_SWOW,motion_self_troche,530,5,0.44914214848032363,pass
Llama_3_8B&SVD_SWOW,thought_troche,530,1,0.8041387993295245,pass
Llama_3_8B&SVD_SWOW,thought_troche,530,2,0.7727441587429709,pass
Llama_3_8B&SVD_SWOW,thought_troche,530,3,0.8059714252386337,pass
Llama_3_8B&SVD_SWOW,thought_troche,530,4,0.7440761792992641,pass
Llama_3_8B&SVD_SWOW,thought_troche,530,5,0.7213210241050438,pass
Llama_3_8B&SVD_SWOW,color_troche,530,1,0.6326664792729275,pass
Llama_3_8B&SVD_SWOW,color_troche,530,2,0.6381238080558629,pass
Llama_3_8B&SVD_SWOW,color_troche,530,3,0.6858323767308641,pass
Llama_3_8B&SVD_SWOW,color_troche,530,4,0.6128978835100729,pass
Llama_3_8B&SVD_SWOW,color_troche,530,5,0.6784975914027647,pass
Llama_3_8B&SVD_SWOW,taste_smell_troche,530,1,0.845916499220721,pass
Llama_3_8B&SVD_SWOW,taste_smell_troche,530,2,0.779881367479915,pass
Llama_3_8B&SVD_SWOW,taste_smell_troche,530,3,0.7448597697541124,pass
Llama_3_8B&SVD_SWOW,taste_smell_troche,530,4,0.8098203946055933,pass
Llama_3_8B&SVD_SWOW,taste_smell_troche,530,5,0.6997638540821733,pass
Llama_3_8B&SVD_SWOW,tactile_troche,530,1,0.7222559853105985,pass
Llama_3_8B&SVD_SWOW,tactile_troche,530,2,0.7885527829015584,pass
Llama_3_8B&SVD_SWOW,tactile_troche,530,3,0.6514495379673895,pass
Llama_3_8B&SVD_SWOW,tactile_troche,530,4,0.6718490157391377,pass
Llama_3_8B&SVD_SWOW,tactile_troche,530,5,0.6192524110300334,pass
Llama_3_8B&SVD_SWOW,auditory_troche,530,1,0.5387213344194305,pass
Llama_3_8B&SVD_SWOW,auditory_troche,530,2,0.575530914497387,pass
Llama_3_8B&SVD_SWOW,auditory_troche,530,3,0.6074071436689796,pass
Llama_3_8B&SVD_SWOW,auditory_troche,530,4,0.5912729432550152,pass
Llama_3_8B&SVD_SWOW,auditory_troche,530,5,0.579556285107093,pass
Llama_3_8B&SVD_SWOW,space_troche,530,1,0.42275357319538365,pass
Llama_3_8B&SVD_SWOW,space_troche,530,2,0.39875087723416736,pass
Llama_3_8B&SVD_SWOW,space_troche,530,3,0.549618309752212,pass
Llama_3_8B&SVD_SWOW,space_troche,530,4,0.36992627080936746,pass
Llama_3_8B&SVD_SWOW,space_troche,530,5,0.3934684625646381,pass
Llama_3_8B&SVD_SWOW,time_troche,530,1,0.6474751720739814,pass
Llama_3_8B&SVD_SWOW,time_troche,530,2,0.6760972757642303,pass
Llama_3_8B&SVD_SWOW,time_troche,530,3,0.6869607087322102,pass
Llama_3_8B&SVD_SWOW,time_troche,530,4,0.6325849949965394,pass
Llama_3_8B&SVD_SWOW,time_troche,530,5,0.617844715921,pass
Llama_3_8B&SVD_SWOW,quantity_troche,530,1,0.5762359937621103,pass
Llama_3_8B&SVD_SWOW,quantity_troche,530,2,0.4717844359261516,pass
Llama_3_8B&SVD_SWOW,quantity_troche,530,3,0.5660439079266619,pass
Llama_3_8B&SVD_SWOW,quantity_troche,530,4,0.5782787700694627,pass
Llama_3_8B&SVD_SWOW,quantity_troche,530,5,0.5408515293937062,pass
Llama_3_8B&SVD_SWOW,familiarity_morrow,324,1,0.5656636724722189,pass
Llama_3_8B&SVD_SWOW,familiarity_morrow,324,2,0.4802929970947154,pass
Llama_3_8B&SVD_SWOW,familiarity_morrow,324,3,0.4648618825937143,pass
Llama_3_8B&SVD_SWOW,familiarity_morrow,324,4,0.5159007637213167,pass
Llama_3_8B&SVD_SWOW,familiarity_morrow,324,5,0.45841766467716993,pass
Llama_3_8B&SVD_SWOW,perc_known_morrow,324,1,-0.055846473290105614,pass
Llama_3_8B&SVD_SWOW,perc_known_morrow,324,2,0.030126782209178415,pass
Llama_3_8B&SVD_SWOW,perc_known_morrow,324,3,-0.027970114009170377,pass
Llama_3_8B&SVD_SWOW,perc_known_morrow,324,4,0.040439923450285686,pass
Llama_3_8B&SVD_SWOW,perc_known_morrow,324,5,0.028484785605714436,pass
Llama_3_8B&SVD_SWOW,subjective_frequency_morrow,324,1,0.6425497687887063,pass
Llama_3_8B&SVD_SWOW,subjective_frequency_morrow,324,2,0.5199524140908999,pass
Llama_3_8B&SVD_SWOW,subjective_frequency_morrow,324,3,0.576865647586468,pass
Llama_3_8B&SVD_SWOW,subjective_frequency_morrow,324,4,0.5019381997808177,pass
Llama_3_8B&SVD_SWOW,subjective_frequency_morrow,324,5,0.5657821904886139,pass
Llama_3_8B&SVD_SWOW,visual_complexity_marrow,324,1,0.5217174210846967,pass
Llama_3_8B&SVD_SWOW,visual_complexity_marrow,324,2,0.5737906950976066,pass
Llama_3_8B&SVD_SWOW,visual_complexity_marrow,324,3,0.5400581501069918,pass
Llama_3_8B&SVD_SWOW,visual_complexity_marrow,324,4,0.5014441904368403,pass
Llama_3_8B&SVD_SWOW,visual_complexity_marrow,324,5,0.5852571603833587,pass
Llama_3_8B&SVD_SWOW,imageability_morrow,324,1,0.4327759634253433,pass
Llama_3_8B&SVD_SWOW,imageability_morrow,324,2,0.386245061355977,pass
Llama_3_8B&SVD_SWOW,imageability_morrow,324,3,0.337061974790022,pass
Llama_3_8B&SVD_SWOW,imageability_morrow,324,4,0.4361862698191863,pass
Llama_3_8B&SVD_SWOW,imageability_morrow,324,5,0.37253359234197403,pass
Llama_3_8B&SVD_SWOW,aoa_marrow,324,1,0.45579801664107544,pass
Llama_3_8B&SVD_SWOW,aoa_marrow,324,2,0.46923968708288755,pass
Llama_3_8B&SVD_SWOW,aoa_marrow,324,3,0.2229324889393044,pass
Llama_3_8B&SVD_SWOW,aoa_marrow,324,4,0.38434702909126295,pass
Llama_3_8B&SVD_SWOW,aoa_marrow,324,5,0.40028359520100776,pass
Llama_3_8B&SVD_SWOW,aoa_cortese,1877,1,0.6331550833700854,pass
Llama_3_8B&SVD_SWOW,aoa_cortese,1877,2,0.6558617605469425,pass
Llama_3_8B&SVD_SWOW,aoa_cortese,1877,3,0.6427412781226496,pass
Llama_3_8B&SVD_SWOW,aoa_cortese,1877,4,0.6573268803367445,pass
Llama_3_8B&SVD_SWOW,aoa_cortese,1877,5,0.6809570887114416,pass
Llama_3_8B&SVD_SWOW,aoa_rt_cortese,1877,1,0.034797312678423675,pass
Llama_3_8B&SVD_SWOW,aoa_rt_cortese,1877,2,0.06578766495700394,pass
Llama_3_8B&SVD_SWOW,aoa_rt_cortese,1877,3,0.05879043151928942,pass
Llama_3_8B&SVD_SWOW,aoa_rt_cortese,1877,4,0.0629831437010473,pass
Llama_3_8B&SVD_SWOW,aoa_rt_cortese,1877,5,0.013908379536371474,pass
Llama_3_8B&SVD_SWOW,imagery_vanderveur,600,1,0.8543946571012575,pass
Llama_3_8B&SVD_SWOW,imagery_vanderveur,600,2,0.8358105535450315,pass
Llama_3_8B&SVD_SWOW,imagery_vanderveur,600,3,0.8125582839847985,pass
Llama_3_8B&SVD_SWOW,imagery_vanderveur,600,4,0.8474460231065156,pass
Llama_3_8B&SVD_SWOW,imagery_vanderveur,600,5,0.811896016166344,pass
Llama_3_8B&SVD_SWOW,likableness_chandler,256,1,0.8416845809193632,pass
Llama_3_8B&SVD_SWOW,likableness_chandler,256,2,0.8851322244316824,pass
Llama_3_8B&SVD_SWOW,likableness_chandler,256,3,0.7965621350857082,pass
Llama_3_8B&SVD_SWOW,likableness_chandler,256,4,0.7728039475338382,pass
Llama_3_8B&SVD_SWOW,likableness_chandler,256,5,0.7774774380920383,pass
Llama_3_8B&SVD_SWOW,meaningfulness_chandler,256,1,0.1982343355909736,pass
Llama_3_8B&SVD_SWOW,meaningfulness_chandler,256,2,0.3444457485095985,pass
Llama_3_8B&SVD_SWOW,meaningfulness_chandler,256,3,0.24950618276161718,pass
Llama_3_8B&SVD_SWOW,meaningfulness_chandler,256,4,0.35477524804848215,pass
Llama_3_8B&SVD_SWOW,meaningfulness_chandler,256,5,0.20337048745584396,pass
Llama_3_8B&SVD_SWOW,emotionality_chandler,256,1,0.6428051357813813,pass
Llama_3_8B&SVD_SWOW,emotionality_chandler,256,2,0.6827334111956262,pass
Llama_3_8B&SVD_SWOW,emotionality_chandler,256,3,0.570426887131077,pass
Llama_3_8B&SVD_SWOW,emotionality_chandler,256,4,0.6193509996007378,pass
Llama_3_8B&SVD_SWOW,emotionality_chandler,256,5,0.5955620276754234,pass
Llama_3_8B&SVD_SWOW,gender_assoc_crawford,350,1,0.7147392668329728,pass
Llama_3_8B&SVD_SWOW,gender_assoc_crawford,350,2,0.806521158446226,pass
Llama_3_8B&SVD_SWOW,gender_assoc_crawford,350,3,0.7633356048503891,pass
Llama_3_8B&SVD_SWOW,gender_assoc_crawford,350,4,0.7827134418812366,pass
Llama_3_8B&SVD_SWOW,gender_assoc_crawford,350,5,0.6852948039805784,pass
Llama_3_8B&SVD_SWOW,polysemy_armstrong,379,1,0.06742830721897641,pass
Llama_3_8B&SVD_SWOW,polysemy_armstrong,379,2,0.06734171066870431,pass
Llama_3_8B&SVD_SWOW,polysemy_armstrong,379,3,-0.04433216631481818,pass
Llama_3_8B&SVD_SWOW,polysemy_armstrong,379,4,0.011002142628599443,pass
Llama_3_8B&SVD_SWOW,polysemy_armstrong,379,5,0.04235892019666898,pass
Llama_3_8B&SVD_SWOW,imageability_rt_cortese,1877,1,0.34422721989071614,pass
Llama_3_8B&SVD_SWOW,imageability_rt_cortese,1877,2,0.35057568048725873,pass
Llama_3_8B&SVD_SWOW,imageability_rt_cortese,1877,3,0.29889503490844327,pass
Llama_3_8B&SVD_SWOW,imageability_rt_cortese,1877,4,0.24279559649170046,pass
Llama_3_8B&SVD_SWOW,imageability_rt_cortese,1877,5,0.29705064476199095,pass
Llama_3_8B&SVD_SWOW,imageability_cortese,1877,1,0.7114762665888781,pass
Llama_3_8B&SVD_SWOW,imageability_cortese,1877,2,0.6458791845637738,pass
Llama_3_8B&SVD_SWOW,imageability_cortese,1877,3,0.6551737530763535,pass
Llama_3_8B&SVD_SWOW,imageability_cortese,1877,4,0.6401449851744558,pass
Llama_3_8B&SVD_SWOW,imageability_cortese,1877,5,0.7052662528783018,pass
Llama_3_8B&SVD_SWOW,valence_citron,183,1,0.7044825194339748,pass
Llama_3_8B&SVD_SWOW,valence_citron,183,2,0.7591920158666152,pass
Llama_3_8B&SVD_SWOW,valence_citron,183,3,0.6446088322038502,pass
Llama_3_8B&SVD_SWOW,valence_citron,183,4,0.7468064891920474,pass
Llama_3_8B&SVD_SWOW,valence_citron,183,5,0.7839541125651239,pass
Llama_3_8B&SVD_SWOW,arousal_citron,183,1,0.7343448516033211,pass
Llama_3_8B&SVD_SWOW,arousal_citron,183,2,0.6078106775526388,pass
Llama_3_8B&SVD_SWOW,arousal_citron,183,3,0.6604512170756045,pass
Llama_3_8B&SVD_SWOW,arousal_citron,183,4,0.6915699723182506,pass
Llama_3_8B&SVD_SWOW,arousal_citron,183,5,0.504466092866474,pass
Llama_3_8B&SVD_SWOW,familiarity_citron,183,1,0.392757696435456,pass
Llama_3_8B&SVD_SWOW,familiarity_citron,183,2,0.5960983656940457,pass
Llama_3_8B&SVD_SWOW,familiarity_citron,183,3,0.3951987986578648,pass
Llama_3_8B&SVD_SWOW,familiarity_citron,183,4,0.5381770645282269,pass
Llama_3_8B&SVD_SWOW,familiarity_citron,183,5,0.42248126238794326,pass
Llama_3_8B&SVD_SWOW,aoa_citron,183,1,0.5646610934361808,pass
Llama_3_8B&SVD_SWOW,aoa_citron,183,2,0.5233986845558001,pass
Llama_3_8B&SVD_SWOW,aoa_citron,183,3,0.3282983471135825,pass
Llama_3_8B&SVD_SWOW,aoa_citron,183,4,0.6002760038855892,pass
Llama_3_8B&SVD_SWOW,aoa_citron,183,5,0.5845759713631676,pass
Llama_3_8B&SVD_SWOW,imageability_citron,183,1,0.7524274701594231,pass
Llama_3_8B&SVD_SWOW,imageability_citron,183,2,0.7582455152241623,pass
Llama_3_8B&SVD_SWOW,imageability_citron,183,3,0.7665573134780027,pass
Llama_3_8B&SVD_SWOW,imageability_citron,183,4,0.6930947425063645,pass
Llama_3_8B&SVD_SWOW,imageability_citron,183,5,0.7305188899555491,pass
Llama_3_8B&SVD_SWOW,valence_imbault,1414,1,0.5789114613391653,pass
Llama_3_8B&SVD_SWOW,valence_imbault,1414,2,0.7048288462598757,pass
Llama_3_8B&SVD_SWOW,valence_imbault,1414,3,0.6805110133052736,pass
Llama_3_8B&SVD_SWOW,valence_imbault,1414,4,0.632459299217866,pass
Llama_3_8B&SVD_SWOW,valence_imbault,1414,5,0.6040926923828208,pass
Llama_3_8B&SVD_SWOW,arousal_imbault,1441,1,0.2567217107666575,pass
Llama_3_8B&SVD_SWOW,arousal_imbault,1441,2,0.3954712607984141,pass
Llama_3_8B&SVD_SWOW,arousal_imbault,1441,3,0.3770342453917491,pass
Llama_3_8B&SVD_SWOW,arousal_imbault,1441,4,0.31525458515775084,pass
Llama_3_8B&SVD_SWOW,arousal_imbault,1441,5,0.3442826421445271,pass
Llama_3_8B&SVD_SWOW,likableness_anderson,193,1,0.7716840614747452,pass
Llama_3_8B&SVD_SWOW,likableness_anderson,193,2,0.859627606152582,pass
Llama_3_8B&SVD_SWOW,likableness_anderson,193,3,0.7208286523892196,pass
Llama_3_8B&SVD_SWOW,likableness_anderson,193,4,0.7703216425914685,pass
Llama_3_8B&SVD_SWOW,likableness_anderson,193,5,0.8102481442885456,pass
Llama_3_8B&SVD_SWOW,meaningfulness_anderson,193,1,0.03606290723261718,pass
Llama_3_8B&SVD_SWOW,meaningfulness_anderson,193,2,0.1203793296252973,pass
Llama_3_8B&SVD_SWOW,meaningfulness_anderson,193,3,0.23114297738681433,pass
Llama_3_8B&SVD_SWOW,meaningfulness_anderson,193,4,0.08438391191441585,pass
Llama_3_8B&SVD_SWOW,meaningfulness_anderson,193,5,0.2155351822987427,pass
Llama_3_8B&SVD_SWOW,perc_known_winter,5536,1,0.053383673295254064,pass
Llama_3_8B&SVD_SWOW,perc_known_winter,5536,2,0.06314325653590969,pass
Llama_3_8B&SVD_SWOW,perc_known_winter,5536,3,0.045117734210763705,pass
Llama_3_8B&SVD_SWOW,perc_known_winter,5536,4,0.04557855059271576,pass
Llama_3_8B&SVD_SWOW,perc_known_winter,5536,5,0.05168262174760474,pass
Llama_3_8B&SVD_SWOW,iconicity_winter2023,5536,1,0.354390221069388,pass
Llama_3_8B&SVD_SWOW,iconicity_winter2023,5536,2,0.3902666417797602,pass
Llama_3_8B&SVD_SWOW,iconicity_winter2023,5536,3,0.31224984833380387,pass
Llama_3_8B&SVD_SWOW,iconicity_winter2023,5536,4,0.35887857306132,pass
Llama_3_8B&SVD_SWOW,iconicity_winter2023,5536,5,0.3986271325297184,pass
Llama_3_8B&SVD_SWOW,body_object_miklashevsky,1046,1,0.6691845123404423,pass
Llama_3_8B&SVD_SWOW,body_object_miklashevsky,1046,2,0.6649672129482025,pass
Llama_3_8B&SVD_SWOW,body_object_miklashevsky,1046,3,0.6405203188300772,pass
Llama_3_8B&SVD_SWOW,body_object_miklashevsky,1046,4,0.677233508700007,pass
Llama_3_8B&SVD_SWOW,body_object_miklashevsky,1046,5,0.6754051283819846,pass
Llama_3_8B&SVD_SWOW,aoa_schock,1888,1,0.6375347559107999,pass
Llama_3_8B&SVD_SWOW,aoa_schock,1888,2,0.6595502866674411,pass
Llama_3_8B&SVD_SWOW,aoa_schock,1888,3,0.6705284882517715,pass
Llama_3_8B&SVD_SWOW,aoa_schock,1888,4,0.6370267667119138,pass
Llama_3_8B&SVD_SWOW,aoa_schock,1888,5,0.7120560227263999,pass
Llama_3_8B&SVD_SWOW,aoa_rt_schock,1888,1,0.011347032086390763,pass
Llama_3_8B&SVD_SWOW,aoa_rt_schock,1888,2,0.006969140608149238,pass
Llama_3_8B&SVD_SWOW,aoa_rt_schock,1888,3,0.019732203514741586,pass
Llama_3_8B&SVD_SWOW,aoa_rt_schock,1888,4,0.013181817604762891,pass
Llama_3_8B&SVD_SWOW,aoa_rt_schock,1888,5,0.013186675581620455,pass
Llama_3_8B&SVD_SWOW,aoa_davies,588,1,0.4222944787598397,pass
Llama_3_8B&SVD_SWOW,aoa_davies,588,2,0.5982447835518778,pass
Llama_3_8B&SVD_SWOW,aoa_davies,588,3,0.5990561247396201,pass
Llama_3_8B&SVD_SWOW,aoa_davies,588,4,0.49487081358028817,pass
Llama_3_8B&SVD_SWOW,aoa_davies,588,5,0.5935851551253261,pass
Llama_3_8B&SVD_SWOW,imageability_davies,588,1,0.5274524668473547,pass
Llama_3_8B&SVD_SWOW,imageability_davies,588,2,0.5936917280555989,pass
Llama_3_8B&SVD_SWOW,imageability_davies,588,3,0.5631774284210107,pass
Llama_3_8B&SVD_SWOW,imageability_davies,588,4,0.5049227783343029,pass
Llama_3_8B&SVD_SWOW,imageability_davies,588,5,0.6185441807909577,pass
Llama_3_8B&SVD_SWOW,this_that_rocca,342,1,0.5397950555420352,pass
Llama_3_8B&SVD_SWOW,this_that_rocca,342,2,0.6135248941504472,pass
Llama_3_8B&SVD_SWOW,this_that_rocca,342,3,0.6380548272959088,pass
Llama_3_8B&SVD_SWOW,this_that_rocca,342,4,0.46136763988127427,pass
Llama_3_8B&SVD_SWOW,this_that_rocca,342,5,0.46853789476356755,pass
Llama_3_8B&SVD_SWOW,iconicity_winter2017,1757,1,0.3589483711318159,pass
Llama_3_8B&SVD_SWOW,iconicity_winter2017,1757,2,0.2921819525689964,pass
Llama_3_8B&SVD_SWOW,iconicity_winter2017,1757,3,0.33852125312081627,pass
Llama_3_8B&SVD_SWOW,iconicity_winter2017,1757,4,0.3992105740336891,pass
Llama_3_8B&SVD_SWOW,iconicity_winter2017,1757,5,0.36538977476942314,pass
Llama_3_8B&SVD_SWOW,living_vanarsdall,904,1,0.8424586900819823,pass
Llama_3_8B&SVD_SWOW,living_vanarsdall,904,2,0.8105064773204441,pass
Llama_3_8B&SVD_SWOW,living_vanarsdall,904,3,0.8190913119232813,pass
Llama_3_8B&SVD_SWOW,living_vanarsdall,904,4,0.845996195615462,pass
Llama_3_8B&SVD_SWOW,living_vanarsdall,904,5,0.8376030594519235,pass
Llama_3_8B&SVD_SWOW,thought_vanarsdall,904,1,0.860957799814857,pass
Llama_3_8B&SVD_SWOW,thought_vanarsdall,904,2,0.8704242417437116,pass
Llama_3_8B&SVD_SWOW,thought_vanarsdall,904,3,0.8489957109977722,pass
Llama_3_8B&SVD_SWOW,thought_vanarsdall,904,4,0.8866841273684791,pass
Llama_3_8B&SVD_SWOW,thought_vanarsdall,904,5,0.8421680504758714,pass
Llama_3_8B&SVD_SWOW,reproduction_vanarsdall,904,1,0.7815498937669199,pass
Llama_3_8B&SVD_SWOW,reproduction_vanarsdall,904,2,0.7994560431509823,pass
Llama_3_8B&SVD_SWOW,reproduction_vanarsdall,904,3,0.816652772346047,pass
Llama_3_8B&SVD_SWOW,reproduction_vanarsdall,904,4,0.8333549968413192,pass
Llama_3_8B&SVD_SWOW,reproduction_vanarsdall,904,5,0.8100253722013107,pass
Llama_3_8B&SVD_SWOW,person_vanarsdall,904,1,0.8683361222527446,pass
Llama_3_8B&SVD_SWOW,person_vanarsdall,904,2,0.8533176821278847,pass
Llama_3_8B&SVD_SWOW,person_vanarsdall,904,3,0.8472174975296548,pass
Llama_3_8B&SVD_SWOW,person_vanarsdall,904,4,0.8847695330785835,pass
Llama_3_8B&SVD_SWOW,person_vanarsdall,904,5,0.8397368211550447,pass
Llama_3_8B&SVD_SWOW,goals_vanarsdall,904,1,0.8641211304723144,pass
Llama_3_8B&SVD_SWOW,goals_vanarsdall,904,2,0.8447358124765435,pass
Llama_3_8B&SVD_SWOW,goals_vanarsdall,904,3,0.8276150074448838,pass
Llama_3_8B&SVD_SWOW,goals_vanarsdall,904,4,0.8767247782305019,pass
Llama_3_8B&SVD_SWOW,goals_vanarsdall,904,5,0.8120856556294007,pass
Llama_3_8B&SVD_SWOW,movement_vanarsdall,904,1,0.7760674463570636,pass
Llama_3_8B&SVD_SWOW,movement_vanarsdall,904,2,0.7458747356989848,pass
Llama_3_8B&SVD_SWOW,movement_vanarsdall,904,3,0.7868922747679774,pass
Llama_3_8B&SVD_SWOW,movement_vanarsdall,904,4,0.7783933429598902,pass
Llama_3_8B&SVD_SWOW,movement_vanarsdall,904,5,0.7363161704680794,pass
Llama_3_8B&SVD_SWOW,concreteness_vanarsdall,904,1,0.3922336789645591,pass
Llama_3_8B&SVD_SWOW,concreteness_vanarsdall,904,2,0.5979566849121318,pass
Llama_3_8B&SVD_SWOW,concreteness_vanarsdall,904,3,0.4785729441596597,pass
Llama_3_8B&SVD_SWOW,concreteness_vanarsdall,904,4,0.46454758451246925,pass
Llama_3_8B&SVD_SWOW,concreteness_vanarsdall,904,5,0.5082847241357056,pass
Llama_3_8B&SVD_SWOW,familiarity_vanarsdall,904,1,0.2373071861274786,pass
Llama_3_8B&SVD_SWOW,familiarity_vanarsdall,904,2,0.27500325932864933,pass
Llama_3_8B&SVD_SWOW,familiarity_vanarsdall,904,3,0.23264615188873128,pass
Llama_3_8B&SVD_SWOW,familiarity_vanarsdall,904,4,0.2663943564206279,pass
Llama_3_8B&SVD_SWOW,familiarity_vanarsdall,904,5,0.2667447998837401,pass
Llama_3_8B&SVD_SWOW,imageability_vanarsdall,904,1,0.31493652167834874,pass
Llama_3_8B&SVD_SWOW,imageability_vanarsdall,904,2,0.41830464253652533,pass
Llama_3_8B&SVD_SWOW,imageability_vanarsdall,904,3,0.36961240656870464,pass
Llama_3_8B&SVD_SWOW,imageability_vanarsdall,904,4,0.3183627875730769,pass
Llama_3_8B&SVD_SWOW,imageability_vanarsdall,904,5,0.278865159932392,pass
Llama_3_8B&SVD_SWOW,familiarity_fear,466,1,0.4082990975984865,pass
Llama_3_8B&SVD_SWOW,familiarity_fear,466,2,0.5279626737191667,pass
Llama_3_8B&SVD_SWOW,familiarity_fear,466,3,0.5392307197690538,pass
Llama_3_8B&SVD_SWOW,familiarity_fear,466,4,0.5629990145901265,pass
Llama_3_8B&SVD_SWOW,familiarity_fear,466,5,0.535065204560883,pass
Llama_3_8B&SVD_SWOW,aoa_fear,466,1,0.5678352603797103,pass
Llama_3_8B&SVD_SWOW,aoa_fear,466,2,0.649509268846248,pass
Llama_3_8B&SVD_SWOW,aoa_fear,466,3,0.5661256570503321,pass
Llama_3_8B&SVD_SWOW,aoa_fear,466,4,0.5979061525176317,pass
Llama_3_8B&SVD_SWOW,aoa_fear,466,5,0.6418157712052773,pass
Llama_3_8B&SVD_SWOW,imageability_fear,466,1,0.6846647586105701,pass
Llama_3_8B&SVD_SWOW,imageability_fear,466,2,0.7934577967127202,pass
Llama_3_8B&SVD_SWOW,imageability_fear,466,3,0.7096736004147253,pass
Llama_3_8B&SVD_SWOW,imageability_fear,466,4,0.6329049283667502,pass
Llama_3_8B&SVD_SWOW,imageability_fear,466,5,0.6980790464991846,pass
Llama_3_8B&SVD_SWOW,sensory_experience_juhasz2013,3683,1,0.4971559398843026,pass
Llama_3_8B&SVD_SWOW,sensory_experience_juhasz2013,3683,2,0.44262548909405075,pass
Llama_3_8B&SVD_SWOW,sensory_experience_juhasz2013,3683,3,0.4977843683953447,pass
Llama_3_8B&SVD_SWOW,sensory_experience_juhasz2013,3683,4,0.4315624384345258,pass
Llama_3_8B&SVD_SWOW,sensory_experience_juhasz2013,3683,5,0.5124646734121115,pass
